episode,episode_reward,episode_steps,success,collision,min_obstacle_distance,final_distance,q1_loss,q2_loss,policy_loss,alpha_loss,alpha,mean_log_prob,total_steps
0,-3755.2856546994403,600,0,0,1.946936422877474,11.498471637532017,6.482434770335322,7.093034787800001,2.442475822859484,-0.28803087604313116,0.9498569129169852,-2.5828547512275586,600
1,-4562.476474014665,600,0,0,1.5364314227513303,11.671132899130544,5.022728355328242,5.2376848083734515,11.497228735287985,-1.065032184123993,0.8253481965263685,-2.5290699847539266,1200
2,-9373.483816115753,600,0,0,5.0,13.856406460551018,8.494699115753173,9.945143984158834,27.79551718711853,-1.9544275025526683,0.6914937711755434,-2.297719802856445,1800
3,-7421.278721735449,600,0,0,1.5665414616224114,3.4617579692643123,8.873242121537526,10.517835994561514,46.846271947224935,-2.5349226907889046,0.5842391987641652,-1.719932535290718,2400
4,-8736.344287938411,600,0,0,1.3665671721094825,8.00703986841728,9.700984575748443,11.54137744108836,53.09370780944824,-2.669235983292262,0.5003216376403967,-0.8630540638168653,3000
5,-9888.002874511403,600,0,0,0.11508311858048348,3.4641016151377544,11.928640497525533,13.454152647654215,64.48680535634358,-2.8755262887477873,0.433139201849699,-0.4375645883738374,3600
6,-10328.160040492232,600,0,0,1.0556347268150896,3.290095931186796,11.178485403855642,12.770206618309022,81.75982000986735,-3.095949181318283,0.3738957058886687,-0.14930937836101899,4200
7,-10579.780515075618,600,0,0,1.2906565134373817,8.48528137423857,10.35454629500707,13.494529980818431,96.36953206380208,-3.158421887556712,0.3229777916272481,0.20347309787447254,4800
8,-7347.037518757999,600,0,0,0.6351532212041587,4.015976073364434,11.03713739792506,11.699854255517323,108.89379913330077,-3.3470297783613203,0.2789443922042847,0.37970009487122297,5400
9,-10503.289431650119,600,0,0,0.5244044591164824,3.4641016151377544,12.404865633646647,11.275083159605662,133.30246943155925,-3.4899416184425354,0.23966853486994902,0.5575684400678923,6000
10,-10822.736139060791,600,0,0,0.2008799709261646,3.4641016151377544,14.213328431447348,11.733527574539185,167.6359768676758,-3.5902909592787426,0.20563733898103237,0.7306469134800136,6600
11,-291.3434648301595,33,0,1,-0.038134890468675464,10.037642450270058,13.024622657082297,9.563362699566465,187.86161989154238,-3.7174756743691186,0.1893191748496258,0.7660760789206533,6633
12,-10524.22785574532,600,0,0,1.419505380159885,3.4641016151377544,31.59642301718394,25.419636069138846,203.42327448527018,-3.4607506453990937,0.17537180215120315,1.012118299951156,7233
13,-211.9047124470586,54,0,1,-0.017063855470916156,7.77410148433051,29.577595251577872,23.70583899815877,222.66309271918402,-3.6837343286584923,0.16159582993498556,0.9786556027829647,7287
14,-10578.667124694683,600,0,0,1.0153224139277357,3.4641016151377544,39.706239580313365,29.643527522881826,240.01243016560872,-3.181158767392238,0.1501795562605063,1.3236696154003342,7887
15,-10638.332461944892,600,0,0,0.6499042877490371,3.4641016151377544,31.764886372884114,22.195247346560162,275.4226091512044,-3.583204551432282,0.1294275565072894,1.2475313770150145,8487
16,-10638.99014145734,600,0,0,0.3991626821943597,3.4641016151377544,25.774158120950062,17.686249438126882,311.4232862345378,-3.53627819865942,0.11096702268968026,1.39161517004172,9087
17,-10825.989341187595,600,0,0,0.19901493643316504,3.4641016151377544,21.5220188721021,13.355202609300614,346.73758733113607,-3.4385049742956957,0.09538905218243598,1.5366743941108385,9687
18,-10641.544542202904,600,0,0,0.9460022746311973,3.4641016151377544,18.557601572672525,13.15757587591807,384.39640396118165,-3.67673475364844,0.0817233011002342,1.5325137203435104,10287
19,-8660.815290181969,600,0,0,1.5590185606626186,3.4641016151377544,15.671743199825286,13.597448027133941,419.9633186340332,-3.1819910900791486,0.06988651995857556,1.801560071706772,10887
20,-9959.75004023287,600,0,0,1.9086775609973317,3.4641016151377544,14.68831665356954,12.290390717188517,454.5796426900228,-2.4599165251106023,0.06192553626994292,2.116665176153183,11487
21,-10248.553548428197,600,0,0,0.8284211476318987,3.4641016151377544,13.259965775807698,11.338891433874766,487.79450291951497,-1.8047491957247257,0.054299095862855515,2.3757895097136497,12087
22,-211.16105815161168,67,0,1,-0.06257257614956813,8.143998736590818,11.949175464573191,10.333190284558196,503.28650175635494,1.1664965920039077,0.05303966059391178,3.3971867739264643,12154
23,-9353.967687990738,600,0,0,0.8347391678783497,3.3584705035057807,14.222693939208984,11.843076747655868,522.0687050882975,0.1096283266072472,0.05342885925124089,3.0373068904876708,12754
24,-8451.549091307288,600,0,0,0.5858372492905634,3.4641016151377544,13.05284800807635,12.31330474058787,550.455826365153,2.6645064267143606,0.059103686468054854,3.9401911822954814,13354
25,-3305.1120047503923,600,0,0,1.2697073696498251,4.68964249142113,12.283402601877848,11.51847429394722,576.3161151123047,2.73496685196956,0.07083173067619403,4.033460652430852,13954
26,-2440.1147051325643,600,0,0,2.4755616345973186,9.267594890132576,12.446207814216613,10.756806591351827,592.4451365661621,1.7471686521793406,0.08370378057161967,3.7022069219748177,14554
27,-3014.808214699782,600,0,0,1.6837151266391706,11.783962713636525,12.029054695765177,11.425435628493627,597.7620710245768,0.6510853166878223,0.09191718173523744,3.272029097477595,15154
28,-2512.6873696426255,600,0,0,0.45408618527385525,11.227617584116118,12.900066279570261,13.21018746137619,598.1517587280273,-0.28768495238075653,0.09355953320860863,2.8789152163267135,15754
29,-4265.63902908761,600,0,0,2.919118000027165,11.608976015283302,15.05723047176997,15.041425506273905,593.2892616780599,-0.4830405628619095,0.08853716429322958,2.8006813301642737,16354
30,-3294.873326757284,600,0,0,2.2214166363941015,10.584492711419056,14.478669155438741,17.04378264586131,589.8870146687825,-0.047527030644317465,0.08478328552097082,2.980559380054474,16954
31,-370.04816746525444,47,0,1,-0.0007605596480425025,10.63856287054737,14.934942915084514,17.240066041337684,590.6663259952626,-0.08950377834287096,0.08511055641351863,2.963636413533637,17001
32,-3949.003754674275,600,0,0,1.7128487134827999,11.22199158537361,16.209640196959178,19.36142963250478,587.8908260599773,0.40669821815254786,0.0877141701678435,3.1669636770089467,17601
33,-2878.938873849881,600,0,0,0.7169596075659012,10.172506855406732,15.179291211764017,17.380644448598225,585.98042872111,0.3456861669352899,0.09245628029108048,3.1454584987958274,18201
34,-4278.68656219325,600,0,0,0.3379708058099202,11.553392664669614,15.51687102953593,16.596970140139263,581.1047869364421,0.5515252531816562,0.10127311922609807,3.239931245247523,18801
35,-1692.4303853525723,600,0,0,0.7226345824445595,10.834091870392681,17.23860936721166,17.01314312616984,578.3087346394857,0.6794677097257227,0.11231551257272561,3.310574008623759,19401
36,-1615.8964355845826,600,0,0,2.239690848846802,11.22231558722449,16.78581873734792,16.281793914635976,575.099786936442,0.43500291391586265,0.12482155704249938,3.208579579194387,20001
37,-1958.7239201606567,600,0,0,0.5644987645469572,11.373074260869043,17.915398805936178,16.756537801424663,573.2368351745605,0.370128428650399,0.1347629131625096,3.1844580666224163,20601
38,-1039.8527320470532,600,0,0,2.3546097283583642,10.661378445461256,18.824856740633646,17.785377193291982,566.4425661722819,0.14428306623051565,0.1423418917506933,3.073881468375524,21201
39,-293.8090719685487,118,0,1,-0.013950078407178879,9.438782232985147,18.852251101348358,17.493360737622794,565.565801846779,0.09348506265777652,0.14494278029365054,3.048292252977016,21319
40,-1092.187812914856,600,0,0,2.114497312483938,10.332632468119112,19.191583229700726,17.596410334904988,561.620045928955,0.10508980403654278,0.14697684603432815,3.054751331806183,21919
41,-2591.8225648987723,600,0,0,1.0695026267247028,11.095007955030075,19.376635556221007,17.778883334795633,555.7353312683106,0.011733882849415143,0.14949041560292245,3.0060739382108053,22519
42,-440.4282420841317,600,0,0,2.398018150757158,11.085050934842467,19.288053274154663,17.873992643356324,550.6166244506836,-0.07958147821327051,0.14796353717645008,2.958243507146835,23119
43,-1945.6582211856874,600,0,0,3.515163001470949,11.198958804540933,18.845539471308392,17.196947780450184,546.6369125874837,0.033005735048403345,0.14595753498375416,3.0170433282852174,23719
44,-3617.6174854908977,600,0,0,0.33973145073566513,10.876387382594235,20.798915395736696,19.402293937206267,538.3762334696452,-0.042292007381717366,0.14713886251052222,2.977823681433996,24319
45,29.450111766423394,600,0,0,3.2594587389525254,10.155021221589267,20.376780263582866,19.221582436561583,534.1251512145996,-0.18563304680710038,0.1430293956398964,2.9043992912769316,24919
46,30.20015628987577,600,0,0,3.823619284763137,10.1500324840295,20.86291367371877,20.658119407494862,526.087388305664,-0.29728763465459146,0.1354573221753041,2.8512126092116037,25519
47,38.48482525471064,600,0,0,3.6369466403379196,9.483736682205427,20.709418557484945,20.35400978088379,520.2058180236817,-0.13649469830406208,0.12781183175742628,2.9332778332630793,26119
48,39.64345501921646,600,0,0,3.514175687454127,9.380062153464628,18.807432966232298,18.98747629960378,508.8507231648763,-0.009862457724908987,0.12589030280709268,2.9951181681950887,26719
49,39.83821825355015,600,0,0,1.6959203825582287,9.411854719131094,20.446233639717104,20.643957386016847,503.78441955566404,0.037521743606776,0.1278515938669443,3.018051344950994,27319
50,-337.91792067779875,600,0,0,0.20311889278355832,9.871022865732064,21.90813002983729,21.2484268728892,492.41452840169273,-0.13613807259127497,0.12603288610776264,2.934197728037834,27919
51,40.420730659114234,600,0,0,2.162491729211114,9.402897640793796,21.272982652982076,20.912751302719116,485.3236344401042,0.07693705563433469,0.12423324740181367,3.036832335392634,28519
52,39.30125194079137,600,0,0,1.2650984364144198,9.412619806379467,21.105961936314902,21.325998770395916,476.45307200113933,-0.19902084064669906,0.12417720574885607,2.904841665824254,29119
53,49.749848881118936,600,0,0,2.6452799917406518,8.819850495831767,21.96651690721512,21.501228459676106,468.4522469075521,0.01647111641553541,0.11908987195541461,3.007661750713984,29719
54,49.96139695270051,600,0,0,1.1158205094599665,8.753826173363079,21.659971550305684,21.309132871627806,456.5358620707194,0.07805416481258969,0.12162232289711634,3.0370483883221944,30319
55,46.966309157387954,600,0,0,0.8042558728390612,8.981132559982152,21.24863178173701,20.020463061332702,451.3526412963867,0.009044351559132337,0.12372377490003904,3.0042192846536637,30919
56,44.30021035773814,600,0,0,1.4174260888072434,9.153496861179033,22.060800908406577,20.70309604803721,439.21739547729493,-0.007662349299838145,0.12339796024064223,2.996255050500234,31519
57,45.15821072719966,600,0,0,0.626867101252943,9.001416863388888,22.53090854962667,21.563396095434825,431.38556584676104,-0.04905274037582179,0.12293041889866194,2.976562033692996,32119
58,-1621.796660920625,600,0,0,0.1262565947957442,8.944241774127745,23.122584506670634,21.501027301947275,420.3031820678711,-0.12678414671992264,0.11976299119492372,2.9401805357138318,32719
59,54.00243365750036,600,0,0,2.22382338575089,8.529458870444092,23.746968415578205,21.99672494093577,410.4863562520345,-0.14252574482001365,0.11464652980367343,2.9338343568642933,33319
60,-63.4877149854027,600,0,0,0.36055636600023067,8.278346537313661,25.365094742774964,23.071826332410176,404.48006357828774,0.00042514304630458355,0.11419345811009407,3.000125652750333,33919
61,45.78779794293036,600,0,0,3.237005556653056,9.02229106241634,27.41992777824402,25.372136278152468,396.05282964070636,-0.08040369210764765,0.11193096540868282,2.963177994887034,34519
62,34.514055266128004,600,0,0,0.5059441505331002,8.93795373367309,27.25044993877411,25.43729727109273,389.47251810709633,-0.12393914387871821,0.10874240268021822,2.944004888534546,35119
63,47.691347337634134,600,0,0,0.7719928086507708,8.929048860956259,27.425867768923442,25.180300927162172,381.7112225341797,-0.22812800211831927,0.10378885968277851,2.8991613868872324,35719
64,33.22378782452735,600,0,0,0.5609327117748738,8.083204986763212,28.231051615079245,26.098241106669107,374.19065144856773,-0.007302743510032694,0.10137482980887096,2.9967292392253877,36319
65,49.09344222622783,600,0,0,1.3690920486397822,8.802368832943825,27.349724817276,25.786295003096264,367.47710057576495,-0.09126059000069896,0.0983076730867227,2.960406094789505,36919
66,-229.954250378087,303,0,1,-0.01872070345860527,8.510462894874502,27.61945105071115,25.920390245544635,363.1963349899443,0.05217838128137313,0.09850693656371372,3.0224594833827254,37222
67,45.83986129534276,600,0,0,0.8629378950261164,9.074877463894353,29.26748892148336,27.664299159844717,358.72804066975914,-0.13067178053160508,0.09749688180784384,2.943914847771327,37822
68,44.41442384063295,600,0,0,1.262288594530191,9.089178634033534,28.131719953219097,26.810606823762257,351.39321146647137,-0.10147290990998348,0.09320937832196553,2.957009801864624,38422
69,41.514990074900716,600,0,0,2.9921312424849162,9.34693609328589,28.060868535836537,27.041052509148916,346.25615732828777,-0.17369425320997833,0.0902816376214226,2.9275368328889213,39022
70,45.95504757617401,600,0,0,1.485196533150794,8.964522465292765,28.895939869880678,27.449003999233245,338.941503499349,0.0020839124855895836,0.08923537990699212,3.000812337398529,39622
71,48.59038164517372,600,0,0,2.6497387575701454,8.840825770934682,27.715729166666666,26.610790487130483,333.77959299723307,-0.015644428301602602,0.08768148685495059,2.9934308063983917,40222
72,-48.142423969405,600,0,0,0.4238373899311395,8.971733762833962,29.78478385368983,27.262434185345967,325.242146097819,0.03947911271204551,0.08835597688953081,3.0162049702803295,40822
73,39.3189046935373,600,0,0,2.3334333618176517,9.493266016004863,28.22826429526011,25.78619162082672,321.0361695098877,-0.021627938188612462,0.08880791414529085,2.9910017271836598,41422
74,44.50391980565304,600,0,0,1.1544066146121716,9.11028804638893,29.074932080109914,27.213909633159638,314.38171096801756,-0.09819425463055571,0.08831621951113144,2.9596059010426203,42022
75,42.74496640239633,600,0,0,2.738560958254096,9.210348981803078,27.43056257565816,26.33063316980998,307.85706077575685,-0.09813839096575976,0.08506554126739502,2.960017337401708,42622
76,-3113.0536728391576,600,0,0,0.02868162245318917,7.51004965111805,30.561741694609324,29.158873270352682,306.0567047627767,-0.07249289646744728,0.08343314008166393,2.9706700285275778,43222
77,41.04456267094596,600,0,0,0.923890617603773,9.426001112279137,35.759083183606464,33.05472225666046,300.4390829467773,-0.08020729274488986,0.08167716436088085,2.967834402322769,43822
78,-558.6074807759629,600,0,0,0.1416341765993041,8.799353607187925,33.391330626805626,32.01687554915746,296.652187093099,-0.10903595448782047,0.0805916221315662,2.956661898692449,44422
79,-282.4947223857076,600,0,0,0.06938821478467361,9.254542035531044,39.322011133829754,37.60558795293172,294.06943600972494,-0.2983267972866694,0.07664508953690528,2.883719647526741,45022
80,40.34597906349997,600,0,0,0.5577088484550607,9.195516677564363,40.15801166534424,38.52856148322423,289.55009353637695,-0.1405976507999003,0.07340977823982636,2.946136626601219,45622
81,45.75149555477594,600,0,0,2.5611501344161143,9.017781430262293,41.60573350906372,40.020929319063825,287.3645657602946,-0.26306430392588176,0.0695538301517566,2.9008266576131185,46222
82,55.580816711438814,600,0,0,1.025690849643131,8.432805993504214,42.74795334815979,40.80189417997996,280.28038902282714,-0.24071211297685902,0.0665465792392691,2.910867606004079,46822
83,51.12198696271173,600,0,0,1.9237853003429652,8.691266042468042,42.040727186203,40.57636016448339,275.98586776733396,-0.16552155053863923,0.06389133588721355,2.9394074408213298,47422
84,45.53779266377011,600,0,0,0.9452879683898784,9.10858868466644,41.989864497184755,40.41646438916524,272.4203721364339,-0.058478449042886495,0.06356352228671312,2.978734047015508,48022
85,-349.16607926218836,600,0,0,0.12283293994529676,9.069771934750156,45.599230580329895,42.880163372357686,270.3958716583252,-0.050355765819549564,0.0628357356414199,2.981702803572019,48622
86,40.80354970653214,600,0,0,2.9163542377992053,9.31965785567467,44.20596566518148,43.66760563055674,262.8810284932454,-0.11703601978719234,0.061948854165772595,2.95784800251325,49222
87,49.75483644654006,600,0,0,1.0761601219931367,8.764662003920014,46.975050264199574,44.340522085825604,263.25364031473794,-0.32955478205656014,0.05927401006842653,2.883257349332174,49822
88,43.05649684745709,600,0,0,0.7220321459831791,9.172943353476036,41.98326764583587,40.58279964605967,258.678773244222,-0.2885745944082737,0.056422327191879354,2.89952488442262,50422
89,-774.1179544285364,600,0,0,2.767990065849761,8.127782627700205,47.16367123524348,45.32104917685191,255.05767105102538,-0.09364806802012027,0.05470710727075736,2.967647137840589,51022
90,73.76990823444275,600,0,0,1.9342385888860913,7.217445628165265,42.98967575232188,41.70594720522563,249.24371892293294,-0.10030563250184059,0.05377593394368887,2.9656274537245433,51622
91,-283.2087896693347,98,0,1,-0.011303966243778718,8.718882198089197,50.450809624730326,48.0445917479846,245.22795790068957,-0.08590402568177301,0.053152410503552884,2.970692413193839,51720
92,42.559686131651645,600,0,0,1.685917995322379,9.280235216145996,48.163397425015766,47.04581830024719,245.86081415812174,0.1365514778656264,0.05433759084592263,3.046554118792216,52320
93,76.36319741000264,600,0,0,1.909870947552551,6.966279228915474,44.66111260732015,44.121212224165596,244.85040102640787,0.10544974607415497,0.0552762348515292,3.0362059462070463,52920
94,42.67435075071202,600,0,0,0.6522196012604435,9.287701361699108,43.41019518693288,42.14562649329503,241.3731880950928,0.10534649292007088,0.055859215874224905,3.036353778441747,53520
95,16.35904314036906,600,0,0,1.2155458447759782,9.431965537487148,42.44073864221573,43.612655930519104,238.5931379699707,0.1711482251745959,0.05816489927470684,3.059389077226321,54120
96,36.80628620248768,600,0,0,1.9109005054812787,9.684260607203322,43.322994888623555,43.06131201505661,235.2381844329834,-0.0017292094479004541,0.05802267052233219,2.9992861807346345,54720
97,53.48219470938798,600,0,0,0.8198599276848559,8.622043166677523,43.4385670042038,42.76050281047821,232.52938621520997,-0.13503935639436046,0.057103797122836114,2.9525754461685816,55320
98,-874.059198472522,600,0,0,0.362890812125918,8.737522137081797,42.2045937538147,41.96155991792679,229.29511591593425,-0.2640653592099746,0.055408087664594256,2.90843917687734,55920
99,5.377040520486126,600,0,0,0.5798246739374426,9.139199911202033,43.26568515777588,43.38161258618037,229.51313125610352,0.31757676643008986,0.05606880102927486,3.1099922347068785,56520
100,56.855323764675056,600,0,0,1.0841943941630514,8.278489031162264,41.183526981671655,40.68591390212377,226.30796574910482,0.06196901792660356,0.057543712202459574,3.021549857854843,57120
101,59.85785410131872,600,0,0,1.9487485752688565,8.143912954923879,38.05550091346105,37.596537750562035,223.63911422729493,-0.1519442671723664,0.05722837283586462,2.9467274771134058,57720
102,46.60193856387961,600,0,0,1.108862357895656,8.965890356610789,42.49249484539032,41.24272435267766,221.20378712972004,0.21645962021003168,0.05740206747626265,3.0756684116522472,58320
103,-515.0200989233985,244,0,1,-0.023369264018376468,8.709267799138331,41.968737559240374,39.74671263968358,219.3524362532819,-0.08770451221431864,0.05833356932843806,2.9690314785378877,58564
104,-299.7942210619894,600,0,0,0.04425620849533529,7.604705665453806,46.51094335873922,42.138068337440494,217.28898005167642,-0.09228490526477495,0.057697846548010905,2.967495345870654,59164
105,53.82765246273438,600,0,0,2.286524035768556,8.521196247511638,45.59819538116455,43.00589794874191,217.18415789286294,-0.28099753564223645,0.05653795313710968,2.9022454343239468,59764
106,-183.67101547181738,600,0,0,0.2012157323666952,7.907366439085816,45.68780355612437,41.40488569100698,211.87539927164713,0.15324156098688643,0.05569469061369697,3.052933163642883,60364
107,35.428764885489926,600,0,0,2.8780233382645224,9.699022485117599,39.988893955548605,38.13117701689402,210.04347877502443,0.45100574103494484,0.05834235494956374,3.1586189381281535,60964
108,-71.631082373633,600,0,0,0.21900526316166924,9.127064277554034,43.90145258267721,39.96348498662313,206.58057698567708,0.25369468885784346,0.06216484131291509,3.0910029780864714,61564
109,-267.0245926986178,600,0,0,0.16036905145437175,8.480246249435263,40.8986462132136,39.176195388635,203.88785158793132,0.07935910767565171,0.06312651824206114,3.0286621920267742,62164
110,-283.83269760856507,600,0,0,0.3107347036021244,9.487846477102392,40.88284734725952,40.18190833727519,203.0967763010661,0.12995446799012522,0.06522669979681571,3.0472746437788008,62764
111,-282.39385658409486,600,0,0,1.2542344292941425,8.92145286865747,40.933908211390175,40.08615348339081,199.5549077097575,0.022205942167590063,0.06533807076513767,3.0080174805720645,63364
112,26.545831653176904,600,0,0,0.5958545525014307,9.647566649853461,42.27819600264231,41.134906554222106,196.02306734720867,-0.17129210129069786,0.06506494779139757,2.9372603531678516,63964
113,-5.025749385592924,600,0,0,0.4523578413970838,8.21298117669295,41.323859768708544,41.96218050638834,194.56770627339682,-0.3472671194653958,0.062399805256476,2.874961686929067,64564
114,47.20806057028647,600,0,0,0.708931047561701,8.967203804824642,40.855000820159916,38.69941087881724,192.98714953104655,-0.25469626795500516,0.05850175102551778,2.9098659229278563,65164
115,45.579550021509064,600,0,0,2.3108343514630247,8.999184558053999,39.35788585821788,39.47488974094391,188.4601323191325,-0.020098713853706915,0.05765147545064489,2.9928598749637603,65764
116,74.2853111760262,600,0,0,1.0481002773711774,7.1221114347271754,42.20406268119812,41.46436736345291,188.29167249043783,0.17909258387361965,0.0569263212569058,3.062439242998759,66364
117,43.59268047742584,600,0,0,1.2455038112951937,9.214934784432494,37.73951324303945,37.03248023509979,186.27920012156167,-0.5957564710453153,0.05658306701729695,2.792410452564557,66964
118,43.90268583948084,600,0,0,3.3312491856353463,9.155929252387924,36.426336698532104,36.24143605391185,184.01256708780923,-0.4269846859822671,0.05359007965773344,2.8545275890827178,67564
119,8.577408520339013,600,0,0,1.5834000592536825,9.071544600057798,35.13400281826655,33.71752109686533,183.213224029541,-0.2271960140019655,0.05069069943701227,2.9237294761339823,68164
120,-76.60375382220724,600,0,0,2.6936207257396423,9.47592384304844,37.014764858881634,35.86855860710144,178.31259508768719,-0.07734282936279972,0.04970471387729049,2.974206055402756,68764
121,-2.5540494192117507,600,0,0,0.5061795009160854,9.4068172102554,32.910750924746196,31.95583006540934,177.9784203592936,-0.13234363555908202,0.04843286067868272,2.9560908611615497,69364
122,-66.60228241243642,600,0,0,0.43912191669369594,7.407233851759785,34.40996036291122,34.124656291007994,175.77926052093505,-0.3194892840087414,0.046692279397199554,2.8953527355194093,69964
123,39.66418173447101,600,0,0,1.6193646608442793,9.209767576141552,31.49714249451955,30.9456511982282,175.70821257273357,-0.01881171832171579,0.04489488782982032,2.9937756754954656,70564
124,90.2378503784277,600,0,0,0.8110968901634246,6.062609357528698,33.05847964684168,32.18358379681905,172.70875354766846,0.10934411018465956,0.04594971779733896,3.035358124176661,71164
125,0.009305395648968151,600,0,0,1.1046658749274914,8.777318097292918,30.738569482167563,29.748789646625518,170.4398443476359,-0.0905786203717192,0.04578068120405078,2.970433427095413,71764
126,-900.9304446742855,600,0,0,2.1241872396415507,9.478731951787617,30.57658622821172,30.37992916584015,168.99496575673422,0.15553574940810602,0.046428147616485754,3.0505494797229766,72364
127,-1683.1368451819724,600,0,0,1.3683553933650092,9.32042243761357,30.939450743198396,29.457363776365916,167.98148362477622,-0.11252762792631983,0.04686221530660987,2.9631942411263785,72964
128,-31.214199182675507,600,0,0,1.1405791373068692,9.484075905452396,30.227132562001547,30.072507753372193,165.6603672663371,0.02688265036791563,0.045778104619433484,3.0086513886849087,73564
129,-1213.4152988420904,600,0,0,0.15198939355727814,11.123820332821905,30.993847703933717,30.62861570676168,165.4697341664632,-0.09147231015066305,0.04603631808732947,2.9701134632031123,74164
130,39.77925017616117,600,0,0,1.1702359122935113,9.470964027034128,29.67756134192149,29.298224824269614,165.28606722513834,-0.1366065874323249,0.045496999931832156,2.9557087630033494,74764
131,44.44620663952303,600,0,0,0.9801311183312744,9.072093739547885,29.52264559586843,28.43913728793462,163.41264712015789,-0.2766636845531563,0.043549891399840515,2.9111668054262796,75364
132,-98.88799990023892,600,0,0,0.9419360133216483,10.007009615291034,27.3809188469251,27.17608362197876,160.54321949005126,-0.0009153630957007408,0.043175938439865905,2.999647568265597,75964
133,12.253450326871262,600,0,0,0.46123153773630016,9.022145247820298,29.21869824250539,29.075117621421814,160.13767676035562,0.03417762458945314,0.04347824932386478,3.0107876495520274,76564
134,6.5637119891088345,600,0,0,1.115190160645365,10.17415590246014,29.312859784762065,29.368109918435415,159.24928886413574,0.22681993121902147,0.0438804205134511,3.072625435590744,77164
135,33.16451733849419,600,0,0,3.1052671073883156,9.82787975409833,27.48053151766459,27.899583365122478,158.3280366007487,-0.26913937070717414,0.04422362688928842,2.9136707576115928,77764
136,30.81188085142165,600,0,0,0.9353857272380699,10.096762347847553,25.736743636131287,25.199728473027548,156.86446065266927,-0.022175298395256202,0.04346063564841946,2.9928806857268015,78364
137,31.632216172194973,600,0,0,2.0303917868235937,9.819203948434495,28.38350832382838,27.484862949053447,155.03571628570558,-0.020332708942393463,0.04263419933617115,2.993392238418261,78964
138,26.08290573577314,600,0,0,1.1801701733965515,10.297385025033462,27.05450456937154,26.142514595190683,156.88000661214193,0.2543669270289441,0.043627306055277586,3.0811565550168356,79564
139,31.616204328960308,600,0,0,1.7822856121180592,9.925834806381436,24.89554518063863,23.561702477931977,154.9936038208008,-0.14570929632211724,0.04376185642555356,2.953246188958486,80164
140,56.967986125733184,600,0,0,0.7649133002465294,8.347283267165867,25.504488796393076,25.416452995936076,153.95321821848552,-0.2938753651455045,0.042837039716541764,2.9066573184728624,80764
141,34.26725309074183,600,0,0,2.3985819617130892,9.856367275163104,25.027736732165017,24.45360153198242,153.17533599853516,-0.08408794682472945,0.04181818579634031,2.973481424252192,81364
142,38.40478024288184,600,0,0,1.1613064881373814,9.569472322727103,24.290551953315735,23.401792816321056,153.0538538869222,0.062395205919941264,0.04218294373402993,3.019517276287079,81964
143,30.60169712058429,600,0,0,0.8132536886352719,10.05464022627492,23.575914719899494,22.650842706362408,151.74030885060628,-0.1091566283473124,0.04150827561194698,2.9656276420752206,82564
144,-344.4434980701823,600,0,0,0.15739208588611603,9.331090875512148,23.601191741625467,22.527281866073608,150.69692728678385,0.015687695524344843,0.04110549325123429,3.0048591621716816,83164
145,33.1376423339544,600,0,0,0.8341445937364906,9.879040743773677,24.58976549466451,23.940029792785644,148.52324975331624,-0.13910204146678248,0.04069336030011376,2.956436570684115,83764
146,31.074765196817882,600,0,0,2.0155346910107768,9.947525857312977,23.612491798400878,23.726710446675618,147.9829883066813,-0.3996100559271872,0.038926554216692846,2.876641876300176,84364
147,-15.47635959213801,600,0,0,0.2838313931758881,7.408680656734226,23.789322640101116,23.80259240627289,147.0250267155965,-0.21205758694559335,0.036844477721800405,2.9353470063209532,84964
148,39.375252536899524,600,0,0,0.5524768185388518,9.110718292644206,23.26565346479416,23.085712749958038,147.31351243336997,-0.08156110709533096,0.03708418260638913,2.975259059667587,85564
149,-49.97710278126263,600,0,0,0.3973816410607054,9.175231229042685,22.752098328272503,23.278145523071288,149.04445943196615,-0.18921506707866986,0.03563791087518136,2.9430141121149065,86164
150,35.78185686718604,600,0,0,1.2182768482643138,9.641920518148833,23.839683386484783,24.376722051302593,145.69880795796712,0.14461454349880418,0.035879934436331196,3.0433711115519206,86764
151,35.92709338864674,600,0,0,3.9302131028495104,9.667630488617755,22.23498814026515,22.956590774854025,146.22241174062094,-0.016206128522753716,0.03575932441900174,2.995024479627609,87364
152,-558.4606942778057,583,0,1,-0.0022909757067613445,9.378786149757692,23.175408856537494,23.984077951715904,143.89576213437533,-0.12394662890231835,0.03595302739591173,2.962718632781485,87947
153,42.354247346059545,600,0,0,2.1682889693016145,9.200148560638622,27.16181712071101,25.13415982802709,144.2975179163615,0.3285137966151039,0.035870038239906234,3.0989201899369556,88547
154,35.42270379618747,600,0,0,2.8559791069523355,9.768492878119947,28.415411655108134,26.71303184668223,142.49353398640952,0.19394556681315103,0.037809499247620504,3.0590747551123303,89147
155,35.38689845303947,600,0,0,0.9016752847548968,9.667601616989156,26.006749721368156,26.028388419151305,143.11273544311524,-0.020135496693352857,0.03834304021671414,2.9937206610043843,89747
156,57.84099666177153,600,0,0,1.1458722424388461,8.23380386852244,25.23719293912252,24.960527176856996,142.90334279378254,0.3103603748418391,0.039448777983585995,3.0955099181334176,90347
157,49.16431811559384,600,0,0,1.4580222990446041,8.823582342593554,26.59561405499776,26.572494365374247,139.8241120783488,-0.30603091869503257,0.03931338989486297,2.905589242974917,90947
158,39.3053835530182,600,0,0,1.271982180516075,9.475876794685703,24.28003133614858,24.343646459579467,138.71704657236734,0.019645408540964127,0.03792379112293323,3.0058975891272226,91547
159,38.307539222024914,600,0,0,1.0684776928476913,9.598274670559423,26.27999386548996,26.27914002021154,137.95907847086588,-0.13354332497964302,0.03762300696223974,2.959103351632754,92147
160,61.99037982755855,600,0,0,0.5602194439854681,7.601870894246,27.861170834700268,26.155662387212118,137.91540954589843,-0.052619615284105144,0.03783960778887073,2.983889390230179,92747
161,-77.42010601986536,600,0,0,0.23473322286637743,8.13551761850598,27.207545776367187,27.06381750981013,135.91680947621663,0.08612833701384565,0.037992967249204715,3.026145958105723,93347
162,42.7055962255455,600,0,0,3.0036571386898663,9.327086411274633,26.952172576586406,26.589919757843017,135.5962482325236,0.010439056276033322,0.03763095639646053,3.0031326645612717,93947
163,30.381302689352164,600,0,0,1.563884790663894,10.08219110810702,26.619116497039794,25.874992612202963,135.6548876953125,-0.19074987775335708,0.03723868057752649,2.941959335009257,94547
164,55.52156735788798,600,0,0,0.9386116973924035,8.457046389309996,27.408804409503936,25.766740508874257,132.52251022338868,0.020730085469161472,0.03672286995997032,3.006169604857763,95147
165,49.03664449967616,600,0,0,0.6371011490114805,8.818885397397214,25.903583843708038,25.380440278053285,131.6543043899536,0.11756374401661257,0.03631330911070108,3.0355336759487788,95747
166,31.138034791695745,600,0,0,0.6930247927151714,10.003905986811878,27.353598849773405,26.547705959479014,130.5616802851359,-0.0024252265815933546,0.03741945973907908,2.999144508043925,96347
167,36.80836980316535,600,0,0,1.146198062291281,9.602777754299101,27.908976366519926,27.97366699695587,131.00122530619302,-0.07106484067936739,0.037256155585249265,2.97834188580513,96947
168,42.41103399370451,600,0,0,2.4859544609740007,9.226662063995018,26.128693385918936,25.219567618370057,128.3189969507853,-0.009603689014911652,0.03677329069003463,2.9970248464743294,97547
169,47.96298969252203,600,0,0,3.4731769842243376,8.957083232397771,25.620722038745882,24.797567841211954,127.7921770731608,0.1568487111168603,0.0373524131377538,3.047639667590459,98147
170,39.71664787264035,600,0,0,1.7944602481509273,9.523964136669036,25.265083161989846,24.840151580174766,126.24716477711995,-0.5457242906590303,0.036381389008214075,2.835318960150083,98747
171,39.21225364848303,600,0,0,2.2098544725838423,9.443908570434077,25.008518153826397,25.008983376820883,124.36188738505045,0.2858659730727474,0.03579683322459459,3.0855371169249217,99347
172,43.21187520221497,600,0,0,1.2059280266591805,9.30435420594948,25.140512320200603,24.652966933250426,124.32100795745849,-0.10596492869158586,0.03596001162504157,2.9680326398213706,99947
173,35.3097663152708,600,0,0,2.0637858405509943,9.770683687779892,24.026788240273792,23.35543808221817,123.56899307250977,0.05214536723991235,0.03578601950779557,3.015606822570165,100547
174,-474.77055467461537,600,0,0,3.8729039716626525,9.240202452658702,23.5459862335523,22.950928112665814,121.01118385314942,0.07222681199510893,0.03610275450473031,3.021684226989746,101147
175,-288.2737370174091,600,0,0,0.09164705555105224,6.573370233763629,27.66407065073649,26.72776790777842,121.65349260965984,-0.14799486874292295,0.03596486872062087,2.955395864248276,101747
176,55.077071452773495,600,0,0,1.358929922409566,8.462415097589659,23.525353097915648,22.749946487744648,120.41547466278077,0.10194391794502736,0.0362222728629907,3.0305252633492152,102347
177,14.790741968567577,600,0,0,3.214312087252737,11.123676613673053,24.549484372138977,23.593194162845613,118.30762298583984,-0.40311624531944595,0.03551967202375333,2.8794046781460443,102947
178,-0.4075039763035484,600,0,0,4.05978027860468,11.342388034617128,25.386143294175465,24.80469937324524,118.62747859954834,-0.5477741924176613,0.033088810487339894,2.83938069721063,103547
179,39.436173150107685,600,0,0,0.9268229707263727,9.527734091166625,23.12596387465795,22.678326443036397,117.67438296000162,-0.08611612389485042,0.031020536804571747,2.9748761095603307,104147
180,0.478625712750095,600,0,0,3.8637944503061217,11.120248550567023,22.23184988498688,22.737207085291544,118.01217786153157,0.22330311280985674,0.03171479822446903,3.0646760483582813,104747
181,-197.9814478797869,600,0,0,0.373288132168299,8.338966481278892,21.93992298523585,21.558443704446155,116.15588864644369,0.017515412916739782,0.03256314831475417,3.0050059847036996,105347
182,11.997605802700585,600,0,0,3.0080539463988583,11.294523250208922,22.753496086597444,22.17306933005651,115.37882727305094,0.16740144754449526,0.033072703921546535,3.048729499777158,105947
183,53.68253486084345,600,0,0,1.7561736049085417,8.551245824262748,22.225637752215068,21.741095821062725,116.13490105946859,-0.3133369187824428,0.03256781259551644,2.908557677268982,106547
184,14.164583532926708,600,0,0,5.0,11.155173898001495,20.64768286307653,20.90544203042984,114.52148207346599,-0.3554791233067711,0.031135655014465254,2.8976375379165016,107147
185,-5.240017985146864,600,0,0,1.544997158506455,11.907939134378143,21.364224854310354,21.152112011114756,113.34238739013672,-0.17731470987200737,0.030115411604444187,2.9493472284078597,107747
186,30.89284285687937,600,0,0,1.5806231661939585,9.978055565504471,20.42416632970174,20.16371370315552,113.0423333231608,-0.12598335960879922,0.028863425360371668,2.964217560092608,108347
187,10.407525798887775,600,0,0,2.6667045871352073,11.343638589189272,21.003533311287562,21.777650005817414,112.4178219985962,-0.2799378345689426,0.02898563079846402,2.921081264416377,108947
188,48.376873121472585,600,0,0,2.122693170779206,8.810781761233363,21.50653793891271,20.8814089179039,112.9304001490275,0.05442766059190035,0.028162295427173377,3.0151875948905946,109547
189,-304.6513936055992,600,0,0,0.7264650339410763,6.80085615360408,20.883344893455504,20.829358749389648,110.89565800984701,0.3851671375396351,0.02909720331740876,3.108715288043022,110147
190,63.9142702866236,600,0,0,0.983266145440475,7.802216667988245,20.89953829526901,20.598352398077648,110.7849892425537,-0.2772870935872197,0.0292664391733706,2.921382357676824,110747
191,33.364263426789634,600,0,0,2.934221154917849,9.864435620367777,20.090103497107823,20.514899491469066,111.39002526601156,-0.5048756829152504,0.02772036664187908,2.858788739045461,111347
192,-67.01443893804132,600,0,0,0.2341977327069188,6.650011316182604,20.903413139979044,21.00930431207021,110.171994043986,-0.2291663224125902,0.026649981349085767,2.936700938940048,111947
193,19.350181610224432,600,0,0,1.6651969034504357,10.866503717000487,20.359527860482533,20.324019559224446,109.59383036295573,0.05859489478791753,0.026619954562435547,3.0160348796844483,112547
194,-270.1658343840053,600,0,0,0.8984728015429906,11.373732535443189,19.356046958764395,19.693546284834543,108.50663037618001,-0.12664489826187492,0.026183627288167675,2.9651184550921124,113147
195,37.22972741130113,600,0,0,0.6238668583934993,7.97864392729603,19.525959848562877,19.759783551692962,108.89145202636719,-0.4876549181963007,0.02522608352204164,2.867343870997429,113747
196,18.576339878714958,600,0,0,4.769261348096307,10.82351954768692,18.127505362828572,18.40810108979543,108.26273197174072,-0.26688562288880346,0.024190808326626817,2.928344557682673,114347
197,13.414872517408785,600,0,0,3.119904838870471,11.196597874254953,20.407758292357126,19.971924789746602,107.21317101796468,0.4375993113964796,0.02406248960023125,3.1174220208326977,114947
198,46.004380744182455,600,0,0,2.7845591427766903,9.107395730879052,18.226067969799043,18.686553653875986,105.56255620320638,0.2033322556503117,0.025191030486797293,3.055049658616384,115547
199,-1063.4019089910967,458,0,1,-0.01997298730390773,10.63364044741993,18.533501862438484,17.650521767712057,105.57962094436046,0.18479232326979592,0.025657974919670274,3.0502768505088107,116005
200,-27.98475244391237,600,0,0,0.3948737395042857,9.555054567979552,18.75610604763031,19.435787649949393,105.60624462127686,-0.17978957849244276,0.025466048736125232,2.9508214910825092,116605
201,13.589680038843358,600,0,0,2.1306356650952534,11.115107503220278,19.125947691599528,18.831142141819,105.38519026438395,-0.17231863882392645,0.025146162416785956,2.9531367403268813,117205
202,43.70230666963161,600,0,0,2.896594080022684,9.211591188458105,18.382398977279664,17.995865930716196,104.55967732747396,-0.051469748932868244,0.02450254048531254,2.9860054912169773,117805
203,13.220292066261358,600,0,0,2.0916553251401324,11.150494195806305,18.764124002456665,18.802453004916508,102.84389502207438,-0.4034483633438746,0.024113615090027452,2.891501986583074,118405
204,-423.52858459337773,600,0,0,1.4871087157220355,7.807321587862474,17.375486804644268,17.06909858385722,105.08461125691731,0.5210063374601305,0.023861790001392366,3.1399508611361187,119005
205,20.983258143904173,600,0,0,1.9441848431282935,10.704226289382682,18.1179642478625,18.235895175933837,102.34758683522543,0.0958380317936341,0.02547151022590697,3.0259115235010783,119605
206,67.65730531518952,600,0,0,2.5464282039541404,7.608692016995456,16.82543776512146,16.881103665828704,101.34426895141601,-0.2751062984267871,0.024957159937669834,2.925448742111524,120205
207,28.150949126779807,600,0,0,1.7840949965723016,10.142129739133056,16.841289645433427,17.344407704671223,101.78504766464233,0.2669073845570286,0.024920262163504958,3.072093736330668,120805
208,60.658918346333735,600,0,0,2.08750022070368,8.005529854867255,17.5801673746109,17.418449920018514,101.21886704126995,0.2206711407005787,0.02549804319627583,3.060030122995377,121405
209,-381.018604759872,600,0,0,1.4061976798776064,8.68977091407017,16.692220911184947,16.252057470877965,100.82517659505208,-0.25358061607927085,0.02518199508699278,2.9308913427591325,122005
210,-110.04936742282742,600,0,0,0.2551045076766064,5.945268288934054,16.147425010999044,16.07737500190735,99.89113389333089,-0.022763425186276436,0.02535334022405247,2.993729079167048,122605
211,92.36190117075537,600,0,0,0.5367678006914771,5.206975673327567,17.24276660203934,17.847129776477814,100.0635586420695,-0.16312135091672342,0.02458299872154991,2.9557980418205263,123205
212,87.60299338026698,600,0,0,0.7614038680708191,6.2146715718417695,17.701413416862486,17.8163497877121,100.2522885386149,-0.009267501806219419,0.024227558160200714,2.9973788166046145,123805
213,29.353740157760534,600,0,0,1.1029282768027504,10.089324696786644,17.440118345419567,17.909444897969564,100.57138451258342,-0.2647340937020878,0.024271943559870123,2.9288339018821716,124405
214,3.4609752415977306,600,0,0,0.36418335050957584,5.724303697438283,16.326962699890135,15.685351775487264,98.83932087580364,-0.04635041364779075,0.023188164044792455,2.9875488924980163,125005
215,90.89005277879934,600,0,0,1.4113221898077175,6.062551614480623,17.160434657732647,16.90234999815623,98.13622383753459,-0.1670838096862038,0.023660389054566622,2.955097522934278,125605
216,78.41020838455056,600,0,0,0.8823491700005583,6.872209502262945,15.887869516213735,15.978400339285532,98.62081159591675,-0.3789326280914247,0.02286904047553738,2.8996781408786774,126205
217,-49.44128912501346,600,0,0,0.3072979128127462,6.724042791710331,16.204832044442494,16.243834482828778,97.96645961125692,-0.1819575080772241,0.022410958955685296,2.9521643773714703,126805
218,72.90496393342845,600,0,0,0.5075965970105247,6.101433506654679,16.574668804804485,16.382145461241404,97.32208735148112,-0.12933701862270633,0.021712951976805926,2.966141469081243,127405
219,12.474293445129998,600,0,0,2.219496189693207,11.28541181292763,16.598365646600723,16.785305347442627,96.57200768788655,0.5965696727484464,0.02236658282888432,3.156976971626282,128005
220,77.85064790184708,600,0,0,3.324752713436175,6.843387610870183,16.572499424616495,16.908816992441814,97.29178518295288,0.3513217817246914,0.02422497153903047,3.0937490320205687,128605
221,68.72216020187278,600,0,0,1.7457930009229252,7.543342880826981,16.009490391016005,15.85306671222051,96.44331979115805,-0.6870314380899072,0.02339981097728014,2.81713476061821,129205
222,74.09515121893608,600,0,0,1.0472959596779075,7.1961674941085265,16.571261885960897,16.69783706823985,95.34403025945028,-0.42554360181093215,0.021940520418186983,2.8885971081256865,129805
223,75.20221294957497,600,0,0,1.0099972662347592,7.12452622870866,16.917378675142924,17.07894565900167,95.94679594039917,-0.048356354432180525,0.02141706934509178,2.9873485414187115,130405
224,47.604192040854755,600,0,0,0.4863385694394162,6.626619616203982,15.10347758213679,15.05421867132187,95.682103805542,0.28895257350057363,0.02120494642915825,3.075225739876429,131005
225,-290.5996170500694,40,0,1,-0.011784850432657978,9.984296100009898,15.940249872207641,17.37477614879608,95.17939491271973,0.9843726415187121,0.022031259164214133,3.2577095568180083,131045
226,63.464523411409004,600,0,0,1.7812754076215476,7.7919795158109375,17.37496495127678,16.63838102499644,95.71347506841023,0.30891113632048167,0.022446941435337067,3.081237017909686,131645
227,67.98523557076535,600,0,0,0.9106493503820481,7.6503825857315295,16.55406485716502,16.513759607871375,95.29347027460734,-0.012018528878688811,0.023150437489772836,2.9967395091056823,132245
228,36.05932617497877,600,0,0,1.0227995946906618,9.641471366112377,16.23481592019399,16.572096852461495,95.50245721817016,-0.31987974543124437,0.022084523358692727,2.9157232107718785,132845
229,55.52775004695654,600,0,0,2.243784738155675,8.451368081588411,17.51432051539421,15.875481180349986,94.12716204325358,-0.015200934745371342,0.022014958883325258,2.9959419985612232,133445
230,76.66535816338853,600,0,0,1.040045897119401,6.999096657943121,15.975528030792873,15.572190922101338,94.3116407775879,-0.20056176664928596,0.021766745274265607,2.9475836219390232,134045
231,89.27257352005594,600,0,0,1.1226908070482127,6.220301896476054,16.15290853103002,16.34261275609334,93.63085553487142,-0.037524687635401885,0.021281104842200874,2.9901551560560864,134645
232,39.40472373890055,600,0,0,1.3701554900525204,9.46052902527385,16.156736999352773,15.768783030112585,94.09929248174032,0.04529690034066637,0.021188129658500355,3.01167873442173,135245
233,-0.9356002612199612,600,0,0,2.396315108553445,9.756260520976806,16.026345229943594,15.53152788122495,92.70938557942708,0.21815048612033328,0.02132991819642484,3.0568412959575655,135845
234,59.01651279595519,600,0,0,0.5712902400277834,7.818087538986353,15.929277731180191,15.251278248230616,92.24653338750204,0.17797000416864953,0.02211834358051419,3.046722169319789,136445
235,58.779714231452544,600,0,0,0.9309050129035795,8.261182863709081,16.602342940966288,16.167102358341218,92.64486678441365,-0.5203544769932826,0.02193052732075254,2.863915008107821,137045
236,-114.5734159268057,600,0,0,0.2796088952857517,7.138540347561648,15.699514931837717,15.130815733273824,92.3294946416219,-0.46294338680182895,0.020408168074985345,2.880923329194387,137645
237,79.82014683790958,600,0,0,0.8121232212815634,6.719898779916478,17.234052276213962,16.59952561100324,91.68718012491863,0.010664588945607345,0.019932630866145093,3.002631503343582,138245
238,34.89656925694583,600,0,0,1.3123919174977066,9.736590308945535,16.879214974244437,16.428456062475842,91.15226006825765,-0.22074288578083118,0.019617721823354563,2.9437786517540614,138845
239,36.7340152854259,600,0,0,0.9022568829738282,9.622587723677102,15.785482947031657,15.520297582149505,91.55715391794841,-0.5932123024885854,0.018755529696742695,2.850879999399185,139445
240,37.708027980684676,600,0,0,1.1597338462022855,9.57338043813903,15.471535384654999,15.396178124348323,91.79713565826415,-0.005570147549733519,0.01775271663131813,2.998548387090365,140045
241,82.11558344872053,600,0,0,0.9026369324169705,6.56059761592024,14.67225161631902,14.285698308149973,91.49465480168661,-0.0809522729118665,0.018213235701744754,2.979789203206698,140645
242,33.38646002696861,600,0,0,0.3592432095535074,7.0271936508689965,15.870131304264069,15.17545153339704,91.27588764826457,0.22782433116187653,0.01798117222885291,3.0566449824968975,141245
243,41.928281591134905,600,0,0,1.3106882640059143,9.285333277392677,15.546597884496054,14.782440700531005,91.12999308268229,-0.11873780482138196,0.017968689513703187,2.970288069844246,141845
244,-102.0129460860911,600,0,0,0.27914070876621566,6.239598498758061,17.49235189318657,17.618706297079722,90.90999319712321,0.18378251280635596,0.01835570369226237,3.045800706148148,142445
245,24.502783292996668,600,0,0,2.17441108348526,10.23915631885885,15.482933557430902,15.318578065236409,89.91756834665934,-0.620961746290947,0.01790268168784678,2.8456041759252546,143045
246,-13.944072123903926,600,0,0,1.1039577271914287,10.041764747897483,17.282614632050198,16.497399356762568,89.11634669621786,-0.13937111005187033,0.01715346115641296,2.965675162275632,143645
247,42.11351383159404,600,0,0,0.811429554094669,9.175142830506509,14.926727518637975,15.313517741759618,90.45465331395467,0.21991020301977793,0.017051246430103976,3.054084341128667,144245
248,-295.7188950921672,209,0,1,-0.014335976986777799,9.93061946038315,18.928792555366407,18.471165474522056,90.99172949905031,-0.0752303193915974,0.01748401162762676,2.981378470881704,144454
249,30.70050714893675,600,0,0,3.391432599343918,9.95861341294004,15.264607466856638,15.2193574933211,89.95806794484456,0.20675862627724806,0.017736697529132168,3.051112234989802,145054
250,23.888260481729116,600,0,0,1.6709888849013155,9.85407235646762,15.494018524885178,15.4695949447155,90.15721740722657,0.650985180977732,0.018510531879340607,3.16316419839859,145654
251,21.69196447688695,600,0,0,3.338090288008222,10.659178611572065,14.98657212972641,14.829136449098588,90.35434865315756,0.2958424761022131,0.01989439974538982,3.0752255841096243,146254
252,39.41515211054059,600,0,0,1.0924931125245083,9.51867223713716,15.749465160767237,15.244111799796423,89.69720747629802,0.2883655600870649,0.020587921496480702,3.073987387617429,146854
253,37.80934429873872,600,0,0,2.798659484591188,9.622517746683215,17.06802390019099,15.898204873402914,89.27456490198772,0.1174350439881285,0.020740477681780854,3.0303131425380707,147454
254,36.512666271715034,600,0,0,0.9325952547526164,9.621476013055979,15.460145780245464,15.728215424617131,89.58605392456055,0.33397332273423674,0.021184074596191448,3.08692356467247,148054
255,35.17428736847302,600,0,0,2.643390201085806,9.788825538337777,16.056933867931367,16.052988144954046,89.29621130625407,0.08138062119483948,0.022095147833848992,3.021278439760208,148654
256,34.12560170673896,600,0,0,2.242913991754798,9.802793969926014,15.904563072522482,15.763574852943421,88.04698592503865,-0.07973377050831915,0.02234018882115682,2.9789792358875276,149254
257,36.86828412166477,600,0,0,2.4443853022825732,9.69985152668543,15.481494184335073,15.419236687024435,89.05412765502929,-0.07158543361350894,0.022232384278128545,2.981215658187866,149854
258,-14.80951238074574,600,0,0,0.317767034459297,5.630995643585597,15.41265155394872,15.501563901106516,88.14822363535563,0.2294622089030842,0.021783549720421434,3.0600635435183845,150454
259,38.13035967146289,600,0,0,3.995347385928476,9.548854757703626,15.698564485708873,15.764639270702999,88.0777668762207,-0.32100191180283827,0.02193010017586251,2.915863339503606,151054
260,63.38252665555045,600,0,0,0.8340895010403648,7.864396022755324,16.503350800673168,15.887916269302368,88.08208276112875,-0.5410741321370005,0.020960565597439806,2.8599966017405194,151654
261,47.42935097112499,600,0,0,0.8411711932042965,8.896135461962809,14.45571410059929,14.118862795829774,88.04804533640544,0.0954534485625724,0.020390676831205688,3.02446905930837,152254
262,36.2737269068713,600,0,0,1.9724258770658503,9.722226094401089,14.815357046524683,14.91554471095403,89.30739568074544,-0.031749814730137584,0.0204605751298368,2.9917888617515564,152854
263,39.54447647237094,600,0,0,4.332451155943504,9.535419840898113,14.000292709271113,13.639540719985963,86.39788606643677,0.2074739963064591,0.02061260101074974,3.053415418068568,153454
264,39.23812629650671,600,0,0,1.0283558335653433,9.429016578889113,13.823333474000295,14.26144274632136,86.85759754816691,-0.05343866866081953,0.02074285569600761,2.9861185350020727,154054
265,45.05789754605113,600,0,0,0.9590837695064288,9.019393175355157,15.400859332879385,14.846401998996734,86.20255023320516,0.02344794537872076,0.020939484260355433,3.005954548716545,154654
266,41.62912311434814,600,0,0,2.7854761061227395,9.344266153463375,13.12620050350825,13.263804472287497,85.91580574035645,-0.6443444843466083,0.01999113043770194,2.8350319214661917,155254
267,46.38109825367451,600,0,0,1.4336567011119927,8.979272148193305,13.858562998771667,13.919877665440241,85.87289379755656,-0.28660125836730005,0.019031794831777613,2.927632282177607,155854
268,32.637602133514136,600,0,0,0.8064290347308283,9.750088393591374,13.9921713133653,14.27765625278155,85.86401663462321,-0.3282568034591774,0.018193652251114446,2.91787826081117,156454
269,20.66738517105052,600,0,0,2.0468817946804307,10.61788624783504,13.43806535800298,13.6880117893219,85.32808222452799,-0.15635397086230418,0.01799750712389747,2.9611084564526875,157054
270,2.7357745781071525,600,0,0,0.35146679694041855,8.888506059638265,13.963032724062602,13.828969394365947,85.86579832712809,0.22963766797135274,0.017658426879594725,3.0569356020291645,157654
271,46.680385878958646,600,0,0,1.5807437688682184,9.01911080134332,14.082600622177123,14.13942911863327,85.06164257685343,-0.3678015645717581,0.017773226484035454,2.9086913247903188,158254
272,47.053782324433755,600,0,0,1.1714571877858853,8.868010104497905,13.116489683389664,12.944676210482916,84.56966977437337,-0.1853274384389321,0.017285699505979815,2.9543381786346434,158854
273,16.92526053948625,600,0,0,1.2959055837003501,11.03372776893724,13.109016837279002,12.970570797522862,84.86078358968099,0.33234415829181674,0.017257323438922563,3.0817337020238242,159454
274,52.14122734764553,600,0,0,1.831012293328115,8.640149700389038,13.938579528729122,13.575191578467686,84.4613523610433,-0.6135655882954597,0.017230380363762378,2.8492230516672135,160054
275,-198.44666503096062,551,0,1,-0.05731227092040647,5.516644889583525,12.994817108943545,12.140917113385486,85.44342776262177,-0.3317295685680938,0.01623358343898601,2.919370108420966,160605
276,41.33605512821723,600,0,0,1.555796922016369,9.307858063244032,12.935079064369202,12.546811362902323,84.03993498484293,-0.2504702923695246,0.01582756079888592,2.939493642052015,161205
277,70.55861557701259,600,0,0,1.0259735434995712,7.391011415771249,13.38317576567332,13.21766116976738,85.19173517227173,-0.11664493771269918,0.015495237902117272,2.971950831413269,161805
278,46.67531050108185,600,0,0,1.9512847647752674,8.893574779096076,13.566010336478552,13.361996607383093,84.90435951868693,-0.12180462187776962,0.015320714462238054,2.970785654981931,162405
279,61.77376267867889,600,0,0,0.7578191952257028,8.043751152448873,14.799391152858734,14.046330687204996,84.59911084493001,0.28378897190093993,0.015308868967307111,3.0679980754852294,163005
280,42.58951411451804,600,0,0,1.9785047668795506,9.280247806446305,13.217949682474137,13.23403535604477,83.01084025065104,0.6277387016639113,0.016424399285266796,3.152220162153244,163605
281,-8.411497769958725,600,0,0,0.2862145192603752,6.869724642005398,13.66289790670077,13.669422841072082,85.32458011627197,0.07911531478166581,0.017061533918604255,3.019292916059494,164205
282,66.21838634018489,600,0,0,0.7522423085661984,7.651470395660641,13.82753993789355,12.908088268041611,83.92809122085572,0.17270967283596594,0.016866533538947504,3.0423513207832973,164805
283,59.04710744213707,600,0,0,1.2718807247827082,8.123174194430192,13.50452899336815,12.358161191542944,84.80949536641438,0.138349865116179,0.017613879817848403,3.034040968020757,165405
284,39.42259610440924,600,0,0,3.909236938756189,9.439898262995444,14.117997328042984,13.645820843776066,83.31978725433349,0.34363222648700076,0.017976430179551244,3.0849634567896524,166005
285,18.21159307564986,600,0,0,0.5655521316007179,7.328364702480157,14.335624309778213,14.921194347540537,82.4580009396871,-0.17994301524013281,0.017939866874366998,2.9552243741353355,166605
286,46.35524818096488,600,0,0,0.910986679753481,9.003556322551614,13.416224973599116,13.180451873143515,82.44216820398967,0.9208515152117859,0.01837180066543321,3.2306129868825275,167205
287,52.39930889884849,600,0,0,1.3280758998134208,8.587908666310492,14.480649298429489,13.958453692595164,82.43606629053751,0.5351133976131678,0.019821943988402684,3.136344112555186,167805
288,64.6809632282793,600,0,0,0.6895002718027563,7.815753260583787,14.107947340011597,14.032807277043661,82.02404648462931,-0.6063002133866151,0.019808537295709052,2.84537641565005,168405
289,33.68895298929739,600,0,0,3.120943820024594,9.90611335623546,13.758833911816279,13.328151821295421,82.190428053538,-0.2569413807367285,0.019249596955875557,2.935079778432846,169005
290,61.88801817058844,600,0,0,0.9744910819173229,7.880997337952954,13.146078966856003,13.032347097794215,82.74560721079509,-0.6373455189540982,0.018275298137838642,2.840917928417524,169605
291,27.291679367200167,600,0,0,1.2417064854436806,10.241401742935277,12.787551937898,12.49803059776624,81.0664214515686,-0.7276765276864171,0.016797613454982638,2.821260303854942,170205
292,18.840930822538077,600,0,0,2.291918376366284,10.752502110127454,12.88862188021342,11.912167639334996,80.03302384058634,-0.3412052467713753,0.016177731258794667,2.9172383282581964,170805
293,66.36426078511558,600,0,0,2.1606734138391746,7.760219778285543,11.428788798650105,11.549664658308028,79.80864448547364,0.24091216058780748,0.016037684474140404,3.058275794585546,171405
294,17.300054796682016,600,0,0,3.2324080718618897,10.979865523371895,11.752270458539327,11.00195544163386,79.1183136622111,-0.3297130388642351,0.01600229970489939,2.9201666118701297,172005
295,35.48571250286191,600,0,0,2.741841704667138,9.655740455010038,12.240319372415543,11.982558968464533,78.92264852523803,0.891635833432277,0.0162806607875973,3.216985016663869,172605
296,17.85358081097348,600,0,0,4.931652943597634,10.871539593478175,11.21159662524859,10.97376688361168,78.63996588389078,-0.35162646471212305,0.01720142091003557,2.9136593892176945,173205
297,79.51054212563496,600,0,0,1.1186200848323122,6.863656447381389,11.964466640154521,11.681986714204152,78.94145237604776,-0.4093621306307614,0.016336694853380324,2.900376293261846,173805
298,71.70437217609482,600,0,0,1.023875298347384,7.385209086763473,12.233062564531963,11.675751192569733,78.18805274963378,-0.1115498374029994,0.01595509924615423,2.9729767739772797,174405
299,48.755119634928874,600,0,0,2.0624085768834175,8.77739947693707,10.713952401081722,10.419715849757194,78.79275817871094,-0.0945902182906866,0.015703677465207875,2.977109444538752,175005
300,8.680565799151635,600,0,0,1.3358639023091596,11.556204587158959,10.87229993859927,10.762837483485539,78.69525648117066,-0.14419855693976083,0.015701898285187782,2.965277909437815,175605
301,56.777957974628805,600,0,0,0.5201574745619042,7.314046892976261,11.777867244084677,11.6971841832002,76.84162586212159,0.2264213642477989,0.015663152338626484,3.054342453678449,176205
302,59.98439137820034,600,0,0,3.4129624184844065,8.010801884810654,11.819565296967824,10.757601623137791,76.96163358688355,0.5985504601895809,0.016237150356173517,3.1452434233824413,176805
303,62.661734438789814,600,0,0,1.135177493658508,7.859297068638195,11.343374198277791,11.227800492048264,77.59333695093791,-0.5415311640873551,0.01618896931099395,2.868298632502556,177405
304,56.197111295371236,600,0,0,2.111257963716477,8.433089158764197,12.60888521194458,11.822135537862778,76.37548446019491,0.04330874095360438,0.015971702200671036,3.0103724759817125,178005
305,36.52845755417122,600,0,0,1.3041746952793174,9.674863203496198,10.399886088371277,9.61717086315155,75.90889700571697,0.2276250587279598,0.016266855727881193,3.055135536988576,178605
306,-37.86559099327593,600,0,0,0.9647422551541167,9.515506256312827,11.646104329427084,11.448007738192876,75.89240594228109,0.8574082867056131,0.01723904359775285,3.2103686811526617,179205
307,42.75306385555756,600,0,0,2.7523057363482994,9.224005600209962,11.207742583751678,11.146280675729116,75.26494887034099,-0.8565970590958992,0.017212915113195778,2.7894650626182558,179805
308,-147.74667368944944,600,0,0,0.2317047471648419,9.58941748228635,11.366209429502486,10.727155468861262,74.67903865814209,-0.30719439417123795,0.016234982314830025,2.92546799937884,180405
309,72.52447655132211,600,0,0,1.1060690266121855,7.308872190913368,12.099525131384532,11.788461686770122,74.64784369786581,0.0013026395564277966,0.015999582326039673,3.0002190613746644,181005
310,57.69390374806118,600,0,0,2.5006134891600027,8.258515628549542,11.437151288191478,10.847960201104483,74.86581336339314,-0.5532062884420157,0.015429938843784232,2.8670446213086445,181605
311,35.05810761988745,600,0,0,1.6552701272427868,9.741655782344623,10.563531124591828,10.16257151166598,73.95497767766317,-0.028182428975900013,0.015117358822996418,2.9932090604305266,182205
312,-80.6240734618502,600,0,0,0.2120851007491642,6.513758069154179,12.217575496037801,11.719642463127771,74.54340746561687,0.5469273736948769,0.015487485700286924,3.131054150859515,182805
313,-297.2737159734642,600,0,0,0.33571618842969686,7.712731731709766,12.006532585223516,11.628250513076782,74.41640035629273,-0.6967037308588624,0.015398457222618163,2.8331624525785446,183405
314,57.733236704680756,600,0,0,0.9637763160113375,8.29307091897581,12.380733779668809,11.982254537343978,72.59285357793172,-0.11247145511209965,0.014808751177042723,2.9732209942738215,184005
315,55.68311909694071,600,0,0,1.1708377864098225,8.411688712430369,11.714170358975728,11.093647198677063,73.37775414148966,-0.6418345069761078,0.014229838234993318,2.848923603494962,184605
316,86.82179846089393,600,0,0,1.1892531637155546,6.244964679723669,12.666063794294994,11.78790590286255,73.01037429173788,-0.23363516135762136,0.013560919909117123,2.945459412932396,185205
317,-437.99445898591887,331,0,1,-0.025465660300073523,6.99159130079683,11.533145115094603,11.122439018549155,73.43485332615786,0.12054363289268355,0.013491244674336694,3.027987784849553,185536
318,75.64053387796872,600,0,0,0.8586218045553968,7.004373209449852,12.13595280011495,12.011971462965011,72.90375489552815,0.33528768515835206,0.01382844816117237,3.0781636343399685,186136
319,68.18871875061714,600,0,0,1.5349512168505044,7.4642514700017095,11.894101274410884,12.847053333123524,72.78731161753336,0.841757408293585,0.014284311045582096,3.198463395833969,186736
320,61.67757788217255,600,0,0,1.3732490770255985,8.00152001979285,12.69974372903506,12.09389600555102,72.35812838236491,0.20178328088174263,0.015148948933929205,3.047976981004079,187336
321,-233.33293541748267,600,0,0,0.11187778548961991,8.013923149008287,12.058314534028371,12.630495959917704,72.43378786087037,0.7023141317193707,0.015581412161700427,3.168549554347992,187936
322,91.59638998550827,600,0,0,0.644339723426441,6.027023623620574,11.633777085145315,11.909338012139003,72.04898344039917,0.6178518345020712,0.016380670002351206,3.1502026418844857,188536
323,50.345513579416185,600,0,0,1.5437190077260257,8.675075758392106,11.293945554097494,10.908596093654632,71.95229750315349,0.15392032962913316,0.017097532022744416,3.037620732386907,189136
324,59.139582330373855,600,0,0,1.953081631979158,8.092419578887094,11.274537123441696,11.308759888807932,71.66000905354818,-0.5436271998969218,0.016812354636689026,2.8672350452343625,189736
325,64.85649637720229,600,0,0,1.6650489885326236,7.812106351741465,11.766121145089468,10.716240450938542,72.11188550949096,-0.4821788116792838,0.01562284155904005,2.8835490240653354,190336
326,65.61692401425512,600,0,0,1.7392819699139317,7.739170933229187,12.682023537158965,12.566860516468683,71.55961074193318,-0.09555075934777657,0.015537820661750933,2.976895305713018,190936
327,-548.8880739208632,386,0,1,-0.010008668260450104,6.779591493086434,11.762936710693676,11.99396760352535,70.88708204556005,-1.0133550033706766,0.014978438524114344,2.7587350035578475,191322
328,64.14932918505436,600,0,0,0.6021402381212125,7.826459175804364,12.068022080659865,11.879195253451666,70.97337422053019,-0.8555896688314776,0.014136234919230143,2.7993818763891856,191922
329,49.303908281312474,600,0,0,3.1386665501400515,8.77499218318742,11.525493791500727,11.519780044555665,71.09896901448568,-0.6083998364210129,0.013314857087098063,2.8592827636003495,192522
330,62.577469169965106,600,0,0,1.1016085417723696,7.901766251220421,11.895736894607545,11.746348466873169,70.66372735977173,-0.4435423644259572,0.01253202715733399,2.898461091518402,193122
331,64.49171801045516,600,0,0,1.5875413303285637,7.76590345674779,9.875715285142263,10.323087895909945,70.29707759221395,-0.5348310237253706,0.012163293121072153,2.8787669078509013,193722
332,53.740837126010476,600,0,0,0.6122790515235481,8.44920007062528,10.073120711445808,9.89214276154836,70.71775377273559,-0.17303506378705302,0.011620144136250019,2.961016386349996,194322
333,-477.10452046693626,600,0,0,0.14631372937645404,10.46424076565346,9.844683476289113,9.905055162509283,70.15765964508057,0.19917335167527198,0.011661648849646251,3.0447532820701597,194922
334,96.1145167762148,600,0,0,0.9716159784796778,5.651487085421037,11.738209157387416,11.460747654438018,70.71548040390014,0.7885381346692641,0.01231810695802172,3.179060981273651,195522
335,27.379442722722125,600,0,0,2.854926610229475,10.277332739449175,11.978860297203063,12.443465033769607,69.86802988688152,-0.15191481485962868,0.012716732962677876,2.9651108368237815,196122
336,65.54907670478406,600,0,0,1.7749047910495142,7.686339642962822,10.912519090175628,10.845301607847214,69.23003805160522,-0.21501027397811412,0.012512171485771736,2.950893428325653,196722
337,46.73120169113587,600,0,0,0.8602807565148611,8.999065971867273,11.714594936768213,11.471949661572774,69.88843929926554,-0.04303662233054638,0.012095028588858744,2.9901078418890634,197322
338,47.47577294068622,600,0,0,1.5436289242087544,8.90723029259371,10.695343166589737,10.871154620051383,69.790656636556,0.23320102679232757,0.012345778814827402,3.0531087996562323,197922
339,38.346237207354335,600,0,0,1.0675458406789926,9.491984700155053,10.63947633743286,10.114021023114523,69.33068819046021,0.2162852395325899,0.012543073138222099,3.0494719938437145,198522
340,38.718116911050096,600,0,0,1.0084330865960367,9.29541105759989,10.242898188034694,9.633108964761098,68.13948829650879,0.29060921822985014,0.013060720572248101,3.066866564750671,199122
341,77.46880877726265,600,0,0,0.917121525029162,6.822567969641977,10.77517428358396,10.242809819380442,68.89378718694051,-0.6492108421648543,0.012977717312363286,2.8508734969298044,199722
342,63.75202941598489,600,0,0,0.9951198598941586,7.94639580049359,12.852669223149617,12.479030105272928,68.168854637146,0.3465263733640313,0.012881122495358189,3.079032452106476,200322
343,40.76071493527599,600,0,0,0.6329098358147446,9.438943508084852,10.144786349137624,10.080608535607656,68.96324513117473,-0.6943186018367609,0.012428113147616387,2.84174173116684,200922
344,23.222571451766207,600,0,0,2.5382897256730708,10.603579377266602,11.557420702377955,11.371227458715438,68.77113057454427,-0.09776857690885662,0.012246082277658084,2.9777245048681893,201522
345,47.225361955675915,600,0,0,2.325104072229155,8.90525936868444,12.479827014605204,12.009140320221583,67.75406897226969,-0.6384642698739966,0.011638297359459102,2.8565557966629664,202122
346,36.6883766020499,600,0,0,2.5357799410016457,9.643889752411923,10.520090161164601,10.196715439955394,66.14322170257569,-1.1079727471992373,0.010732264045315484,2.75506408393383,202722
347,94.26278817819491,600,0,0,0.5996061860386273,5.753737072605971,10.675012370347977,10.521056761344274,63.73605339050293,0.10098290711641311,0.010187569813181956,3.0220388714472453,203322
348,69.56858912808823,600,0,0,2.2569306779505625,7.45655930838392,10.23794381817182,9.832973578969638,61.7785838508606,0.3137477487822374,0.010617065952780346,3.0689013556639355,203922
349,78.05594347803162,600,0,0,1.5160248520445365,6.806953845395297,9.791669280926387,9.06570607860883,59.37806352297465,-1.224473750665784,0.010091601596213877,2.7329264916976292,204522
350,-151.3382940563863,600,0,0,0.16186136483078828,6.428479066653881,9.69451408902804,9.113842331965765,57.27240195274353,0.159550609861811,0.009784934537795683,3.0343686159451804,205122
351,87.81997100969326,600,0,0,0.46123134624069617,4.769373915178698,10.234362328449885,9.83961517294248,55.70418563206991,-0.8839676769574484,0.009480380419020851,2.810364287495613,205722
352,83.32378213727881,600,0,0,1.9539739565730563,6.460188022488404,10.336432234843572,9.712798286279043,52.80619297981262,-0.22951888291786116,0.008924389365129173,2.951201399366061,206322
353,29.94351391276682,600,0,0,0.5351292508955553,9.303932539851305,10.489252505699794,10.392770590782165,51.18301246325175,-0.5129636467372378,0.008594549113574127,2.8916992982228598,206922
354,73.77116390723683,600,0,0,1.233997311627744,7.126047557905546,9.601554265022278,9.830265913407008,49.0921425596873,1.0936350735152762,0.008903727188395957,3.2312692368030547,207522
355,114.52815686514619,600,0,0,1.037470522913805,4.493665774388966,8.864979968468349,8.686010162830353,45.80069113731384,-0.04046554130812486,0.009170864429324865,2.9912872725725173,208122
356,-319.468700475103,600,0,0,0.10122958534936033,5.367551613248909,11.074488260348637,9.802573848168056,43.983637692133584,-0.09353212116286158,0.009252153934600453,2.9799241495132445,208722
357,88.26305068387103,600,0,0,1.3175576117487906,6.173045165153869,10.711773038506507,9.290680821935336,41.44603436787923,0.18502665917078653,0.009291307544335723,3.0393919122219084,209322
358,72.01628196637822,600,0,0,1.1626490493113633,7.337363521852286,9.41000595410665,8.99683767636617,38.5994848950704,-0.2468164368594686,0.0091569911610956,2.9473107568422954,209922
359,77.48826846250294,600,0,0,1.3774308516820395,6.866585956065642,9.939491532842318,9.323486409584682,36.1998863697052,-0.6681239073785643,0.00881024931402256,2.858668242295583,210522
360,61.89747440282256,600,0,0,0.8036124063523645,7.9997866797607,9.382989543676377,8.709841660857201,33.95327634175619,-0.11462549321353435,0.008466986514007051,2.975904558300972,211122
361,104.68861460460634,600,0,0,0.5926948325872586,4.876209240662603,10.741721449693044,10.31187796473503,32.05219946225484,0.07483390560373664,0.008475627303123474,3.015621086756388,211722
362,109.77814051278611,600,0,0,0.9499746811270587,4.7648738474093255,9.117715153296789,9.142909710009892,29.621420901616414,1.03782080202053,0.008841566898239155,3.2198334046204886,212322
363,18.039887526371565,600,0,0,0.783736367232605,10.831618190912641,11.013899188041687,10.880820106665293,28.149109354019163,0.5253797208455702,0.009576726979576051,3.1128167895476024,212922
364,98.74340816703894,600,0,0,0.5622674565388518,5.405650583398851,10.23327521900336,9.35960333943367,26.86858412424723,0.37635543417185546,0.010110815988543133,3.0812108739217123,213522
365,116.81348566743982,600,0,0,1.398508065196996,4.353378637929563,10.239460570613543,9.400201841990153,25.938063888549806,0.37306691953291493,0.010054494234112402,3.0811333775520326,214122
366,55.37796785787929,600,0,0,0.7408166082566532,8.401762766371466,9.27244225223859,9.177626101374626,25.02434201558431,0.018331200430790583,0.010251833310661217,3.003888644774755,214722
367,92.61269323706458,600,0,0,1.5244556338091826,5.891782631923098,9.79003765722116,9.114007471005122,24.945882841746013,-0.43018045724680026,0.010234771254472435,2.9062842082977296,215322
368,49.310040701479814,600,0,0,2.253459458822854,8.797681396205322,9.501463955640792,9.694039037624995,24.489889256159465,0.0701067956785361,0.010083610651393732,3.014990387360255,215922
369,42.93673091812198,600,0,0,2.627392658504249,9.285297228861525,9.611021640698114,8.80172294974327,24.00727712949117,-1.5481907507156332,0.009439835444403192,2.668023424545924,216522
370,54.83087857569135,600,0,0,1.2350896461082492,8.349605065107022,9.016562085549037,8.778339904348055,23.990616388320923,-1.0319491924966375,0.008418557609741887,2.783348606030146,217122
371,88.39165954777431,600,0,0,0.5523245408099378,5.917920153409765,9.126532225410143,8.842574088772137,23.549528764088947,-1.5629449186411997,0.007772599927460154,2.678637006084124,217722
372,28.835233046678155,600,0,0,1.2442555916321025,10.138662159624312,9.276156901518505,8.271334083278974,23.393247102101643,-1.4119417476902405,0.006850203344753633,2.716091103156408,218322
373,93.97126038312564,600,0,0,1.0628905493980048,5.859506702492828,9.021951163808504,8.664628433386484,23.202834383646646,-0.5334114288166165,0.006428475473852207,2.894269236922264,218922
374,94.57001605410022,600,0,0,1.724049917777882,5.795068571283269,8.683280543287594,8.655070628921191,22.715068686803182,0.21635378896569213,0.006365651864713679,3.0426823016007742,219522
375,117.24540169557324,600,0,0,0.8815642580005086,4.268369132612459,7.946538134614626,7.702096420725186,22.672101100285847,0.19056499208013217,0.0064347693999297914,3.037635391553243,220122
376,80.23982429749462,600,0,0,0.6458785705914145,6.691177326126899,9.207391369342805,8.916601867874464,22.37289427757263,-0.8879397104680539,0.006353528080508113,2.824863636891047,220722
377,-724.8125724705149,600,0,0,0.27324494816194633,6.601521983266569,9.064409217834474,10.061318589846293,22.141988461812335,-0.6585216079279781,0.005781942296307534,2.871728783448537,221322
378,-56.43066503494432,600,0,0,0.2291109799795631,6.358993675041855,8.522850987712543,8.731098264654477,22.120843359629312,-1.0306538716082772,0.005480191555495064,2.8018833601474764,221922
379,18.453947187585236,600,0,0,1.5984996036594072,10.790766673232609,8.976010467211406,8.557210139433543,22.11810777346293,-0.7357662057069441,0.00515485845428581,2.8605440123875936,222522
380,85.66785882851403,600,0,0,1.0679718939448408,6.292279722818322,9.217083184520403,8.546367575526238,21.513446235656737,-0.0348985522116224,0.004871770051928858,2.9932481906811397,223122
381,10.864156442063987,600,0,0,0.4276177620697537,6.661200475728646,8.04325036495924,7.596018142898878,21.36788166364034,1.7903141739716133,0.005202055204814921,3.3411610011259714,223722
382,110.45702003516094,600,0,0,0.7191446055739361,4.666217089657082,8.268407553831736,8.773694965839386,21.056743580500285,1.0091796902318795,0.00592940841258193,3.1961366987228392,224322
383,117.57989085132337,600,0,0,0.8815958027306963,4.234542039228937,6.58401005645593,6.453337143262227,20.49685139656067,0.6375947305311759,0.006190470672833423,3.125494190454483,224922
384,113.80706602506463,600,0,0,0.7891199553572366,4.748283812290892,7.570049458742142,7.519225014249484,20.59383908589681,-0.9732126698518793,0.006471135739702732,2.8083180185159047,225522
385,90.23678637952953,600,0,0,1.4840102134812378,6.048526467900864,8.021415507594744,8.395742447972298,20.691571906407674,-0.9598766741529107,0.005715933688916266,2.8137644676367444,226122
386,104.52769905880051,600,0,0,1.1976063180585124,5.062791961703842,7.724557199676831,7.494363590280215,20.48625586827596,0.576472032306095,0.005739788220574458,3.1114670670032503,226722
387,138.43214204704398,600,0,0,2.315012248574593,2.8868638004802527,7.396212002833685,7.719902217189471,20.518076372146606,0.6181645203381777,0.0060739427121977016,3.1206298267841337,227322
388,-199.03659193831297,600,0,0,0.06399303120543348,2.7121735890663965,7.661419248580932,7.589872060616811,20.547765188217163,-1.1836595530683796,0.00576477127460142,2.7696738413969677,227922
389,-232.6626599639196,306,0,1,-0.04061581832003003,6.977983665440248,9.273770343244465,8.656539197061576,20.561465032739576,-0.5769425987759057,0.005483596561342672,2.889060424823387,228228
390,128.01662227829365,600,0,0,1.2197092345355702,3.5677211382148806,7.975782129367192,8.16695420920849,20.357608234087625,-0.1571022022763888,0.005378263143356889,2.969779763221741,228828
391,-71.90107083280165,600,0,0,0.24924474847365463,9.358116002079107,8.082815767327945,7.700265986124674,20.134929539362588,0.3139684775471687,0.005380035017927488,3.060135534207026,229428
392,76.48197293283138,600,0,0,1.2188238580501933,7.009512227205307,8.539082603255908,8.604470798969269,20.017884008089702,0.42341792439421017,0.005529576209373772,3.0816347817579905,230028
393,108.26642414284383,600,0,0,0.6241065860156233,4.863377654921487,7.4135835524400076,7.387355276346207,19.866035901705423,0.9597625915581981,0.006115490276521693,3.1871748006343843,230628
394,118.864464025351,600,0,0,1.2899837835228622,4.133415478183724,7.666020597418149,7.843784953157107,19.66031797726949,0.2707336623966694,0.006237311644169192,3.053312338987986,231228
395,136.2682925719728,600,0,0,1.3255651656601113,2.9189706572177174,7.187685105403264,7.781799372037252,19.546183749834697,-0.20053315232197444,0.006247712732292712,2.960297345717748,231828
396,-1230.9317324845492,581,0,1,-0.0028655251012409955,10.039543548117411,7.818449817302921,7.438371743064329,19.503173519535032,-0.47347363067883835,0.0060443171995680734,2.906987580087632,232409
397,76.08852796758453,600,0,0,1.8535473056954377,6.971335709650132,8.493530439734458,8.68554442703724,19.29786179860433,-0.3145508417238792,0.005983762999530882,2.938617357412974,233009
398,72.98564226844447,600,0,0,0.9709272862322511,7.252024485171234,9.15011095325152,9.435229600469272,19.02393987496694,0.15977806362013022,0.00578413811357071,3.0309987994035086,233609
399,70.79167267234365,600,0,0,1.6441056317919287,7.4424059881476845,7.963814670642217,7.776309185624123,18.764719605445862,-0.2306579367816448,0.005939425847803553,2.9550591735045115,234209
400,81.76825564863118,600,0,0,1.6416485774188756,6.7381571216735665,7.661330636143685,7.725947147409121,18.495113921165466,0.3531151132285595,0.005826876551533739,3.0687111457188925,234809
401,87.87472070228308,600,0,0,0.9184053344566416,6.2779096543184485,7.646942891875903,7.858388799627622,18.364360977808634,-0.19446393609667817,0.005963908936828375,2.9619961881637575,235409
402,100.59928838142481,600,0,0,1.3013764839289692,5.414993986576497,8.23875035782655,8.524251005649568,18.214892603556315,0.0006487999856472016,0.005835826418672999,3.000070803165436,236009
403,75.18681850702897,600,0,0,1.3546145601614863,7.0513654060885305,7.971343158880869,8.22401832262675,18.179169653256736,-0.7503173587471247,0.005657962145439038,2.854915302594503,236609
404,30.461552530520358,600,0,0,5.0,10.112847449035668,8.296606557965278,8.447945678035419,17.972872897783915,0.30364512170354524,0.005425819135271012,3.05830491622289,237209
405,79.44748978875157,600,0,0,1.2174478406063711,6.797665601020913,7.763048658967018,7.873499362866084,17.74264225323995,0.09158337753266096,0.005596201425263037,3.0176393802960715,237809
406,31.622946834606903,600,0,0,1.3756807594275575,9.91376903568408,7.7873718374967575,7.668197796344757,17.48760777791341,1.1708601372564833,0.006005811193026602,3.2287906452020008,238409
407,86.84779730859745,600,0,0,0.4985963302412679,4.635889876494073,7.3962279797593755,7.77854407608509,17.234651211102804,0.17787142968736588,0.006376487726035217,3.0351737534999845,239009
408,-623.8378071788018,600,0,0,0.10232813490058201,4.182982165962972,7.962255437175433,8.074012826482456,16.96906721433004,0.6307831371327242,0.006723342530118922,3.1258252759774527,239609
409,72.9189185000439,600,0,0,1.0849518425038338,7.20881626080996,8.69661580681801,8.54240811944008,17.062928098042807,-0.5769055622505644,0.0066773787125324205,2.8846571163336434,240209
410,37.83899831513123,600,0,0,3.2850562898158513,9.590546503469138,8.911311780810356,8.246313840548197,16.790742395718894,0.4314091459599634,0.006654722886936118,3.0860265668233238,240809
411,67.32888876801007,600,0,0,1.6025850902735694,7.593356942351449,7.310147778391838,7.47947892944018,16.54451404730479,0.30731152180582283,0.006987655883810172,3.061698992053668,241409
412,41.35495472055189,600,0,0,0.9223385545011693,9.293635313512928,8.77170876244704,7.920010809898376,16.420774811108906,-0.5956302071362733,0.006848197482371082,2.8805506801605225,242009
413,-244.20423733669983,600,0,0,0.06903851639211955,9.132834471358663,8.884410593509674,9.574178454279899,16.34245123386383,-0.8896673354879021,0.006290763268868129,2.824192899068197,242609
414,41.1365311264749,600,0,0,0.775528118293844,9.365504280373306,8.488446307579677,8.133927481373151,16.013346864382427,0.5190985874024531,0.006245501585459958,3.102085070212682,243209
415,-281.0396073977691,600,0,0,0.9501078650455479,5.888118050315367,8.228612332940102,7.754946165680885,15.804354349772135,0.675353489878277,0.00656785110089307,3.1344099267323813,243809
416,66.64230331298869,600,0,0,0.5212962143447826,7.055849742339995,8.19855226357778,8.382771948575973,15.578317023913065,0.43990528891483943,0.007095956721653541,3.088471791346868,244409
417,77.33073185658596,600,0,0,0.6546697701862773,6.868078200467564,7.926854265729586,7.653422763347626,15.353193726539612,-0.2874001589852075,0.007001452782812218,2.942023153305054,245009
418,95.30999187984295,600,0,0,1.420347268144581,5.730946474566273,8.501656652490299,8.076266148289045,15.368266560236613,0.4827647583248715,0.007162547976865123,3.097451020081838,245609
419,35.85112262517562,600,0,0,0.39231525004729695,4.676590143955203,7.542638600269953,7.386289112965266,15.172605738639831,-0.14831528092424076,0.0070909759177205465,2.969786644379298,246209
420,61.53417103038209,600,0,0,0.4600796522004431,5.953579631366515,6.96607704937458,7.206185013055801,15.113876845041911,-0.1501858061303695,0.007006760383956134,2.969556146065394,246809
421,67.77535976330353,600,0,0,0.5805017102523357,7.313081093423672,6.945910052259763,7.035231884519259,15.058952280680339,-0.43496696083496017,0.006895056238863617,2.912543427546819,247409
422,-9.698826397342673,600,0,0,0.32215257205585623,7.006262617351972,7.6139740405480065,7.316372156739235,15.018717066446941,0.6111585543615122,0.006941720698184023,3.122913813193639,248009
423,53.62396895770999,600,0,0,1.2054253844464409,8.61799993260554,6.584294453461965,6.978431847095489,14.683444571495055,-0.10384562737618884,0.007115850542516758,2.978967942794164,248609
424,36.363647375590816,600,0,0,0.4294479835915008,7.712185757885438,7.5918934581677116,7.798087941408157,14.75170876344045,-0.4624970291679104,0.006969981992151588,2.906955619255702,249209
425,63.541945354957036,600,0,0,0.3664649234545494,5.298600201047639,6.8793788043657935,7.146500093539556,14.552682469685873,-0.6789391957099239,0.006359959011121343,2.8650220026572546,249809
426,82.03917472069266,600,0,0,1.3921707442888844,6.576555029523051,7.445337995290756,7.174665607611338,14.606546959877015,-0.5541404432555039,0.006123425020681073,2.891210819085439,250409
427,63.888817381219376,600,0,0,0.49325923635948077,5.719264480727422,7.418493112126987,7.706427906552951,14.397991779645285,-0.17062877481182417,0.0058867063280195,2.966747161547343,251009
428,50.8501506456856,600,0,0,1.6760229685562762,8.833788011666744,6.750713873902956,6.829263702630997,14.096874742507934,0.27733326454336443,0.0059475815241845946,3.0540572738647462,251609
429,48.6169622187291,600,0,0,1.9551316504859448,8.878277125016371,6.717844032247862,7.038028547962506,13.982129937807718,-0.1913269724821051,0.0060491893091239035,2.962549078067144,252209
430,56.385295628011036,600,0,0,0.933168256278754,8.325741621712883,7.925284188489119,7.855698638558388,13.820243717829387,-0.6061236613150686,0.005788024355036517,2.8825579086939492,252809
431,66.76766547928779,600,0,0,2.9706899970177227,7.702067144441224,6.664563765128453,6.620639094312986,13.661735080083211,-0.42552296292036773,0.005336937881074846,2.9184387830893197,253409
432,52.66017751432018,600,0,0,0.8574061887937126,8.597692725584157,6.549073530435562,6.693268284598986,13.50372752825419,-0.04637509093930324,0.005208850385776411,2.9911162726084393,254009
433,106.62738126199658,600,0,0,1.0748898692877655,5.019523595661421,7.485713403622309,7.5537885303298635,13.462659522692363,0.0026335356881221138,0.005308197072396676,3.000456778605779,254609
434,59.43391977309644,600,0,0,1.1724082726514207,8.080642887043261,6.851542143026988,6.72374235411485,13.363647726376852,-0.43013894370446604,0.005192926870658993,2.9183598875999452,255209
435,-0.39401120588891114,600,0,0,2.609048098586067,11.81748525885087,6.792718720634778,6.661653418540954,13.232128558158875,0.06621045107021928,0.004981871400959789,3.0124795977274577,255809
436,50.36087080580254,600,0,0,3.674166462388567,8.734212310870571,6.739156866570314,6.899439358909925,13.02115846157074,0.5630369186929116,0.005136418331724902,3.1069993487993877,256409
437,-24.9619708460038,600,0,0,0.39709022476990863,6.220545204305286,6.683289994001388,6.819871149261792,12.8426615746816,-0.20013542336722215,0.005314734985586256,2.9617388582229616,257009
438,50.05710562179243,600,0,0,2.1108443467569864,8.80153460281293,7.0105908785263695,6.964783444007238,12.715192217826843,-0.08042770600567262,0.005258005698366711,2.9846349136034647,257609
439,66.96533088870504,600,0,0,1.8042349570836966,7.727700314053456,7.123092100222905,7.402106508016586,12.56712798277537,0.062331318333745,0.0051642192861375705,3.0118120054403943,258209
440,-66.7907174298171,600,0,0,0.1861965036825921,5.707212572043018,7.371119933327039,7.662896756927172,12.369655152956645,0.44578583507488173,0.005430145505039642,3.0851369404792788,258809
441,-30.968579411192362,600,0,0,0.39275325855641585,7.887239662097147,7.622727691928546,7.689768849809965,12.363496815363566,-0.5624968674965203,0.005363587361449997,2.892445001602173,259409
442,49.92361794582417,600,0,0,2.893462594074871,8.765966857987971,6.977047257125378,6.809403066237768,12.31270712375641,0.15593012710412343,0.005367856088560075,3.029598362048467,260009
443,-9.604284458116556,600,0,0,0.3565722964982363,6.912361216536413,6.494783958295981,6.642179889678955,12.191848639647166,-1.0826639599353074,0.004952528409194201,2.7955975635846455,260609
444,128.56419604553764,600,0,0,0.883298662218363,3.4928633952299433,6.8529299918810525,7.447187913060188,12.29694286664327,-0.3541910010824601,0.004521908528792361,2.9339491645495097,261209
445,93.79583125235803,600,0,0,0.9237007072828789,5.811885035271786,6.0854030858476955,6.256390498081843,12.189544004599254,0.25195153107245766,0.004593901957074801,3.0468017355600994,261809
446,117.14414875301966,600,0,0,0.5696861756443587,3.890663812869565,6.049905138214429,6.162810002068679,12.113865863482157,0.8123905775696039,0.004845225616979102,3.1525458327929177,262409
447,136.58838685908563,600,0,0,0.5911984176495315,2.876265390891201,7.067452102204164,7.3017748139301935,12.149584663709005,0.25876015226046245,0.005138795919871579,3.0489287877082827,263009
448,64.0960460071266,600,0,0,0.6309653411289369,7.846159058745673,7.035578281283379,7.210705243150393,12.104797636667888,-0.15288349281996488,0.005273994710296393,2.970891724427541,263609
449,90.99426025493034,600,0,0,0.8535700417312646,6.040455971913081,7.168928545018037,6.937925335566203,11.91423069636027,1.570165590538333,0.0054098892235197125,3.300780818859736,264209
450,123.51375954033504,600,0,0,1.1876700898294523,3.9256844565678612,6.495336031317711,6.690088424583276,11.721075139840444,1.2007553759838143,0.00592066950397566,3.2346320633093515,264809
451,107.9488191099864,600,0,0,0.44374313292501655,3.5764950930625434,6.308756188948949,6.81997108956178,11.528756527900695,2.0039207101923724,0.006720607373087356,3.4008558865388236,265409
452,14.067988025930113,600,0,0,1.1667449016644031,11.19039895763067,6.203774566451709,6.699753723541895,11.309116883277893,2.0798640197639666,0.007849333675888677,3.428392079671224,266009
453,168.44415735081935,600,0,0,0.5335369869609362,2.5357136118631782,6.32515309492747,6.583697647651037,11.211015253861746,1.0957335124040644,0.008776581493827203,3.2310953811804453,266609
454,-17.26164802708751,600,0,0,0.2329071670793219,5.413608658189578,6.5197005991141,6.952212042013804,11.18718518972397,0.31493671542654433,0.009268547929823399,3.0671143595377606,267209
455,-288.9482476148119,600,0,0,1.0640119847141876,7.262712563689195,6.656895525852839,6.73173368593057,11.118185238838196,-1.0001627047049502,0.008805440156720579,2.7875104103485744,267809
456,-37.97512205725908,600,0,0,0.3186039806695644,2.1432096154853024,6.1047127011418345,6.275607356031736,11.02793799718221,-1.4066937062268456,0.008196751017433902,2.7075324016809463,268409
457,92.34227264002942,600,0,0,1.1866531303994714,5.939474696189396,6.384495517114798,6.693852784236272,11.065431497097016,-1.3612278341005246,0.007219196903364112,2.723909981250763,269009
458,42.28000286867151,600,0,0,1.6861334405643436,4.286119555087071,5.9018127510945,6.357787401477496,11.011555747191112,-0.2693810505668322,0.0066895237386537095,2.9461092261473336,269609
459,64.47779838384551,600,0,0,0.7685591549952655,7.847249608183563,6.813782833019892,7.016809926231702,10.720065726439158,0.31127376498033604,0.006925421761504064,3.0621165082852047,270209
460,84.50388244410621,600,0,0,0.9813240118420627,6.515585050933669,6.3640042171875635,6.420294526616733,10.611114001274109,0.22251401438067356,0.0068338785987968245,3.0446552455425264,270809
461,88.61656554562884,600,0,0,0.6222905225458187,6.114032425472404,6.5500002054373425,6.9356562691926955,10.624970325628917,1.199669605717063,0.0074735551653429865,3.2444547522068024,271409
462,102.44241254120186,600,0,0,0.6056201423966538,5.305685767762308,5.75425340116024,5.86649079322815,10.44816241979599,0.6540885981917381,0.008028745813450465,3.1356547315915426,272009
463,-636.6592812897358,600,0,0,0.10121492567145407,3.5147831373594256,6.62655164162318,7.095123956998189,10.224592000643412,0.00863264334698518,0.00841778884641826,3.001679218014081,272609
464,21.04967494596456,600,0,0,0.8061541196168178,5.219141562540828,6.760991887847583,6.66095518608888,10.110449474652608,-0.2695318414767583,0.008390206752034526,2.9436344897747038,273209
465,73.90961784455531,600,0,0,0.7476956320682779,7.140251087838287,6.657971903085708,6.838582938313484,10.071056857903798,-1.3409335884203513,0.007699465410939107,2.724622221191724,273809
466,116.94199209033319,600,0,0,0.5415884749165034,3.7524858726367025,6.789722790221373,6.996453613241513,10.026709834734598,-1.009949434089164,0.006930718491785229,2.796692425807317,274409
467,-164.55367104754617,600,0,0,0.03879712185824591,4.021929386066907,6.179685764908791,6.578759986758232,9.895966953436533,0.1208997331187129,0.006646120021274934,3.0241003930568695,275009
468,132.05484312167863,600,0,0,0.44648689475348957,2.5624625619010257,6.2633482997616134,6.709286691844463,9.951505233446756,0.08422057256723443,0.006715082915810247,3.0168243145942686,275609
469,116.47071868247498,600,0,0,1.2130938582028747,3.361595493726258,6.191718354423841,6.470760811567306,9.771708318392436,1.2800311316673953,0.007269050813435266,3.25928279876709,276209
470,-273.21675763348765,600,0,0,0.13751318683083014,4.414716713133086,6.4246757511297865,6.591914841234684,9.84222366174062,-0.18469389115770657,0.007660792958146582,2.9621469509601592,276809
471,-154.29884666920248,600,0,0,0.6019636973978884,5.20799525697477,6.886678370634715,7.604202371637027,9.940000054836274,0.04217598425224423,0.007684036329543839,3.008515671491623,277409
472,118.84553256146907,600,0,0,1.6973401740296667,4.234891896857927,5.948451579213143,6.205675853689511,9.72209147453308,-0.24705948075900475,0.007452325649404277,2.9495677131414415,278009
473,34.69777118527894,600,0,0,0.44675766901788694,6.389981816501276,5.926404006481171,6.587697301109632,9.575384732087453,0.17911206963161627,0.007278051862958819,3.036453593969345,278609
474,98.20027218424696,600,0,0,2.5287860130648294,5.543354445142932,6.005793658494949,6.416239646673202,9.431612229347229,0.8235707489897808,0.007913763138931244,3.169945058027903,279209
475,144.19385005694278,600,0,0,1.4201704443202714,2.42247672982336,6.959334760506948,7.043172221183777,9.379490025838216,0.08246704157441855,0.008483938743981222,3.0171446355183917,279809
476,140.9462235859257,600,0,0,1.5368371277329964,3.197979326003708,6.045729926029841,6.023256443639596,9.120493834018708,-0.6356283564989765,0.008154456600702057,2.868118414481481,280409
477,198.17649361149063,600,0,0,1.39200148607955,1.6384924117098343,5.594105104605357,5.565259409447511,9.204450800418854,-1.5863514685754974,0.007142462977208197,2.6795737795035044,281009
478,-299.5120508431617,600,0,0,0.12800102793447588,4.863488244342244,5.6273874882857005,5.485493884781996,9.187911465168,-0.13163842573141057,0.0063597953296266494,2.9738384620348612,281609
479,-8.59427351332975,600,0,0,0.16934715720300464,3.02806160911768,6.474086377223332,6.414779758354028,9.285510305563609,-0.38352158674349385,0.006361476956711461,2.924378944635391,282209
480,132.07437955707232,600,0,0,0.5281613227264998,2.4307342625685404,6.96325635433197,7.243282611072064,9.381661983331044,-1.516545699511965,0.0057394318569762015,2.706909877459208,282809
481,234.3859025205604,600,0,0,0.924178441022563,1.983276583343295,6.0822825855016704,6.38778389831384,9.415442357063293,-0.9162697629878919,0.004947151274730762,2.826761618057887,283409
482,133.18456640982467,600,0,0,0.5114404428745438,3.1018924530282237,6.758323880036672,7.180229319930077,9.532822612524033,1.0729387317970396,0.0049556864681653675,3.2030703043937683,284009
483,81.10281493305902,600,0,0,0.5764732603349167,6.389620268144433,6.9705782888333,7.14547799328963,9.315987006028493,4.804889278349777,0.006182582752468685,3.945962602297465,284609
484,-117.41030337570183,600,0,0,0.5237300382858117,4.046116886424935,7.033295281132062,7.5531466661890345,9.151224311987558,5.268833411609133,0.007971546254896869,4.086102883815766,285209
485,150.1000843047114,600,0,0,1.7250732789112482,2.256798563698305,6.325396015048027,6.661438726584117,9.112582556804021,1.872404382986327,0.009015388310266038,3.3972245335578917,285809
486,68.79968370574261,600,0,0,0.5058497200681711,6.399462721814217,6.604444619615872,6.98733012487491,9.050997141599655,0.9152319384738803,0.009728600814317664,3.196596338748932,286409
487,-556.153517708298,600,0,0,0.6922034812347011,5.929343560755024,8.041386041641235,8.350549969871839,9.132874048550924,-1.3237772191440065,0.009434044306787352,2.716242407759031,287009
488,154.28375204884514,600,0,0,1.1589372810807235,2.892288031366481,7.896863955458005,8.272667082548141,9.191333622932435,-2.1651333601462346,0.008438671577411393,2.5456878427664438,287609
489,100.03294154128234,600,0,0,0.7447593918382057,5.404073327911101,6.958405648668607,7.386827149391174,9.125331613222757,-0.747557233373324,0.007703433007312317,2.845964818795522,288209
490,-422.466238905869,272,0,1,-0.0001042571614484622,2.801176738280192,6.808905484045253,7.005232591401128,9.265001208466643,-1.7731058101498467,0.007405776491128456,2.6386045327081398,288481
491,71.85629727856022,600,0,0,1.8915591369416649,7.226111828763609,7.642368745207786,7.531371838549773,9.027072068850199,1.1792259187748035,0.007562052446107069,3.2406867225964864,289081
492,-53.657012647396954,600,0,0,0.44382392298241924,7.5049969987342005,7.079209870696068,7.380938343803088,8.943165322939555,0.8094749344636997,0.007928598081537832,3.16768683552742,289681
493,34.322035477483794,600,0,0,0.4425609424763213,6.5660922173493,7.262803673843543,8.053815136055151,8.999894976615906,1.0779311889099579,0.008690835017090042,3.226721923351288,290281
494,91.13811133303113,600,0,0,0.4959622832563587,5.441409188030864,6.605875372091929,6.566171631415685,8.927177022695542,-1.7238348575867712,0.008574777296744288,2.639023638168971,290881
495,76.79469982800003,600,0,0,1.3977331946465998,7.070853475857891,7.588658664425214,8.092763097683589,9.080146800279618,-0.5841391947927574,0.0077150172484107314,2.879843490322431,291481
496,-423.2186540633649,600,0,0,0.509933198050528,7.476279193519149,6.168772692481677,6.6001322309176125,8.835705444018046,-1.6162267216915887,0.007090441796462983,2.673477749824524,292081
497,-188.61247965985902,600,0,0,0.18891407923020087,7.084527666228393,6.386585448185603,6.547857797145843,8.92568842569987,-0.48070482277621823,0.006593611474769811,2.904355285366376,292681
498,102.7441170125266,600,0,0,1.0053872837532851,5.231490136094678,7.0758087690671285,6.935173574686051,8.875430809656779,-0.5981757719566425,0.006133290093857795,2.882115564743678,293281
499,107.04116397262676,600,0,0,1.1960523978931763,4.931329352247489,7.476089157263438,7.824042738080025,8.829559814929961,2.0614025119071204,0.006602806589410951,3.410588036775589,293881
500,140.1138121940751,600,0,0,0.4422237762540815,1.931480266137802,6.551042154928049,7.176156958738963,8.556284085909526,1.1080222821608186,0.007442905695643276,3.2261832455794015,294481
501,202.5602865420178,600,0,0,1.2197057384260814,1.6168188988430745,6.843492688139279,6.999197206894556,8.592897642850875,0.17436227890352407,0.00794215968499581,3.0358880742390952,295081
502,175.09279770702875,600,0,0,1.0284558699273338,2.391420089586001,5.976107821861903,6.554361097216606,8.559063542882601,-0.15917829987282553,0.00791609025405099,2.9670996232827505,295681
503,84.14620058409236,600,0,0,0.751539208594658,6.487893632705016,7.079331992268562,7.291666084726652,8.351009407838186,-0.08056278058638175,0.007812292985618114,2.9833390307426453,296281
504,86.64110441037198,600,0,0,0.9509390470045915,6.365526874409051,7.151930013497671,7.587892716129621,8.453520555496215,-0.3984411008283496,0.007428061701357364,2.918285434246063,296881
505,98.12508352620833,600,0,0,1.6957399022998494,5.533970554734701,6.536686765750249,6.855457509160042,8.306483947436014,0.714979399094979,0.007732135655824095,3.1468060171604155,297481
506,80.62981484585211,600,0,0,2.4866310081656535,6.722667610005758,6.7246692149837815,6.744630768497785,8.239000998735428,0.6495088363563021,0.008234983415653308,3.1351772006352743,298081
507,137.35454032322443,600,0,0,1.3799286082354245,2.9747805336295294,6.969649047851562,7.665523833036422,8.093823051452636,0.6911353040176134,0.008938267881361147,3.145889772971471,298681
508,76.91974615190942,600,0,0,1.5385504519322595,6.983348339087249,6.743586499094963,6.913085866371791,7.7420082155863446,-0.4059631157418092,0.009033601350771884,2.913909447193146,299281
509,87.33128500620364,600,0,0,1.3946811847991412,6.273690854184827,6.596329989731312,7.199256386756897,7.7524315826098125,-1.0152158814606567,0.00825842388983195,2.788189533551534,299881
510,93.77473481683386,600,0,0,0.6330892604740976,5.776241949479634,5.940081871549288,6.5394380045930545,7.688718154430389,-1.0363191389044126,0.0073270266922190784,2.7884221082925795,300481
511,25.588181070065694,600,0,0,0.355985937271108,7.102542538607466,6.043109806378682,6.589011785984039,7.632595898310344,-0.8663681097949545,0.0067346982875218,2.826397553284963,301081
512,106.44727791187971,600,0,0,1.677316469670081,4.953964455399642,6.324253358244896,6.617852139472961,7.478399366140366,-0.19200034885356823,0.006507221752156814,2.961896870136261,301681
513,65.42385588199892,600,0,0,0.5575433103693932,7.625629995992083,5.486824336349964,5.9011554171641665,7.508063674370447,0.43301717706024645,0.006569237788207829,3.086000018119812,302281
514,103.14785051488731,600,0,0,0.7273590874639185,5.330967349483773,6.4150755467017495,6.6278091503183045,7.478922577699025,-0.9558319084718824,0.00635140728050222,2.810986650387446,302881
515,-4.0389925269806595,600,0,0,0.3414924529392893,7.698437298325118,5.912333501974742,6.283202079832554,7.44254165927569,-0.03919138852506876,0.005911217601969838,2.9922702487309776,303481
516,100.05790134911062,600,0,0,1.5050558340714757,5.333858314798493,6.66478878368934,6.877476238807042,7.5523371736208595,0.2922721047575275,0.0060497555501448615,3.0572558470567066,304081
517,116.61731892028851,600,0,0,1.015113351897684,4.35031716017134,5.62526011288166,5.836740144292514,7.396024593909582,0.20271305929248531,0.006334038968974103,3.0399297817548114,304681
518,154.45121258710304,600,0,0,0.5263318987070911,2.982255340913503,6.008927270770073,6.363455110390981,7.363258054256439,0.4190457615877191,0.006611412578883271,3.083268192609151,305281
519,91.10026904352391,600,0,0,0.6882137903719547,5.958470131084976,5.893567945261796,6.342702173391978,7.402202934026718,0.16222362351914246,0.0068552811016949515,3.0324746819337207,305881
520,179.57731371963385,600,0,0,0.6290247975082718,2.0483182129486184,5.301046974658966,5.868141412337621,7.159447636604309,-0.3881556123184661,0.006787006677283595,2.9224178918202717,306481
521,133.46311869881006,600,0,0,1.0853463360369828,3.311102590915663,5.215800147652626,5.762708084185918,7.175018778642019,0.028930454012006522,0.006528073400259018,3.005717118581136,307081
522,-268.4733328805318,600,0,0,0.015129013885861353,2.641878507030432,5.315002881785234,5.438186007340749,7.415949096679688,0.15099558899799984,0.006624572172295302,3.0300546741485594,307681
523,-1065.3462882742535,600,0,0,0.13956895318755336,10.590873262105,5.714886067211628,5.8328927010297775,7.335217178662618,0.42108668289457757,0.00679963648552075,3.084570364554723,308281
524,-268.5231707286463,43,0,1,-0.00907983611603047,8.95467739164552,5.889270033947257,6.382568481356599,7.4784678082133444,2.1282934497955233,0.0071734160314812214,3.4308899502421535,308324
525,135.66167779487438,600,0,0,0.6113866762353852,3.204238650755033,6.752954761187236,7.314141721824805,7.141240770022074,0.3444920990305642,0.0077424062578938906,3.0700904591878255,308924
526,169.65301375960422,600,0,0,0.855744316287977,2.313635416042667,6.408167139490446,6.883489750623703,7.263140805164973,-0.46498727422828473,0.007422179787730177,2.9051844398180644,309524
527,50.12874578408601,600,0,0,0.43295787859787727,4.301000050454039,6.814325027167797,6.797269391715527,7.088124378720919,-0.0014956400295098623,0.007097235756615797,2.9996526380379995,310124
528,122.34058316323369,600,0,0,1.00409561422214,3.291801410450404,5.969343301852544,6.269227309823036,7.076280268033345,-0.09606084492057562,0.007243445010390133,2.980510603984197,310724
529,153.42205961010848,600,0,0,0.6983041282893367,1.9083719443648175,6.938611281911532,7.371417832871278,6.918582880496979,-0.12133433646212022,0.007231082615132133,2.975314749876658,311324
530,166.65394503754518,600,0,0,0.5957161030248179,3.6820735684167105,6.476057211756706,6.605831278363864,6.858754615386327,-0.11491042630126079,0.007001712224446237,2.9768571523825327,311924
531,102.12916971473005,600,0,0,0.4066340405874028,2.6975670717092983,6.763624463776748,7.098919945458571,6.85578411579132,-0.7223749049752951,0.006653596675799539,2.8559754721323647,312524
532,174.76798516966812,600,0,0,1.0585250004433324,1.8907476688334188,6.2697136313716575,6.662853265901407,6.847247565587361,0.4315585965352754,0.006463829848604898,3.0856584640343985,313124
533,98.87622555895952,600,0,0,1.2318876151242788,5.5238591399361,6.378887075682481,6.792315881848335,6.653227583964665,-0.3485219716839492,0.006672875403892249,2.930673922697703,313724
534,104.18641202842643,600,0,0,0.6403438581700203,5.17907012279752,6.054881990154584,6.491774893204371,6.49470833003521,-0.4498268921424945,0.0061486951711898045,2.9114282727241516,314324
535,65.02117254585166,600,0,0,0.4410558166279545,2.9965350862099234,5.841033879816532,6.145982559621334,6.500501717527707,0.37181449500223,0.006220630734848479,3.0730087971687317,314924
536,165.98761548221086,600,0,0,1.3454089048158662,1.9984941134883898,5.09764494796594,5.410505527655284,6.526772514780363,-0.606216327821215,0.005965020078389595,2.881071768204371,315524
537,65.67263601963062,600,0,0,0.5097585146472561,6.4590240069060485,6.201706477105618,6.322696337997914,6.423514973173539,0.8334438506141305,0.006136993068891267,3.163843123912811,316124
538,187.34808868144887,600,0,0,0.465409088064757,0.9523116640540277,6.778824939131737,7.025749579568704,6.520583886504173,-0.1765235530460874,0.006589292859813819,2.9649606092770893,316724
539,107.39866269683966,600,0,0,0.696860530695697,4.849177190509576,6.276467027068138,6.533862653076649,6.269311622579893,-0.3131870178133249,0.006224302538515379,2.9382679669062295,317324
540,179.6215142089794,600,0,0,0.9994420138418746,2.0090700319364108,5.5570997977256775,5.925203668773174,6.3714649573961895,-0.6723686286434531,0.00598500575715055,2.8691350384553274,317924
541,105.44697659668554,600,0,0,0.43631893236846064,2.2677094036536154,5.49150110433499,5.784421812494596,6.236779310305914,0.05531311787044008,0.005608611677307636,3.010663172403971,318524
542,139.27514597055344,600,0,0,0.7640029907376735,2.8249090777373715,5.296838455100854,5.272754870553811,6.1428702648480735,0.3834474208764732,0.005782935845199972,3.074407619635264,319124
543,125.32610247273614,600,0,0,1.5467421126700012,3.6808154498723744,5.196936947107315,5.605337428649267,6.110012737115224,0.06314511787767212,0.0061526544749115905,3.0122291847070057,319724
544,133.03297176054127,600,0,0,0.6435560915657697,2.6346612798291043,5.5036597280701,5.850957361459732,5.997846296429634,-0.2848180338429908,0.005911602215686192,2.9444476000467934,320324
545,-789.1058123705355,280,0,1,-0.015144171432528442,4.121631503369109,6.168270617723465,6.082515358286244,5.9472331494092945,-0.6357325159013272,0.0056469161578986266,2.8769252002239227,320604
546,-38.453210321669474,600,0,0,1.0003711474242674,2.521257723575354,4.729622834026814,5.1963699046770735,6.00195546289285,-0.2868442373163998,0.005370485826861113,2.944834086497625,321204
547,-1272.01069830356,600,0,0,1.4797398539285878,2.2729907956928623,5.40439237544934,5.78501906901598,5.858385142882665,0.4234172531465689,0.005549226145570477,3.0814123078187308,321804
548,124.74729383324079,600,0,0,0.9998823360646507,3.4220781311684343,5.484099874695142,5.720210472345352,5.790050594409307,0.018085762535532315,0.005746449478901922,3.003445748090744,322404
549,253.41860775316343,600,0,0,0.92852720184573,1.7369725480726161,5.243296768069268,5.559679778714974,5.72938123712937,-0.09911869041621685,0.005812649071061363,2.9807395883401235,323004
550,132.27335602562928,600,0,0,0.42833901867866786,2.6676889450211854,6.104755472441514,6.0521375677982965,5.631403169035911,-0.04508803334708015,0.005624395013631632,2.991202948888143,323604
551,246.9904351898847,600,0,0,1.0477854774087336,2.086394713447052,6.228656995395819,6.324962844649951,5.694998526970545,-0.2678172208182514,0.00545579892816022,2.94838747382164,324204
552,60.20171179798478,600,0,0,0.29317226408475017,1.2707712103495346,5.401198939581712,5.799606398145357,5.440037599503994,0.6796548311163981,0.005664160744442294,3.131300785938899,324804
553,129.14545347479924,600,0,0,0.7310440528218931,3.444933744675741,5.101662943760554,5.155518601934115,5.29564502676328,-0.8079174654309949,0.005730383128393441,2.844017546971639,325404
554,226.5745272966271,600,0,0,1.0515678551480587,2.276877433095788,5.627840287387371,5.703060556252797,5.297142001241445,-0.04018366811797023,0.00534936511501049,2.9922565869490305,326004
555,-43.88518970065814,600,0,0,0.1763575962271693,2.0449008174457237,6.417518152097861,6.02438246846199,5.394411685268084,1.4973342702165247,0.005691170283438017,3.29018901348114,326604
556,245.32812342766152,600,0,0,1.4587088295600918,1.31434859991423,5.957427678108215,5.929133842686812,5.1011347968379654,0.3503768452381094,0.006359320854923378,3.0691707213719686,327204
557,143.27456379918561,600,0,0,0.756816010985574,2.954384667406332,4.586901824772358,4.69431701819102,5.04850593239069,-0.21384824334954222,0.0063514468989645445,2.9576990739504496,327804
558,179.9944017472629,600,0,0,0.5693648269956926,1.2823063512939434,5.762691831290722,5.2402823928991955,5.085738688955704,-0.4089258445240557,0.006052374672920754,2.919728637536367,328404
559,134.48155203218258,600,0,0,1.4888087528511247,3.1001067230956876,5.841505329608918,5.856999195714792,5.154677998721599,0.4260226658917963,0.006203014108662804,3.083546297152837,329004
560,117.9559591559083,600,0,0,1.0726435352282153,4.3301023848140785,5.882882242997487,6.063898343443871,5.045875732923547,0.2531590028014034,0.006494308661979933,3.050082811911901,329604
561,182.61032953910296,600,0,0,1.2427807304543652,2.5605437361139187,5.3479104469219845,5.248772468467553,4.857121566434701,-0.01233867382009824,0.006678570337438335,2.9974874985218047,330204
562,122.1255381255928,600,0,0,0.6971080714108289,3.937318706169004,5.475051065981388,5.371629903713862,4.99098703806599,-0.554414192934831,0.006126110897554706,2.8906269268194835,330804
563,174.25081511603813,600,0,0,0.9238238096533256,1.4847961103540854,5.650254264076551,5.483109797736009,4.624176130952934,0.6960051862336695,0.006305356268615773,3.1374977978070575,331404
564,-115.95907705232017,600,0,0,0.14826270776142847,3.8876832023873416,5.513320659001669,5.6489982525507605,4.501521676654617,1.2159034629476566,0.007269448280179253,3.246494439045588,332004
565,149.6312768774881,600,0,0,1.5248839746753304,2.451342749503916,5.808664907217025,5.646326918303966,4.2471201614042124,-0.02211351423213879,0.007850524087746938,2.995415897369385,332604
566,157.1883072304134,600,0,0,0.951156077099581,2.140258313476202,5.756133970220883,5.709187980790933,4.106633178343375,-0.12537305612117053,0.007520553228290131,2.974166084130605,333204
567,239.48460678470627,600,0,0,0.9585581982177211,1.9944219425830816,6.726901088754336,6.5098253717025125,3.852486739854018,0.8267534202213088,0.00817356632091105,3.1714413714408876,333804
568,130.97562531540507,600,0,0,0.6304724999638828,3.334812141385801,6.774878402749698,6.49065311451753,3.72085570457081,0.8057959957948575,0.00906324533900867,3.17093261996905,334404
569,115.40653836530001,600,0,0,0.9117753095280728,4.396395316545692,6.97420330007871,7.072186759312948,3.324585177898407,0.3719056349247694,0.009608162807611127,3.080086053609848,335004
570,107.04733556592308,600,0,0,0.45003574113569467,3.773612320177895,5.861148636738459,5.748584768772125,3.0249481350618104,-0.5968016555905342,0.009747175642599663,2.8716369525591534,335604
571,24.560978505672068,600,0,0,0.3248400490001351,2.7359229926942406,6.140843086441358,5.991246340076128,2.9221424230188133,-0.13884519477685292,0.00883563748250405,2.9703565589586893,336204
572,154.23591043518937,600,0,0,0.9455126153082205,3.222271825573287,7.293774967590968,7.3227375562985735,2.5707597024490436,1.0789078820869327,0.009684903852952023,3.2321710538864137,336804
573,143.1499625506771,600,0,0,1.2177263361090025,2.484658349978673,6.293405560453733,6.538074938257536,2.354843306019902,0.18748716228952012,0.010297995440972348,3.04097599029541,337404
574,-20.27015471750523,600,0,0,0.10236801416551605,2.6855791033178673,6.458178390065829,6.550521896680196,2.175376357442389,0.41953421002874774,0.010615285650516549,3.0925860754648844,338004
575,110.23468244225779,600,0,0,0.41962724005506435,3.567115914590857,6.2397324285904565,6.029289440910022,1.958849025418361,-1.1889679999773701,0.010388454068452119,2.7399415798981983,338604
576,118.39379586592321,600,0,0,0.7256006758631885,4.215240954057206,5.444526804685593,5.0654285141825675,1.899038300998509,-0.34387333632136385,0.00930627030475686,2.926325129667918,339204
577,150.07013280036193,600,0,0,1.2472614428003748,3.113867118887614,6.282168980638186,6.036497310002645,1.7734578351055583,0.20040007386977474,0.00922072584896038,3.0428327600161236,339804
578,120.38737050045256,600,0,0,0.7361926163160473,4.131933673833615,7.578002029259999,7.08979660153389,1.7908090264288088,0.07513959392284354,0.009747323839304349,3.0160374383131665,340404
579,25.08392425119533,600,0,0,0.2995268308501945,3.4723516177706517,6.393059925238291,5.9057852774858475,1.4480235667154193,-0.027210352085530756,0.009499888120529553,2.9940669306119285,341004
580,131.7497621497013,600,0,0,0.8045545560848779,3.355845392210687,6.116342251400153,6.1659427726268765,1.4223850839833418,0.4177061156804363,0.009881062687685092,3.090299108028412,341604
581,145.79777539939042,600,0,0,0.6363288689470343,2.351375837833719,5.994152893225352,5.155568431019783,0.9569816863164305,0.7058533890110751,0.010502677056938409,3.155320863723755,342204
582,56.984472642352316,600,0,0,0.24159872524840353,3.0690021095873226,6.260185743669669,5.993813984294732,0.9763981816793481,-0.4747993295826018,0.010902022059696415,2.895010254383087,342804
583,133.41455183952792,600,0,0,0.8146979030339719,3.153305476303532,5.741786914467812,5.476813335220019,0.9221214955362181,-0.5915040802707274,0.00999407698555539,2.8714540950457255,343404
584,88.45658702965173,600,0,0,0.4896513813213652,3.87344259505932,6.188268357912699,5.570445866982142,0.8600399530306458,-0.6423693087231368,0.009105617251868049,2.8630668580532075,344004
585,146.50078123926076,600,0,0,0.8778252890406193,2.299218712388303,6.361722361445427,6.223768953382969,0.8707315579429269,-0.5121177469628553,0.008366965940222144,2.892781453529994,344604
586,82.79177445833916,600,0,0,0.4262656680545469,3.478468448604826,6.832070705294609,6.443413929541905,0.7546403008699417,0.46425509817898275,0.008146433347525696,3.09698903520902,345204
587,129.79025523398792,600,0,0,0.793398579707618,3.452514171828955,6.7470046127835905,6.307540665169557,0.5263136455913385,0.6753038598845402,0.00908702626513938,3.1436610368887585,345804
588,129.96832592525436,600,0,0,0.9127080125357789,3.4822987148788673,5.303900383412838,5.420043391386668,0.4572269383569558,0.3066821124404669,0.010180920396621029,3.0661463276545207,346404
589,177.68434058078162,600,0,0,0.7402663147553994,1.8736271927354833,5.023837300539017,4.909639230966568,0.2964578754082322,-1.2424545265299578,0.009136199454466502,2.734165945450465,347004
590,131.0779691039915,600,0,0,0.8685090584036221,3.3239447821957495,5.624186620712281,5.253205421070258,0.1732463862063984,0.10582927908127507,0.008658125412960847,3.0222791675726572,347604
591,114.50441176979508,600,0,0,0.7153340166690938,4.423286361744582,5.604326724012693,5.587568338712057,0.016281663961708544,1.1311232291224103,0.009489237220647434,3.24244273463885,348204
592,34.57356721639226,600,0,0,0.930317484537616,5.203879023290167,5.046439830164115,4.97473641137282,0.05123109269887209,-0.04368903039644162,0.010102053560937444,2.9904468003908793,348804
593,97.37452122694536,600,0,0,0.42296734180835815,2.9761792006610825,5.5033069932460785,5.168359001974265,-0.3148937790219982,-0.009673370563735564,0.010168324002685646,2.997870122989019,349404
594,144.92475482124436,600,0,0,0.6085347369827836,2.703290195475759,5.803574930429459,5.661020569105943,-0.2650828635320067,0.5203863260770838,0.010403828617806235,3.1140529986222587,350004
595,10.410502729337153,600,0,0,0.34881795881043587,3.4314654672013796,6.032115319172541,5.828613240917524,-0.46631525522718825,-0.5750490732925634,0.010675878111893931,2.873866302569707,350604
596,117.89870458242295,600,0,0,0.5899911195451466,4.206574156220177,6.207623706857364,6.059453500608603,-0.5482309092829625,-0.6348955257609487,0.009606247933891912,2.8633913588523865,351204
597,-24.670765376160226,600,0,0,0.2575325999514546,2.4973372586515286,5.82823440849781,6.009112201531728,-0.6897122471903762,0.14073306541889907,0.009117293264716863,3.0300093154112497,351804
598,156.24485921479192,600,0,0,1.1338595252353723,2.4747374285935733,5.589513259132703,5.682843185464541,-0.8584610897302628,0.31692152926387884,0.00952644448261708,3.068136328458786,352404
599,125.722551322875,600,0,0,0.5430717977295162,3.1221847909287033,5.09981808513403,5.02873230834802,-0.8857133418818315,-0.19853059267625212,0.009632081639332076,2.9571408371130627,353004
600,136.3733264126928,600,0,0,0.8193463423113072,3.0151940866347635,5.675116715927919,5.9826542450984315,-0.8044843066359559,-0.613800777780513,0.008975758993377289,2.86938463528951,353604
601,140.67602840053922,600,0,0,0.7910867936875181,2.752682572310512,5.454463063379129,5.231679659883182,-1.1510162590195736,0.010004590743531784,0.008773161130957306,3.002083604335785,354204
602,108.99979999711225,600,0,0,0.6452721491357878,4.8387522898150905,6.45007376174132,6.524867859482765,-1.169553736510376,0.5993769987734655,0.00912517031809936,3.127452028989792,354804
603,-18.508464934699788,600,0,0,0.24244713901294862,3.0874191769163035,6.096795018116633,5.793191580573718,-1.2842923974369962,1.1588994807439545,0.010572983790189028,3.2535385406017303,355404
604,4.531368948573507,600,0,0,0.19938725204205876,2.881178195997244,5.625177760521571,5.628899917105834,-1.4596038930490614,-0.2727005831897259,0.011098190491708616,2.93947629570961,356004
605,147.33928712952488,600,0,0,0.888433001713526,2.3201742621907826,5.811301390528679,5.673995453516643,-1.576182081401348,-0.251713749623547,0.010565085333461562,2.9446139979362487,356604
606,-152.34720526345038,600,0,0,0.20018627945418593,6.484712024592606,6.153013981382052,6.0073324767748515,-1.7363100376911462,0.4150394431874156,0.010775320008397102,3.091509685118993,357204
607,124.27808807718499,600,0,0,1.4324794478103624,3.8408197540708287,5.9457369230190915,5.629411304692427,-1.7364504718780518,0.19341784086699287,0.011300901991004746,3.0430957651138306,357804
608,135.72702377011018,600,0,0,1.0136745369908229,3.0526518879721367,6.246239150861899,6.052850967645645,-1.6969408895199498,-0.03302940602103869,0.01154761113692075,2.992575641473134,358404
609,144.82386503166953,600,0,0,1.3497662049902337,2.682474163806287,6.1964005772272746,6.2485917470852534,-1.8286061252529422,-0.11660300466542442,0.011310215859363476,2.973911561568578,359004
610,130.5319095704692,600,0,0,1.0919749000732466,3.298157907091364,5.919991053740183,5.83768295109272,-1.7477681731618941,-0.9448955223460992,0.010417345045134425,2.79308983763059,359604
611,138.82101188635866,600,0,0,1.0595385665972277,2.838887768304517,6.062571790615718,6.173998998403549,-1.6801106204837561,0.3979567412721614,0.009739778954535722,3.0862031245231627,360204
612,31.498379138621512,600,0,0,0.4012959509740528,2.3346579253747684,5.84111597597599,5.609636174440384,-1.6596275803198417,0.7786409759707749,0.010393652343191206,3.171844474474589,360804
613,-111.08458171532628,600,0,0,0.2995428930094657,2.9977234434277014,5.770094061295191,5.825594276388486,-1.9695876724893848,1.187135981048147,0.012408468668969969,3.2692655229568484,361404
614,116.1754482532054,600,0,0,0.7681664146719764,4.312326108846061,5.171914618313313,5.1905929269393285,-2.288377407553295,0.17628901383529108,0.013266479428857565,3.0407047601540884,362004
615,128.41421608141522,600,0,0,0.5719567127141589,3.432060091463738,4.605031689107418,4.924258699119091,-2.2030011555800835,-0.7632251158108314,0.01294139159998546,2.8251459296544392,362604
616,137.31284072693072,600,0,0,0.6118590692711782,2.8704769405875705,4.989603938162327,4.947280903557936,-2.321872138803204,-0.4787784710029761,0.011443688112000625,2.892379456758499,363204
617,158.24711412596324,600,0,0,0.5636261885639389,2.157388798334368,5.633382285833359,5.833837629357974,-2.444680092384418,0.11796570859849453,0.011855554096400737,3.0262080903848014,363804
618,163.0290037321879,600,0,0,0.8168764738040596,2.5927095613434448,5.622096820871035,5.4533581122756,-2.6718487728138767,0.383624446267883,0.011560311728777984,3.086227453152339,364404
619,131.47494993831882,600,0,0,1.2389134628073348,3.418629878392175,5.209998726646106,5.267669178644816,-3.0025328542416294,0.520253081228584,0.01278549716807902,3.1183835701147715,365004
620,161.24496721122333,600,0,0,0.6112928027336694,2.015888884840176,5.109011195003986,4.96900875488917,-3.263666838866969,0.6675333512978008,0.013115505430226524,3.1545937021573383,365604
621,125.52390943412541,600,0,0,1.3450549831697356,3.734471893884532,4.3204015896717705,4.472357808947563,-3.468991979981462,-0.6258637717055777,0.013947543155712385,2.854725048939387,366204
622,27.32155530379618,600,0,0,0.44254358947496664,3.267026842380937,5.074513822098573,5.051201763947804,-3.4582444263249634,-1.1950290643796324,0.012023146535890797,2.729587672154109,366804
623,129.17952852204368,600,0,0,0.5810563738613783,3.3438091368600755,5.35514262765646,5.565376880764961,-3.5104872379700343,-0.8745594088360668,0.010724779819138348,2.807270747025808,367404
624,115.58385571064278,600,0,0,1.2166154144275867,4.40189879320956,4.549410430788994,4.64853789071242,-3.685177576256295,0.9924547249699632,0.010413512182421982,3.2187419303258262,368004
625,134.98453122237083,600,0,0,0.6591633675669689,2.9548899582948955,5.327515579462052,5.122669542133808,-3.9566906335825722,1.4547266301326454,0.01236378899620225,3.3299506457646686,368604
626,117.89495339390547,600,0,0,1.4292657954569836,4.205579386338263,4.723851174513499,4.842291083435217,-4.143481717705726,0.42778349267318844,0.01319408706544588,3.0991726410388947,369204
627,125.57640330139996,600,0,0,1.0889027269250993,3.7898918575313827,4.489134483238061,4.390711161196232,-4.509877340147892,1.1029141575843096,0.014334798355897268,3.2612137997150423,369804
628,112.87895949674363,600,0,0,1.271517025651664,4.508685872209435,4.990660020609696,5.079661958018939,-4.545491268535455,0.36797282928600905,0.016216823315868774,3.0888947331905365,370404
629,-81.38795133110297,600,0,0,0.4132551923889326,4.2741610356483335,5.358579607705275,5.253564647038778,-4.808751645783583,-0.5021964161843061,0.015980372570144633,2.8787813876072565,371004
630,116.51753251883126,600,0,0,0.6414160639715974,4.340948986618164,4.205214589834213,4.4647082003951075,-4.870962564200163,-1.1694964567633968,0.014470584716958305,2.7247273961702985,371604
631,121.2969419466642,600,0,0,1.3640754933515171,4.007953907471435,5.368505931794643,5.136496705214182,-5.02701549500227,-0.45218958711251617,0.013055994948372245,2.895927585363388,372204
632,115.17380382263265,600,0,0,0.5397453888051409,4.009983580518047,5.554511430561543,5.701272085110347,-5.0421729632218675,-0.3759494490673145,0.012062858330706755,2.9144680694739025,372804
633,117.11757735180181,600,0,0,0.8306595569600526,4.217733091644912,5.080336221754551,5.066243381698926,-5.3040716177970175,0.7780456791445612,0.012609469643794,3.1779355037212373,373404
634,121.89741626011606,600,0,0,0.8618369341408874,3.971259345275759,4.499279612700144,4.511850373148918,-5.516176432520151,0.4041242454573512,0.013952699129780134,3.094141093492508,374004
635,198.87209003414682,600,0,0,0.45594619400312997,1.01429761184219,5.067099614838759,5.081815097431342,-5.629271350006262,-0.7535450573079288,0.013462649015709758,2.8254112549622854,374604
636,-26.394200057512894,600,0,0,0.17934053376754888,4.98298408224673,4.92668259570996,4.88590212404728,-5.8706645568708575,0.20032404398856063,0.012889286043743292,3.0459085663159686,375204
637,132.88541113271586,600,0,0,0.5752228175741746,3.105936916983592,5.2106568006674445,5.362062501013279,-5.869396330912908,0.3003543372017642,0.013330678733376166,3.069469422499339,375804
638,132.67768626330812,600,0,0,0.84472734716422,3.32371561757655,5.788270517885685,5.512618759870529,-6.129500960608324,0.2718877306518455,0.014007430242684981,3.063534545103709,376404
639,-531.8157379158604,368,0,1,-0.009351150279199527,6.102976706766281,5.0852221359053384,5.089352690655252,-6.358806535601616,0.7045695917356921,0.014649271884042284,3.166985030407491,376772
640,137.1250751349041,600,0,0,0.6410430049592759,3.008627806524714,5.280615249077479,4.997725519041221,-6.489820359547933,-0.865363131115834,0.015053965806340178,2.795585508942604,377372
641,104.49386451899288,600,0,0,0.3980151222900418,1.7092656706838227,5.184394267598788,5.168247484366099,-6.530872497558594,-1.3428254277134934,0.012752769053913654,2.6925590121746064,377972
642,143.6989098698563,600,0,0,1.3744599698250453,4.130605689080119,5.271257495284081,4.996371632913749,-6.616979081829389,-0.22331376406674583,0.011574395055261751,2.94988388578097,378572
643,175.67505407860995,600,0,0,0.47182079520678377,1.187916563113552,5.663525002797445,5.132095766166846,-6.7003504753112795,-0.5576663107549151,0.01100358262192458,2.876221384207408,379172
644,116.34045214757745,600,0,0,0.2481377253434408,1.4785153434363398,5.528703145186106,4.799667917788029,-6.801631705760956,0.07669503346085549,0.010545729302490751,3.0168423640727995,379772
645,242.17572194301664,600,0,0,0.9358515563800153,1.4808034025507626,5.721724215745926,5.390545280575752,-6.775591747363408,0.39711717767020066,0.011310762643503646,3.088044925928116,380372
646,117.03720928643976,600,0,0,0.9610428791180193,2.6240737288806564,5.278513520260652,5.244677589039008,-6.847693887452285,-0.8876696489875515,0.010482769273221493,2.8042240631580353,380972
647,291.6346505719694,600,0,0,0.7414062158213448,1.3424412722878454,5.290313484470049,4.923245147963365,-6.893820925752322,0.2130828324643274,0.01012850483879447,3.0464992344379427,381572
648,640.191713075889,379,1,0,0.7230445490910455,0.39191712883100466,5.220501662873341,4.9666318651239605,-6.936541395325774,0.841089699692572,0.010686127594266686,3.185769159749819,381951
649,360.9330304079095,355,1,0,0.777846959179562,0.39445682904944923,5.674193054857389,5.340325264527764,-6.921821002557244,-0.6398418717925817,0.01108092312556757,2.858123894140754,382306
650,355.0811230958782,600,0,0,1.0255854616762847,1.4538283021162237,5.9975739085674284,5.983590618371964,-7.138321002920469,0.07644918873285254,0.010713712894357741,3.016828819513321,382906
651,331.59312515075476,600,0,0,0.874808203935936,2.6638305131221256,7.4780029814442,7.453152956763903,-7.224264589945475,0.20676157706727585,0.010915766065008938,3.045768827199936,383506
652,214.2143584506762,600,0,0,0.44826037489873094,1.0633744131747658,9.717743802368641,9.529758101602395,-7.453557888269424,0.14741506919264794,0.011075393967330456,3.0328424827257794,384106
653,-362.1611893390913,600,0,0,0.3572594285466431,1.2441653600112785,8.108400246103605,7.6312492315967875,-7.796809897820155,1.1844611427187919,0.012347893708695969,3.2704618306954703,384706
654,325.6308287164937,600,0,0,0.8307302235489229,1.1732614769751515,9.541920977830888,9.45669220884641,-8.128669575452804,0.3291635574772954,0.01423457104091843,3.077021746635437,385306
655,-215.60875328273303,62,0,1,-0.08618170912775525,7.060163379500108,5.002809382254077,5.121967800201908,-8.075638178856142,-0.5346416792561931,0.014265567529946566,2.8741711262733705,385368
656,-626.2723460072825,501,0,1,-0.002259701432828831,3.018192688814537,10.944727833042602,10.403025496505691,-8.416913798707212,-0.6419071638715006,0.013511526052600252,2.850319958970456,385869
657,669.5839626430223,396,1,0,0.5408933992879117,0.3936954262620933,6.982523180318601,7.353754707057067,-8.564011524422,0.4802394320605078,0.013323280026647026,3.111457550766492,386265
658,255.0371700670344,600,0,0,0.6459406303274882,2.2595345227385675,16.869443615277607,17.25102361947298,-8.897701923449834,0.8046285836398601,0.01484574913047254,3.19031267285347,386865
659,292.59699199969845,600,0,0,0.5466723628465404,0.5910953873429472,11.797988303105036,11.87645944237709,-9.235555964310963,-0.7399479192619522,0.014720353299441437,2.8245786956946053,387465
660,70.70773387497216,600,0,0,0.978102491013478,1.2328526930528163,9.524788103401661,9.631066824595134,-9.474500046173732,-0.5747928093994658,0.013455071620022256,2.8667563792069752,388065
661,209.45514209983145,600,0,0,0.3442891318863547,1.7612952881027122,10.96374377131462,10.854756270845732,-9.532010359764099,-0.43423021051101385,0.012167390434381862,2.9010607945919036,388665
662,246.37569756709894,600,0,0,1.45675335514711,1.470481803112992,7.168217499057452,7.421874022285143,-9.799224619865418,0.7356190637188653,0.012818860285915435,3.1682624892393747,389265
663,308.2432214050189,600,0,0,1.384618992745408,1.2781866650062121,12.3170231945316,12.285694388349851,-9.921745738983155,-0.2318737729017933,0.013267386054309705,2.9464404094219208,389865
664,-490.21343040622264,600,0,0,0.06367810800959106,1.9678323602949206,7.670479661226272,7.170627100070318,-9.927905388673146,-1.2296294785787663,0.011785358033763866,2.7232198015848796,390465
665,711.3889291285095,594,1,0,1.7965070639415726,0.39586364664030294,7.02723021840407,7.347839949909686,-9.985031399261269,0.7147094842222103,0.011190639760169617,3.159262599367084,391059
666,625.0567241583014,533,1,0,0.6361020808776541,0.39910299869515903,10.324221997726255,10.297499143383964,-10.158115721554067,0.5381584250303527,0.012481146404697904,3.122147438002796,391592
667,253.8165777488676,600,0,0,1.3852745208063681,1.2587461679721357,10.838507640163103,10.671005614598592,-10.327655582427978,0.4801790966528157,0.012945308826553325,3.1107617100079854,392192
668,-716.6364663191686,600,0,0,0.9428055282578349,1.4793958590412584,10.727248031099638,11.13631633579731,-10.462686689694722,-0.05467652304718892,0.013732626327934365,2.9872310614585875,392792
669,333.6039685646993,600,0,0,0.6541760093141153,1.3499983791427996,7.704437157710394,7.886721321940422,-10.588726704120637,-0.08043473801265161,0.01353486712090671,2.98124080379804,393392
670,-228.85022451245842,600,0,0,0.3286199746075652,1.038179738451992,8.207965157429378,8.306147292852401,-10.657026115258535,0.041252074670046567,0.013306931531988085,3.0095052778720857,393992
671,259.1105159444367,600,0,0,1.6923646319493124,1.4228736330725464,14.55648126979669,14.59086476544539,-10.584936603705088,-0.4287678158842027,0.013084261406523487,2.9013423895835877,394592
672,-316.29968994065496,600,0,0,0.3088364058070373,1.5779665987910376,12.62432582616806,12.627617643078167,-10.887681035995483,0.8185672482196241,0.01321097450175633,3.1895220335324606,395192
673,180.16881775514645,600,0,0,0.18550020083176638,1.4781245493440143,14.086215735077857,13.89151353865862,-11.07130314429601,0.2708497623292108,0.014603098390313487,3.064058273633321,395792
674,131.33691925300818,600,0,0,0.7623474594245678,3.334141070367555,9.173821681340536,9.3391805434227,-11.2149041390419,0.0032692192184428375,0.015250167626266678,3.000742367506027,396392
675,297.19638666695494,600,0,0,0.6529695966595626,1.134407936274731,8.807932096521059,8.721081783572833,-11.232628604571024,-0.025325774295876423,0.015154927136997383,2.993889725605647,396992
676,267.3282198354529,600,0,0,1.0815624974878588,1.7184958322979214,12.333746187289556,12.19068399866422,-11.285741284688314,-0.01950763411199053,0.015026699161777894,2.995329281489054,397592
677,449.98890951215526,600,0,0,0.5639298257059623,0.5818324904067355,10.31164607167244,10.297795729637146,-11.631091239452362,-0.04267695960278312,0.014693570452121397,2.989826504786809,398192
678,293.7902199742086,600,0,0,1.5862592734751446,1.3145441823815296,10.565817783673605,10.688627584775288,-11.559792669614156,0.08788643816486001,0.014729379409303267,3.020787212451299,398792
679,412.7927041929629,600,0,0,2.240598593480806,0.9309951435686739,10.726303262710571,10.881024414499601,-11.965155998865763,0.7727357005452117,0.016324141644872725,3.1867435586452486,399392
680,323.4915023208353,600,0,0,1.1352069481277693,1.047239773214366,6.916964643398921,6.933116756677627,-12.176911571025848,0.06912212148308754,0.0170273174593846,3.016870645682017,399992
681,305.50514827651915,600,0,0,1.2473260797928676,1.099544835133267,8.270302874048552,8.12626935839653,-12.384571903546652,0.4487447648247083,0.0180074561573565,3.1114027829964956,400592
682,265.1191952950645,600,0,0,1.3139285529503213,1.4575535428032356,9.949937295516332,10.213746054967244,-12.560089325904846,-0.13065875707815092,0.01855263693568607,2.967244296868642,401192
683,72.1609844074984,600,0,0,0.14641328485211702,2.1016164817586502,8.912812678317229,8.856080265839894,-13.025873003005982,-0.0009006129732976357,0.017908323922504982,2.9997337365150454,401792
684,219.4037378466348,600,0,0,0.9277706908799987,2.045551379861491,11.343429416020712,11.796676611304283,-13.068927790323894,0.05288971649482846,0.018113804375752808,3.013174218336741,402392
685,-222.44061257934584,47,0,1,-0.009917858458398987,8.510072615567442,6.476102740206617,7.0932682422881435,-13.42973678670031,0.345759945822523,0.018379346487369944,3.0864886730275254,402439
686,326.1604792879126,600,0,0,0.6003853542041664,1.7981610075199745,8.61276255985101,8.504291319449743,-13.538864444096884,0.13964396560564638,0.01894300654840966,3.035033098856608,403039
687,197.07170260058385,600,0,0,0.5789750310818598,2.150287304222707,14.113695527315139,14.231292671759924,-13.83455373287201,-0.5310975372977554,0.01814711851067841,2.867794226805369,403639
688,125.57669338289519,600,0,0,1.2225368801259937,1.3317071378820469,7.974273328582446,7.757084133823713,-14.136261496543884,-0.04599139901498953,0.016685323022926846,2.988670045932134,404239
689,305.09368490738535,600,0,0,0.5260382830334346,2.918773932026717,12.230131972233455,12.620462520519892,-14.353935411771138,0.019184719848756988,0.01647075716406107,3.0046187698841096,404839
690,337.18738865455674,600,0,0,0.7199170121372278,1.3162790041398666,6.468890143036842,7.004530694286029,-14.708362895647685,0.0870376509676377,0.017681322619318963,3.021235037644704,405439
691,320.4027858542521,600,0,0,0.9435138557871943,1.311486924989441,7.295786831974983,7.322698486844699,-15.137586439450581,0.2675704982317984,0.017803881509850423,3.0662001279989877,406039
692,-35.74156220878445,600,0,0,0.015216862716765034,0.8955271656127707,12.17218282341957,12.409202383160592,-15.381114533742268,0.05282963789378603,0.01820335628154377,3.0131422718365988,406639
693,254.6450809224197,600,0,0,0.7661376104559704,1.6157298420556507,19.131813911596932,19.585904724995295,-15.791884598731995,-0.14653753887861967,0.018253578866521517,2.9634854519367217,407239
694,109.60120108668927,600,0,0,0.324749014453406,1.974808798236659,11.921056103905043,12.034095307588577,-15.876899649302164,-0.317028356132408,0.01703167294462522,2.921983465353648,407839
695,303.79266059172204,600,0,0,1.6673048466364793,1.0332628582151735,13.981846471230188,14.289204592903456,-16.45394659201304,0.22169462699753542,0.01710569633481403,3.054340447187424,408439
696,37.043281179000935,600,0,0,0.41817027846619714,1.7000528551548497,7.433866626620293,7.6714063586791355,-16.895736166636148,0.4983055036701262,0.018460566584641735,3.124387674331665,409039
697,202.2845036105917,600,0,0,1.7634562570019257,2.591465034964137,7.149737097620964,7.116322688659032,-17.210386584599814,0.2676781588916977,0.019423394507418076,3.068067831993103,409639
698,169.76463791073397,600,0,0,0.33339828487002443,2.1322307306024597,15.633013487259547,15.978219437797865,-17.327863744099936,-0.12053537666797638,0.019438238882770142,2.9690594081083934,410239
699,-394.7915359437928,600,0,0,0.10905305645559094,3.1914867443912374,10.001752458612124,10.133973824779192,-17.748744932810464,-0.39288704267392555,0.01914756399579346,2.900806930065155,410839
700,-4188.573144408781,600,0,0,0.5468287756734005,3.2376936731939328,15.007662872870764,14.125924269556998,-17.780036069552104,-0.32905626858895026,0.01772490721195936,2.918251058657964,411439
701,-209.22581964245623,65,0,1,-0.06728364659247033,7.689491062210702,18.153126628582296,18.88746623809521,-17.650906606820914,-0.5796317691986378,0.017207427638081405,2.85730765416072,411504
702,-678.9855400413388,600,0,0,1.125231439603187,2.9021973210004677,15.086396795511245,14.614013889233272,-17.854411191940308,-0.34492989648133515,0.016677697813138367,2.915862090587616,412104
703,146.67244783487038,600,0,0,0.5295087023811557,2.285597934166753,10.806326770385107,10.302547848622003,-18.11443697452545,0.21642193838953971,0.016378745309387644,3.0525573531786603,412704
704,199.0833790662947,600,0,0,0.9929654103347949,2.065489090414503,13.099617047309875,12.493887681365013,-18.13123083591461,-0.10296247689053416,0.016805284696941574,2.974841515223185,413304
705,162.45733849061585,600,0,0,0.5263588981438221,2.3567436479621158,15.35117030441761,14.97249021589756,-18.345191047986347,0.15014754179865122,0.016026099437537293,3.0361506168047585,413904
706,269.24065597044546,600,0,0,0.8931909934039608,1.496763735304353,9.934979464213054,9.667302098472913,-18.439606618881225,-0.12341389737402399,0.016191059676930308,2.969964750210444,414504
707,319.1194072362979,600,0,0,1.7200693146118764,0.9451162028422521,12.426618372003237,11.743931707938513,-18.531358375549317,0.26851631574953594,0.017021219556530316,3.065329023996989,415104
708,-72.22978914651588,600,0,0,0.5848193865870571,2.027844967322786,12.934109479188919,12.688307088216146,-18.55255219300588,0.37071972982957957,0.01737166369954745,3.0913122324148814,415704
709,312.5710865983047,600,0,0,1.1034776085809805,1.5011876129986783,13.417055297891299,13.102422804236411,-18.507053333918254,-0.5909952369704843,0.01712156959498922,2.854504071076711,416304
710,-35.09728317742389,600,0,0,0.3026216882891739,2.116215469332214,12.324534444610277,12.03575555920601,-18.49152635892232,0.1591091081686318,0.016493549443160494,3.038766343196233,416904
711,180.094045810835,600,0,0,0.41893048209164474,0.897730500681102,10.651934435566266,10.422021403710048,-18.680346331596375,-0.38351888783896965,0.016251054756964246,2.9067147012551624,417504
712,-182.5514952826302,600,0,0,0.28619889907656515,2.3614270669053603,15.043059064944584,14.95989904642105,-18.770584535598754,0.008041505453487236,0.01619146536104381,3.001892604827881,418104
713,379.94196661939674,600,0,0,1.6771368709919452,0.7944180524932677,13.918215616146723,13.785419914126397,-18.932065404256186,0.24702746339763204,0.01602161357489725,3.0598746073246,418704
714,333.8795133143684,600,0,0,1.8012786049764449,0.8053617465251925,11.709061296780904,11.394736898144087,-19.05742136478424,0.1045428782949845,0.016624547100315492,3.0254804384708405,419304
715,307.03141000838497,600,0,0,0.7858133255578041,0.9577122337360062,10.178637874325117,10.125194052259127,-19.082528649965923,0.02005660972247521,0.01708831132389605,3.004862208366394,419904
716,357.9823248727354,600,0,0,1.971192223016249,1.1178374190298972,10.670516401529312,10.42024471481641,-19.224380888938903,-0.10598287226011356,0.0168028581670175,2.9740372304121654,420504
717,324.22088628164903,600,0,0,1.3689591516116923,1.0926404023040368,8.377672664920489,8.2308798233668,-19.41931780020396,-0.2531098342190186,0.016178442171464365,2.938558603525162,421104
718,177.20804030115326,600,0,0,0.12243262187491,1.1700032968113558,11.64399572789669,11.74048946082592,-19.737521883646647,0.30051762658481795,0.015865416893114645,3.0729020341237385,421704
719,236.7679697572315,600,0,0,0.49327627903999505,1.2669467807292092,10.34524118522803,10.084682300686836,-19.92486714363098,0.2561534417110185,0.017398307826370002,3.062961585124334,422304
720,-257.950215805386,70,0,1,-0.023998815677660823,7.489003714042217,7.221945784773145,7.470151570865086,-19.75902282169887,0.40277968565268174,0.01766503549047879,3.0997636216027398,422374
721,418.1351869433917,600,0,0,2.0672715574872393,0.8417513732778034,17.000825478235882,16.846010152697563,-19.90172649860382,0.18821523178058366,0.018452377853294212,3.0468019902706147,422974
722,425.39384007601524,600,0,0,0.5036695950163248,1.7183037198465354,13.463209478259087,13.224613462487856,-20.153951897621155,-0.30735195899382234,0.01746896607801318,2.9234123281637827,423574
723,417.10887206336906,600,0,0,0.954991823340491,0.6611043524822331,15.032596696217855,14.613747971455256,-20.27699760278066,0.2798117854663481,0.01778510827260713,3.06950283408165,424174
724,434.4896517223856,600,0,0,0.9936246486270623,0.5023269334029873,10.092522864540419,10.14653661052386,-20.652910005251567,-0.252521747375528,0.017851498931025465,2.937147115866343,424774
725,782.7949003196129,553,1,0,1.3307165768134306,0.3948485295654536,10.731125819316608,10.468502762520291,-20.894237695938855,-0.25507756418954397,0.016866856876080333,2.937230424898227,425327
726,786.7395510226302,563,1,0,0.6850864576376388,0.39982962637223385,12.033210765828459,11.271227286933371,-21.072015338850274,0.035469995609767484,0.016767898299871922,3.0086037659518037,425890
727,317.15983654848065,600,0,0,0.8624681202344194,1.223059649045526,13.474114090800285,13.278739241957664,-21.14039673010508,-0.18456801623106003,0.01628042409196496,2.9549537316958108,426490
728,744.731789193167,480,1,0,0.5992505369200687,0.39657368835776835,12.308479298402865,12.529923219730456,-21.2775971810023,-0.05133820892466853,0.016173569411815455,2.987505802512169,426970
729,426.616643553513,600,0,0,1.2685379348740606,0.90306319075498,11.974111995895704,11.924078021446864,-21.392148175239562,0.13146029484147828,0.01651763217523694,3.031919769446055,427570
730,659.4593724271161,560,1,0,0.46786301042328354,0.39961559485993703,14.262658607108252,14.382406648354872,-21.512491287503924,0.009614419717607754,0.01655837618080633,3.0022864345993314,428130
731,721.5543423628417,505,1,0,1.0121937026095789,0.3995721787268134,13.846589375486468,13.806232676647678,-21.79328768890683,0.26643098730704573,0.01698083552614887,3.065315053958704,428635
732,685.1111077542913,347,1,0,0.35411700140743063,0.3947358141605646,12.617417698291263,12.64311073595921,-22.0268621032451,0.009310061385806768,0.017275247078721738,3.002277300749457,428982
733,401.20398961276834,600,0,0,0.5696546765278843,0.9449979807534827,15.907829639315604,15.705958981315295,-22.397459467252094,0.31374552054330707,0.018307231202100715,3.0780225837230684,429582
734,682.3670165820608,393,1,0,0.2702112695789103,0.39441021399331927,20.758405436389623,20.902290614203338,-22.441679568691107,-0.035857127728201356,0.01848724295809372,2.9909861670195603,429975
735,636.5887503657065,330,1,0,0.8745730066561532,0.3945273672900842,19.94465599493547,20.170829923947654,-22.77870816895456,0.4324595357319622,0.019332326694645664,3.108652249249545,430305
736,-134.40680891116097,74,0,1,-0.02923719637604766,4.815678757651645,38.620283513455774,39.2061710357666,-22.525188471819902,-0.28650974009085345,0.01922608456398184,2.9274740992365658,430379
737,649.8571450936678,277,1,0,2.1371083396533055,0.3899652496948251,22.436012166932173,22.057330130239688,-23.077064128558987,0.2282300844035424,0.019381521612620956,3.057822562296898,430656
738,656.3581893368566,246,1,0,0.43423000576309123,0.3927573651548607,17.085841251098042,17.141910651835,-23.019334994680513,0.20760418233136094,0.019681821509105402,3.0528356728515003,430902
739,621.6413561109977,252,1,0,1.1872837936956708,0.38895567115327145,20.16216731875662,20.384509174123643,-23.293652875082834,0.2343049058986325,0.020050585646891876,3.059899197684394,431154
740,444.18261186371353,600,0,0,0.523764336087323,0.7424161278684874,20.753063491781553,20.139169593056042,-23.56562689781189,-0.09496675400684278,0.02020340648169319,2.9756741523742676,431754
741,455.83995000893225,171,1,0,0.126828844893766,0.3993152765309309,22.290809468219155,23.32385518815782,-23.727721643726728,-0.22196349468931817,0.01977070024487568,2.9434545193499293,431925
742,683.1584579602832,404,1,0,0.6333763043724998,0.3987396847477863,27.703639479261813,27.57385621242004,-23.87648351121657,0.21742491525514882,0.019703840491094506,3.055444334403123,432329
743,760.1004842623581,559,1,0,1.2387327529990984,0.28369482653156247,33.52380650990338,33.63359547599697,-24.459669819458227,-0.09156349074755243,0.020508116827561304,2.9765008481116118,432888
744,-159.73747922434958,97,0,1,-0.01728938808614,2.8147963103137212,38.62897236322619,38.13991073726379,-24.67383990336939,-0.2368297943288518,0.019787760201803187,2.939623908898265,432985
745,817.9683373162936,506,1,0,1.1388256706593385,0.3965289486928003,19.78979219089855,20.031331227230933,-24.881142352409512,0.11519960815035425,0.020058481736852245,3.0293687544321353,433491
746,353.6384812518503,600,0,0,0.3542125017678345,0.6288317558255526,22.63362246076266,22.752711134155593,-25.21337468624115,0.024421342356751363,0.02020776504650712,3.0062087265650432,434091
747,774.5916178499891,576,1,0,0.9470946106183523,0.39433213327124855,21.47774239215586,21.774464105773305,-25.464210682445103,-0.027677840255718265,0.01982443544936056,2.9928753309779697,434667
748,340.5187383838499,600,0,0,0.3457104890834265,0.6245464560543188,19.021484358112016,19.186868500908215,-25.70931471188863,0.09763982467353344,0.020583371389657257,3.025014515717824,435267
749,327.16733806099296,600,0,0,0.6358948383890896,0.5967249516532057,21.297943481604257,21.327146801948548,-26.108769960403443,-0.0916208424170812,0.02026167235026757,2.976462811231613,435867
750,450.0677190642633,600,0,0,1.1086011430022116,0.5874778300862784,18.76859072883924,19.080793581604958,-26.186935456593833,-0.37457831331528724,0.019106485322117804,2.905146408478419,436467
751,678.5196046615633,435,1,0,0.9706315463996885,0.39924806403439833,25.881296156740735,25.384193913689977,-26.5012648703038,0.446737059471251,0.019026101316357482,3.112835777765033,436902
752,723.7394382462262,395,1,0,0.9585174663109707,0.39808135485953566,25.131852093225792,25.337889146201217,-26.816736158539978,0.038440205835843386,0.020056355871920343,3.009783555284331,437297
753,347.9837105176833,600,0,0,0.6308191862066634,0.500941319075186,25.285738298694294,25.216123254299163,-27.06233380317688,0.04321918677538633,0.01953070893883705,3.0110064605871836,437897
754,304.1963247007917,600,0,0,1.3949766709179676,1.7970879725967297,24.56550486246745,24.960767407218615,-27.264501810073853,0.3013506833339731,0.020886562798793116,3.077844774723053,438497
755,701.2355231029503,430,1,0,1.1557026029081623,0.39723820062335086,35.39385851926582,35.77843851932259,-27.528363254458405,-0.36284327232387176,0.020874347446789576,2.9060545111811438,438927
756,153.5445082076272,600,0,0,0.41540654636229435,1.6408495881715532,23.672649928331374,23.747690556049346,-27.939354441960653,0.3165887091153612,0.02097748827810089,3.082000867923101,439527
757,462.4153170983297,600,0,0,2.4272087888407023,0.5622362456280172,28.131743963956833,28.11075287282467,-28.195839370091758,-0.07880927853286267,0.021750380210578443,2.9794087060292562,440127
758,809.3114267579684,531,1,0,0.5151720508266194,0.3976061439474613,25.643048310010446,25.552374211632824,-28.544024329176505,-0.0016704248773063868,0.021777903562913283,2.9995297361901923,440658
759,342.6384167874619,600,0,0,0.5495566514350602,0.9478409831593331,26.40006332675616,26.86707158982754,-28.67812337875366,-0.18555217090373238,0.020812368616461754,2.951925524075826,441258
760,121.12020801885326,600,0,0,0.7452779898566468,3.979489944701942,24.2450156245629,24.733460059762002,-29.197039273579914,0.12537237071121732,0.021068247994408013,3.0323495745658873,441858
761,697.8876864642027,559,1,0,0.4477123397148648,0.3981526156893865,19.935070515958483,20.185447180846936,-29.384386560784684,0.2732800264611227,0.021497915437268443,3.0712672691652303,442417
762,704.9823403914163,363,1,0,1.330936734818025,0.39819564540264657,23.096783701381735,23.15166395032373,-29.61998211253773,0.13167579115955955,0.0225010746705138,3.0346836787610014,442780
763,718.5440484841765,403,1,0,2.0665597927166024,0.39779437387361144,25.866087704970877,25.90480051087978,-29.741270969286745,-0.11609399517438844,0.022652038375364048,2.9693739757348525,443183
764,654.3266146014828,334,1,0,1.6046315489567555,0.39184583181180527,24.943050982352503,25.219041014859776,-29.817432403564453,-0.2691281049172143,0.02181116170891209,2.929504034761897,443517
765,-186.1639785668205,600,0,0,0.2301092251940856,0.4772166693748269,32.88767521520456,33.0046162913243,-29.972516078948974,-0.01347171342621247,0.021905833017081024,2.996448945204417,444117
766,740.9922954885749,413,1,0,0.7442873472094951,0.3961071910935097,22.720512120256124,22.888679803428005,-30.396255243777073,-0.03904658390015147,0.021313502509643034,2.9898128601887035,444530
767,-210.6232161842546,57,0,1,-0.06441294688262339,7.165446935934601,26.55704430948224,26.242989678131906,-30.855068039475825,0.08229542275269826,0.021399784604446928,3.021403166285732,444587
768,720.422674103555,420,1,0,0.8273546993169891,0.39390490797035177,19.17256227561406,19.56347098549207,-30.553351411365327,0.09103370055201508,0.021954103364121347,3.023625496455601,445007
769,677.7017223494599,363,1,0,1.5109307313272176,0.39999825557443053,24.44132946903712,24.211989250721683,-30.586273324719475,-0.18904134698889472,0.02140002790068792,2.950717733582846,445370
770,78.69313989409125,600,0,0,0.5625860332492414,5.8461668021338085,27.564348562757175,27.85294271151225,-30.830895150502524,-0.31674668869624534,0.02044366899256905,2.9184007879098255,445970
771,691.8964874117642,392,1,0,0.7563364938234174,0.39837670334327135,33.530570770708884,33.92469379853229,-30.901185785021102,0.11855166900560868,0.020026953905174623,3.0302768592931786,446362
772,257.1837250383513,352,1,0,0.47983188498173224,0.39831593263554166,29.256605930965055,29.28548836132342,-30.8603454394774,-0.6829012184594334,0.019570436349815944,2.8266789716753093,446714
773,688.2444631763248,410,1,0,0.8458159366942215,0.39779058719737287,45.47388853997719,45.92532607869404,-30.93530389739246,-0.538852716782471,0.017723013251656438,2.865760849161846,447124
774,401.72466230037634,600,0,0,0.9205763944113676,1.0443547995450302,35.890827800234156,36.2453275736173,-31.323741025924683,0.5351261978286008,0.018567271617551645,3.1336431952317554,447724
775,669.8195035441872,323,1,0,1.6086803348897813,0.39832991193658507,27.566092478601558,28.04064135691699,-31.67126469567833,0.11405118199601631,0.019213829893076753,3.0288749818831406,448047
776,784.6638077659824,478,1,0,1.169426688181741,0.39884725809606775,31.012318735092755,31.227831080368873,-31.82398441745646,0.420358889584262,0.020271590225024453,3.107547389912306,448525
777,650.2032487793401,377,1,0,1.225227024623998,0.39573553850589727,30.35096944611648,30.564069383024222,-31.77170972545836,-0.06652331961916676,0.02072091347757796,2.98282240303505,448902
778,306.0404540802057,600,0,0,1.2949924392332832,1.6464837837155342,28.990017303824423,29.300668052633604,-32.02102515538534,0.17774166260845958,0.02121715131836633,3.045957003037135,449502
779,164.12960739275627,600,0,0,0.3262791353573802,1.0225714098284626,37.20455534180005,37.395651261806485,-32.23835693041484,0.37038394110277295,0.022184201950828233,3.097383117278417,450102
780,414.5231468172054,600,0,0,0.5406322706212275,0.6756235108971039,29.57074756860733,29.702555016676584,-32.57816843032837,-0.5274437626513342,0.02190461351846655,2.8617648565769196,450702
781,605.0372858226649,268,1,0,0.9166536838052761,0.3911468251162985,27.20827898160735,27.35560677745449,-32.84908009998834,0.2601947974719441,0.020952166551585074,3.0673360797896314,450970
782,694.5297398229122,380,1,0,0.6351483434763143,0.3996372089272739,34.23798527905816,34.66591678481353,-32.837430984095526,0.0729981791130022,0.021501239472509998,3.0189628795573586,451350
783,635.7199598621178,315,1,0,1.380928358350689,0.39852546962470764,25.751878045854113,25.98214592290303,-33.22540016779824,-0.07739166279160788,0.02141274842359717,2.979855445831541,451665
784,641.8371192452905,314,1,0,1.3212753754403233,0.3979134568595779,33.270991943444415,33.700904490461774,-33.33848330625303,0.18205856782188462,0.021548947954111417,3.047416465297626,451979
785,770.1361988005651,526,1,0,0.9818252867717085,0.3985974505320189,34.916226656717946,35.01957369893223,-33.611933853236444,-0.046823271971635036,0.021652902122374498,2.987757526423088,452505
786,650.5826791930185,245,1,0,0.6321251230363889,0.397406217853376,33.40025551708377,33.543463352748326,-33.81922374647491,0.13725601101712304,0.021657714323729885,3.0358330716892166,452750
787,440.02551011076025,600,0,0,1.1336360576816231,0.42090812193746974,32.70180985967318,32.899262283245726,-33.95483658154806,0.14270814423138897,0.022292429422959684,3.0375175885359447,453350
788,349.744525448383,600,0,0,0.8686555847941664,1.4203427777964397,29.32929983297984,29.878294999202094,-34.2549737071991,-0.1101544199200968,0.02241469044238329,2.9709722602367403,453950
789,-217.41654992415909,55,0,1,-0.008472791715201544,7.817105731233448,33.41164634661241,33.2155883659016,-34.88118691877885,-0.2072410985827446,0.02202800458127802,2.9456484751267866,454005
790,199.13605762197952,600,0,0,0.7806177753076708,1.400963108381965,37.97109797994296,38.21869132002195,-34.69899803797404,0.4392399397616585,0.0233475025712202,3.1167244136333467,454605
791,296.70484706398173,600,0,0,0.7448313944759277,1.0776755393964215,26.0358965754509,26.455438528060913,-34.95566419919332,-0.16506187344435602,0.024329695357009767,2.9556651083628336,455205
792,672.739847859478,411,1,0,0.5038164008702115,0.38962035458010413,45.97957547273659,46.37553060315821,-35.23006625303097,-0.031452162168611866,0.023296261822618996,2.9915873644705817,455616
793,615.2419854373778,296,1,0,0.6028602183709905,0.3938882401754691,37.6016934481827,37.676555135362854,-35.64673918646735,0.30871474914680663,0.023989000980666763,3.082665792993597,455912
794,613.4982025950176,253,1,0,0.8164882514952181,0.39680684409222344,41.04540059029349,40.67009327157213,-35.89485463982985,0.2578335372296718,0.024628969476274822,3.0696514614014756,456165
795,640.9875480122821,283,1,0,0.7312104297010621,0.3968868771489974,44.173852570486574,44.676749699528564,-36.035428657127355,-0.08049559641905893,0.025129985439429858,2.978162626495631,456448
796,613.285601172215,282,1,0,1.017680889040061,0.3984594369473699,45.56541812673528,45.72050356780384,-35.92426248645106,-0.46967397504717323,0.02434335281768589,2.873778498764579,456730
797,404.77501360772203,600,0,0,1.1683149705748646,1.019570588550581,41.198293033440905,41.598184158802034,-36.58515431722005,-0.1490266010041038,0.02259210143238306,2.9604040706157684,457330
798,392.6152698760721,600,0,0,1.4467093713828172,0.6814007161274992,32.31682021935781,32.540575111309685,-36.84099377314249,-0.04119401424502333,0.02267681070913871,2.9891020063559215,457930
799,393.1006030050751,600,0,0,0.5118752712010242,0.8110024905854916,34.79583876450857,34.88400874614715,-37.01922170639038,-0.08340438358485698,0.022237751930952072,2.9780589179197947,458530
800,770.945181497345,533,1,0,0.6387073258457241,0.39722627052226356,37.1021492150219,37.40662612387208,-37.37942335976892,0.045438024321986854,0.0218704638558861,3.01189190809096,459063
801,641.8456670991424,348,1,0,0.6804164902998113,0.3989365238074328,39.579622193657116,39.535312300098354,-37.69600285058734,0.4348535776330993,0.022990900182818203,3.1151352826206162,459411
802,628.4675748783504,278,1,0,1.097728300863782,0.39996549439467766,36.760023524435304,36.96759039077828,-37.902336381322186,-0.007403281081816275,0.02363077064024673,2.998004507675445,459689
803,380.03303753081025,600,0,0,0.8187093165998913,0.6585138055679829,38.17083919882774,38.15684979001681,-37.98039314587911,-0.46772919371103244,0.02236897894802193,2.8768485414981844,460289
804,397.06433636157067,514,1,0,0.2329457354286656,0.3998852841586056,48.180440424945104,48.13680260283474,-38.15311181035023,-0.07828125094900683,0.021009962270145056,2.979703049715391,460803
805,712.3673775888103,435,1,0,0.8796733923030664,0.3951993335964394,47.42607663198449,47.7128144034024,-38.53279332566535,-0.08458436832859598,0.020698657083785398,2.978163378814171,461238
806,629.2837724771459,292,1,0,1.1899167625219302,0.39690059817493434,37.3393452600257,37.69118658973746,-38.88690179014859,0.5551832842908494,0.020981012664939444,3.1440078877422906,461530
807,645.7081268146899,299,1,0,0.75941921702472,0.3951297041333093,32.48812849705036,32.416246229988275,-39.030694891377834,0.051467345697325605,0.022001912375058618,3.01344094467801,461829
808,440.05343979466244,600,0,0,1.439454020294702,0.7112753480817273,36.322732535600665,36.5175124802192,-39.28954003016154,0.01683037616467724,0.021995322375247876,3.004375919500987,462429
809,471.3649269203112,600,0,0,1.739507116806473,0.5926622926923747,35.24209235668182,35.36493260999521,-39.52033006032308,-0.005020810129741828,0.022032137404506404,2.99866867740949,463029
810,510.5242265960509,447,1,0,0.21797107334524224,0.3971696554055055,47.67642296934021,47.71198123680132,-39.84247662930414,0.08519247021751115,0.022666892124302434,3.022329569929665,463476
811,282.2443624951255,395,1,0,0.05368596665422204,0.395198208141509,55.623822541176516,55.810160086426556,-39.99063978557345,-0.2596574922245515,0.02181693972383119,2.9319354546220997,463871
812,752.2921805577882,516,1,0,0.5610076462013487,0.39609897362205576,40.75899705868359,40.806957791248955,-40.40207147228625,-0.015442921686195588,0.02115382798478123,2.995926729468412,464387
813,787.6369604726292,487,1,0,1.495003944560491,0.39955554556532924,42.81457559381912,42.90829322910896,-40.49779793271294,0.13007196284509293,0.021745641373510968,3.0339201784231826,464874
814,344.1534799562436,600,0,0,1.6424528670039376,1.308913742367042,45.975966627597806,46.00234020789464,-40.80091452916463,-0.3325136609282345,0.021141517680759232,2.913670639594396,465474
815,634.1475817838186,269,1,0,1.557118145786083,0.3987556949101686,35.66288362559776,35.60200219260716,-41.08799725217004,0.05069104987837125,0.020472453609385897,3.0130049544196145,465743
816,386.9020270901024,600,0,0,0.9966973201845675,0.8842891149540053,29.38019502023856,29.4463627521197,-41.17539671579997,0.10351717732846737,0.020874314997345208,3.0266700859864555,466343
817,744.0524018096061,486,1,0,1.234244387383304,0.3979596348247312,43.11121017893646,43.11858022212982,-41.24451770703979,-0.22609977629572275,0.02056480606504306,2.9417487078733404,466829
818,-74.72369169732957,333,1,0,0.6842154113227611,0.3987280871807564,36.83158338821686,36.73532266946168,-41.24885518987615,-0.04299175593297224,0.02017425266919551,2.9889758728645943,467162
819,397.0951365382749,569,1,0,1.20650013980641,0.39567450317277003,42.01756345031551,41.94457481070855,-41.250680564786514,-0.222986941502441,0.019347167627882664,2.9432841013521216,467731
820,-534.8744007414014,320,1,0,2.2184331269783595,0.39954052723227085,47.05898905545473,46.406423944979906,-41.33840421438217,0.14550852198153735,0.019372360478155316,3.036813548952341,468051
821,245.85091959240037,600,0,0,0.6776594620567411,1.8333896170812807,36.57100037654241,36.937752728859586,-41.5212598991394,0.3420590550887088,0.020206656164179247,3.087684299945831,468651
822,393.1210908157337,494,1,0,0.5307123184248511,0.39787356700671733,46.19019606818072,46.2668046565191,-41.52280821394824,0.13869329422772655,0.021675073986624174,3.0360480204284914,469145
823,636.4008735980387,331,1,0,0.47299255334632173,0.3981842970859123,48.64884912715578,48.129852434659654,-41.516570215138785,-0.21521678536545114,0.021342531482483686,2.9440098132971912,469476
824,619.4935983985804,286,1,0,0.8796759324838013,0.39212038048854003,55.33149675555996,55.22514781751833,-41.73156235434792,0.553631041068714,0.021752957547721746,3.144564062565357,469762
825,72.87367331267667,600,0,0,0.3972020592063711,2.6898873051192034,43.342778867880504,43.06149404088656,-41.7372905476888,0.0019189133991797764,0.022639477516834934,3.0004615501562752,470362
826,484.5630280530628,331,1,0,0.7983883886980209,0.3957085952127252,46.6586055989712,46.696339098708506,-41.957476428628325,0.03811334673416578,0.022509984418839845,3.010035704990168,470693
827,689.6171527955794,530,1,0,0.7525162381696333,0.395001180751462,42.135011444001826,42.39911051741186,-41.92180536378105,-0.19186378228917436,0.02216980635487246,2.949607045695467,471223
828,627.758260355116,397,1,0,0.308093483308914,0.3924065888140192,48.06911723439579,47.68186683498642,-42.3397672638785,-0.044682897008035884,0.02162372946307551,2.9883196552094042,471620
829,726.4776069719846,421,1,0,0.6704767595072045,0.39913417258688083,56.618493942636775,56.511106482594144,-42.387715563921354,0.29803609888726346,0.02224712447216845,3.078129103517872,472041
830,48.2661618929716,600,0,0,0.582610547887092,1.140980445777294,46.45243636329969,46.352232925891876,-42.38649454752604,-0.02965607808281978,0.022701241768275697,2.9921373772621154,472641
831,-193.71554660842887,600,0,0,0.04937669055524463,1.1514243098491403,55.42511298298836,55.57656535426776,-42.70523924509684,0.045319840734203656,0.02284992137923837,3.011931423346202,473241
832,645.2329890787796,345,1,0,0.36617293285943253,0.38869578142151906,44.79312210497649,44.48308755764063,-42.83513050908628,-0.5007844507694245,0.021938596746843793,2.86873739629552,473586
833,306.03114365900035,600,0,0,0.9046706173435631,0.7995663073856463,45.8326194413503,45.93556155403455,-42.924910132090254,-0.21190955055256686,0.02070865501649678,2.945329498052597,474186
834,122.44075941437869,600,0,0,0.25742156406175065,0.8024184901798269,43.77955205798149,43.58595568060875,-42.723251317342125,0.2835599662642926,0.020917172953486444,3.073216174840927,474786
835,638.8767184110233,380,1,0,0.8328091434327338,0.3930202217894511,44.90429103374481,45.14128470044387,-42.94794979095459,0.23295177306587758,0.021840175138296267,3.060985910265069,475166
836,272.19494342829995,600,0,0,0.9582236411827689,0.81284561923431,52.668768854141234,52.59071223100027,-43.19177951812744,-0.09241849660562972,0.0224425979424268,2.9756934213638306,475766
837,430.4500326896716,600,0,0,0.3709142507938088,1.0281430004268213,47.31120340426763,47.25652949968974,-43.586290918986,-0.0051491767664750415,0.021454176235323152,2.9986193803946177,476366
838,604.9253558796088,303,1,0,0.6107796959000704,0.39546640079803097,45.487805434972934,45.27132323000691,-43.85054567544767,0.0793573016380713,0.021869247293609992,3.020762843267359,476669
839,749.5253719507903,438,1,0,1.623781917123683,0.39697829070119434,48.42891091843174,48.80549026678686,-44.22267283261095,0.136222748961895,0.022567831073381586,3.035801174978143,477107
840,640.3260326635902,287,1,0,0.5291183728925667,0.3995284364304518,45.1660210521379,45.48393783087514,-44.021248103018834,-0.10996576023486018,0.022509819052412536,2.9709866578570643,477394
841,416.83434735492204,600,0,0,0.7640995407102424,0.4906444279130428,44.294920035998025,44.48873920321464,-44.64220612843831,-0.004134242789198955,0.02211303883542617,2.998887551228205,477994
842,-1002.2733942576463,600,0,0,0.9353372145898041,2.2344964091775465,51.44936936934789,51.28721856037776,-44.88515336990356,0.13541406016175947,0.02242423662605385,3.0357566674550376,478594
843,232.2978132322632,264,1,0,0.218304037139748,0.38819271493218516,46.60055712046045,46.78483222108899,-45.005516254540645,0.39684327403930103,0.023607033424813188,3.105948780522202,478858
844,652.2972030465805,266,1,0,0.9161395021089829,0.3977827103155616,63.47158285549709,62.922200824981346,-45.096892478770776,0.1517416690581275,0.02469280043518857,3.0407944684638117,479124
845,622.116001885993,217,1,0,0.429834372380584,0.39429919950125014,60.08748606492847,59.93501073424168,-45.197110048636866,-0.26063286169745403,0.024402666991482132,2.92981650752406,479341
846,662.8541059075862,538,1,0,0.6526849851799177,0.3947641220155313,57.97821802011653,57.687583855979945,-45.51841940046686,0.029964821098102293,0.023785454428799754,3.0080208645434183,479879
847,-33.18086921583336,600,0,0,0.9403710567006749,1.9895206796757847,50.54063323497772,50.58391730705897,-45.844299983978274,0.051879278651128215,0.024335201727226377,3.013945547739665,480479
848,612.967328556617,253,1,0,0.5624276928011624,0.3961909448292736,48.22285403470277,49.24525394364308,-45.841284951673664,0.1634803864766251,0.02479221959683028,3.0442067248076787,480732
849,-115.17715836568009,600,0,0,0.5213302572494763,1.9857788824303129,50.37674615462621,50.77504063804945,-46.18992245356242,0.14864819274594387,0.025796467950567604,3.0404989794890085,481332
850,616.7874329698277,212,1,0,1.078441059164053,0.3841077689130288,47.820905486367785,47.83743084489175,-46.51285887664219,0.7033119866413609,0.02694881108220456,3.194492909143556,481544
851,629.4207490637211,242,1,0,1.421174368221099,0.39677228606601866,53.36646844729904,52.99431835915431,-46.93699466295479,0.25519692332845584,0.02825540046338454,3.0715115001378965,481786
852,608.738781129167,368,1,0,0.11212284852035437,0.3977211531415393,46.21554090341796,45.88630956540937,-46.662738489068076,0.18613843085325282,0.029351350659018626,3.0525320308363955,482154
853,806.440204146763,441,1,0,0.707635149715047,0.39942764997935687,56.542609095303106,56.53937819268968,-47.44156984082696,-0.0768166134079027,0.029176295019027326,2.9782326221466064,482595
854,613.401814476144,192,1,0,0.8443926060362505,0.3988545860262952,41.82347467665871,41.62172973652681,-47.56380585829417,-0.2773312778638986,0.028618677887910355,2.9218440105517707,482787
855,276.92666456903675,600,0,0,1.0548671904110618,2.8926760765777755,48.474043386379876,48.229531648159025,-47.76739507675171,0.019550404573480288,0.028022508633633456,3.0054588079452516,483387
856,349.0270187510439,600,0,0,0.6400460161352493,1.3525897357548908,67.32073925296466,67.96741613427798,-48.35788312276205,0.016777655665452283,0.028671458469082912,3.0046969509124755,483987
857,633.2806115134434,302,1,0,0.9840992800371349,0.3958632798296284,41.67365645414946,42.30105763476416,-48.883933250477774,0.23343032223499374,0.029331018068883198,3.0659747368452566,484289
858,659.5844009046443,306,1,0,0.9885952624818696,0.3990405447551414,34.78609402740703,35.20185481021607,-48.86180906358108,0.16517200188260842,0.029962049255427583,3.0470748851501863,484595
859,-174.22303458652738,600,0,0,0.22013502282836683,2.195815288562279,50.3433183157444,50.25219048937162,-48.88804135004679,-0.03196012017937998,0.03040882827093204,2.990840710401535,485195
860,-568.6774980399853,556,1,0,0.07153783566276761,0.3884559982309412,64.69599099896794,64.67958935044652,-49.43333150328492,0.068935928527909,0.02975200125679588,3.0196630830387416,485751
861,641.2625181271902,266,1,0,0.8639972259575542,0.3975563258150373,34.916893530609016,34.9746791904134,-49.574950799009855,0.006220953532011437,0.030587699719445596,3.0017629422639547,486017
862,804.5627036674105,588,1,0,0.7910021660907072,0.39997344069979957,58.64116812887646,58.62664177790791,-49.75223518553234,0.14761922844894687,0.031063528253132997,3.042544352359512,486605
863,584.8741780345348,273,1,0,0.34277139147662605,0.3926799684566737,52.47903883675516,52.271389301879935,-50.160513881361965,-0.06218584223339955,0.03168089279816264,2.9819599507929206,486878
864,675.4273400222528,330,1,0,1.3998785683462034,0.3992773275516447,51.70909047271266,52.12082174546791,-50.374108170018054,0.2449367088801933,0.03233156094722676,3.0712471456238717,487208
865,657.3807519436637,280,1,0,1.3426821573549688,0.3985165874383571,53.53118891716004,53.66615930029324,-50.479283687046596,0.08761081892464842,0.033142404657389435,3.0256584891251155,487488
866,131.50925616694707,600,0,0,0.977056361197135,3.300103265146189,52.18860817233721,52.38395048856735,-50.91013245264689,-0.1497960232027496,0.03200818502654632,2.9562434418996175,488088
867,617.1364892312014,227,1,0,1.1736188089739077,0.34403952429226925,65.52963354514034,65.49764060028849,-51.26340067859263,-0.11900693851847217,0.03139847283977769,2.965491326369903,488315
868,421.3299529121884,600,0,0,1.3186117036185427,0.4419282974304723,56.341664246320725,55.986752959092456,-52.00567256291708,0.12455881888978183,0.03219928892329335,3.0361313835779824,488915
869,641.3718151945661,249,1,0,1.3196750119676555,0.3955053100893704,66.10239152544473,66.59082463658957,-52.678321332816616,0.17871288767451024,0.0327366312374791,3.052280068876274,489164
870,-409.67662083865923,94,0,1,-0.001272076895772356,9.132209828762663,65.78209708599334,66.17895895115872,-52.873390278917675,0.5522008973788074,0.03340980370945119,3.16254971128829,489258
871,683.5474955417035,310,1,0,1.6294491144860723,0.3998684404762781,53.955430456899826,54.281508458045224,-52.96287268361738,0.010657184775317869,0.034162328824881585,3.0031249184762276,489568
872,465.45881272506534,600,0,0,0.67795021038433,0.5981215445762689,46.507034216721856,46.5987889778614,-53.263092091878256,-0.12822488829803963,0.032939759486665325,2.962205758889516,490168
873,670.2432452383944,285,1,0,1.2360955753682226,0.3985631453759241,50.54487297660426,50.77783529883937,-53.83236253972639,0.084499535539694,0.033310681790636294,3.0247190023723403,490453
874,764.0457858376317,447,1,0,1.458453284196462,0.39898798534684893,55.94594137460594,55.83258325728261,-54.19497940097612,0.08944211038500403,0.033182265782849635,3.026306390762329,490900
875,310.5124525786918,187,1,0,0.101390768858588,0.39562605195002165,39.28704826334581,38.832260635447376,-54.75443649291992,0.21885211951034592,0.0341478377421272,3.064752819703862,491087
876,653.9608912235417,279,1,0,0.42421282265002946,0.39924399926207504,64.62328971329556,64.44147710560898,-54.973546113591894,0.1203747289956257,0.03438946124046079,3.0357365360396735,491366
877,722.1339868213613,335,1,0,1.0426443651044706,0.3988368074602569,49.96207983814069,50.412884401919236,-55.23828107919266,-0.3285818619736985,0.03406759070149108,2.902680412691031,491701
878,427.5842205266458,600,0,0,0.7765824930164451,0.9944205615380792,53.125082194805145,53.190567608674364,-56.009811617533366,-0.021910000384474795,0.03230619788790742,2.993498903910319,492301
879,720.857966372829,366,1,0,0.979080832645553,0.39892922152184507,37.24118646637338,37.223973685926424,-56.642945617925925,0.5793044466240321,0.03516700056691965,3.1719093127328843,492667
880,641.3438273948284,268,1,0,1.5780132335068182,0.391759878431609,54.82202688793638,54.95765744928104,-56.8761573763036,-0.21204260520553633,0.0355919287887527,2.9364152906545953,492935
881,623.2211713976873,217,1,0,0.5101809899813752,0.39795439282272155,52.37641832026468,52.720679021650746,-57.18177415698355,0.08534094361665612,0.0351502641795143,3.025491577139648,493152
882,614.4608513958808,321,1,0,0.4791227127849873,0.39233657882238654,41.027839189006535,42.08152322531489,-57.601970304209864,0.23898077316326888,0.035991368507763306,3.0718376346837695,493473
883,630.6214266020713,222,1,0,1.4241481540898262,0.39842198227345615,50.57611053054397,50.38332755071623,-57.98710034344647,0.1712060488324176,0.036997992075509856,3.051769071871096,493695
884,641.8642594750218,279,1,0,1.2661234725768358,0.393377689806412,42.60173891863943,42.71058923112876,-58.61985767870394,-0.24337711746013294,0.03650102230276258,2.926330895406798,493974
885,830.8762464867659,486,1,0,0.8868516744131171,0.393904213206392,54.34591923132845,54.605287197686025,-58.75829704504445,-0.020189619029071106,0.03663559573024144,2.993861405447187,494460
886,639.8107603939419,254,1,0,1.3605361703272698,0.39717823492983684,45.75679041081526,45.42558387884005,-59.592345245241184,-0.025830023034703074,0.03572125501168056,2.9922043563812735,494714
887,322.55621902818655,297,1,0,0.032363166272565635,0.3965937004119612,58.93430269125736,58.941732768659236,-59.6914071233987,0.0754347462395225,0.03630494016539368,3.0226320802964746,495011
888,605.9493212967204,233,1,0,0.9460276983673015,0.39726561942922417,50.225098607877804,49.42499862003736,-59.85190709977702,0.0719205268974468,0.03642605465752884,3.0216725588868103,495244
889,739.7996117759926,433,1,0,0.7859909488476402,0.3962837180357532,48.8264747491885,48.804326956046374,-61.02295942945238,0.1375607210824451,0.03692473736150711,3.0416709402141615,495677
890,621.418608153494,194,1,0,0.9059206859177052,0.39676527678963075,53.30010803212824,53.54741447979642,-61.65480556684671,0.223833573233221,0.03784706531879828,3.068284023668348,495871
891,631.3749056201771,535,1,0,0.891990145948491,0.39417744520659725,54.25776223066811,54.23426280779259,-62.06544451134227,0.07207246710346124,0.03872868136685585,3.0220729778860216,496406
892,607.8953812471108,167,1,0,0.9106471719795031,0.3884380387929941,57.16088426041746,56.97139695161831,-63.032211509293425,0.009589195519150374,0.038851457843166626,3.0029311008796005,496573
893,603.7224172252145,201,1,0,2.0137898441830857,0.39520886973419633,55.58564213615152,55.43379479735645,-62.76614890406974,0.2118201105860039,0.03912542949416744,3.065344270782091,496774
894,704.676820593945,541,1,0,0.48168135955021785,0.3918360435820662,52.75894215631397,53.19409183477518,-63.505936056761115,-0.015668611732516404,0.04012927944580861,2.9950515743544712,497315
895,613.7826434251581,191,1,0,0.9030505879540807,0.39564348758969575,57.352124868263125,58.152872889453825,-64.14569894680803,0.01204502894616252,0.039381354403589405,3.0037101638254695,497506
896,568.7241080271643,194,1,0,0.3858513804614716,0.397362062573462,43.433530812410964,43.43651517887705,-64.50030668986213,0.14282929753289395,0.039791961133326455,3.0442449714719633,497700
897,617.2161118946981,204,1,0,1.2242341683251012,0.3936417952653082,58.701263123867555,58.94442682055866,-64.59376178068273,-0.1006484733547504,0.03988544129784785,2.968769865877488,497904
898,608.8913210585615,180,1,0,1.8980419722969324,0.3945566621974699,58.49556142754025,58.957188823488025,-65.21371760898167,-0.01349636630879508,0.03960938033544355,2.99580723312166,498084
899,636.2838592214582,249,1,0,1.9713400170691417,0.3974796375840247,65.46421437282639,66.42392924703269,-65.38728291155344,0.2746823162259347,0.039963457868041764,3.0853492390199837,498333
900,-248.34793744293194,58,0,1,-0.008236612199532756,8.772564945310275,63.85616780149525,63.43255085780703,-65.78074264526367,-0.029285690137024582,0.04076726207959241,2.990838416691484,498391
901,627.6379010227024,260,1,0,1.5672994157380837,0.3941368949952537,56.42481439847212,56.27197673687568,-66.22606840867263,0.2705556374186507,0.041345379343972755,3.084855501468365,498651
902,621.5177371651387,241,1,0,0.49113406479249355,0.3955407974284321,63.142589456312884,63.974532722932175,-66.93931242440252,0.34519320970625306,0.04276476732428143,3.109489429046504,498892
903,-429.79853164182816,79,0,1,-0.04242379684017328,6.374661042498207,54.29846656171581,55.67565845537789,-67.14191359507886,0.226070484122898,0.04368652502381349,3.0722055223923697,498971
904,630.9166420575825,192,1,0,1.7179859944818452,0.3890675553657557,62.77306713163853,63.71767681092024,-67.40334208806355,-0.12988763314206153,0.043722252148048334,2.958467658609152,499163
905,-152.08337010949933,81,0,1,-0.01810601139901391,4.43645452228756,46.00347268139875,47.95837177464991,-67.64776493590556,-0.48475109068331895,0.043104981658635314,2.8457040286358493,499244
906,670.2930232772031,263,1,0,1.1633306710313052,0.3909675696753128,49.36519478663745,49.854260256081936,-67.60192628867726,0.10787931938758367,0.04289313456744749,3.034238253256214,499507
907,743.0757794437596,405,1,0,0.829531901989691,0.39988222288861963,51.55484663586557,51.16097253870081,-68.03704617347246,-0.04374548838830289,0.043228434890876584,2.9860597121862718,499912
908,661.3136487913486,232,1,0,1.7180681655865104,0.3974438196680891,49.49851617525364,50.26192336863485,-69.1069261616674,0.09697717293326197,0.04318835453033961,3.0308333512010246,500144
909,-311.7450666943211,35,0,1,-0.015035852361900415,10.532214575178692,61.725248323168074,63.29554669516427,-68.70145961216518,-0.31834793431418285,0.04330446273088455,2.8986011028289793,500179
910,640.9307048377576,210,1,0,1.5878549068972023,0.39382658128371284,58.31874957992917,60.054278514498755,-69.85559928530739,-0.10619207648560405,0.04278815321269489,2.966215986297244,500389
911,612.734897698459,184,1,0,1.2929171526545602,0.3876609042134293,54.16857789132906,54.96148413160573,-69.63167663242506,-0.02746435880418057,0.04249714013270062,2.9912506873192997,500573
912,-168.59233108755802,80,0,1,-0.004258335070493113,6.384622250537138,47.15783101916313,46.34629173278809,-69.88555932044983,-0.11668996764346957,0.04261069828644395,2.9630048364400863,500653
913,604.0662077027096,165,1,0,1.0588262994593232,0.3950757293059786,55.29432617245298,55.49956023765333,-70.58450608686967,0.5998621225357056,0.04310487100120747,3.1909776745420513,500818
914,614.8705527307403,170,1,0,1.4748011767015479,0.3950843216496349,46.905702007518094,46.35782006768619,-70.7099266501034,0.4607301742714994,0.04524534874979187,3.1485452020869538,500988
915,-164.43210686770558,71,0,1,-0.02934298209021613,5.70790867343976,53.82914642548897,54.86402807772999,-70.39104859258087,0.22982340778263521,0.04599991739845612,3.074600548811362,501059
916,607.2774944766579,157,1,0,0.5813607236275931,0.39631916916698495,48.59146931520693,48.95238156834985,-71.41546434050153,0.1560352324822526,0.04629204849338835,3.0508001761831296,501216
917,642.7969819286046,354,1,0,0.6723514887498155,0.33535606147485986,76.00583355709658,75.81186751726656,-71.97815010372528,0.13158221650437193,0.046846772202074866,3.0430152045804904,501570
918,425.0622565825014,162,1,0,0.08098828639830957,0.3990687960968454,62.293757997913126,62.86402878643554,-72.08177877355504,-0.27155491069281174,0.04717598225415489,2.9110105479205095,501732
919,799.7648825700459,470,1,0,0.46874055506354695,0.39183813119151123,66.9877818838079,66.98103573778842,-72.74889013412151,-0.13684807017524825,0.045210309501024004,2.955404862951725,502202
920,396.8937804812777,600,0,0,1.3781642956678808,1.3576383249060704,63.9954945675532,64.57774289687474,-74.0305606842041,-0.05584770786265532,0.04585898679991563,2.981892431974411,502802
921,318.55491671613834,270,1,0,0.18426541475617408,0.39403124806884815,72.04845505467168,73.28426124961288,-74.14507042213722,-0.2297689892489601,0.04429025452722002,2.926306813734549,503072
922,619.7319596284494,184,1,0,1.0032840067389508,0.39653905221289676,70.67499721050262,70.85592740515004,-74.62776341645613,0.2539793346077204,0.04372174064021395,3.0812084648920144,503256
923,629.230786791451,209,1,0,1.0814988753173589,0.39711822053137774,68.77368385597849,70.29100846787959,-75.64732178318444,0.3094281347459583,0.04508898047168859,3.0997240965446218,503465
924,624.9928181260049,197,1,0,0.9686461576606077,0.3915370487688311,59.56354687298615,59.06361101121467,-76.35661676087355,0.16303070717807955,0.04576743653204841,3.0528745651245117,503662
925,617.728188434889,161,1,0,1.6693721728042465,0.39404690746730114,65.73206552659502,67.47426944341719,-76.08881634066564,0.1195702924398902,0.04666919217254064,3.0388859932467063,503823
926,407.9852623963399,189,1,0,0.09859062632786864,0.392049554429755,67.49628743166646,66.91030331515762,-76.98729415166946,0.34449614789435473,0.04730471400987534,3.1127898390330966,504012
927,826.7496430755057,451,1,0,0.6644767576510975,0.3910831347598729,61.36040859687619,62.04481385816756,-77.39549158946373,0.048605069361148015,0.04851734999179047,3.015959872374778,504463
928,632.631875807249,197,1,0,0.6050118569536483,0.3973640712602356,63.76871335324902,64.46311797950473,-77.8540582414811,-0.5654028491566175,0.0475061920844964,2.8145818516687693,504660
929,608.8676479787092,246,1,0,0.8740053634110252,0.3968082714136639,54.81265570671578,55.30873547530756,-78.64922807274795,0.14704795713286575,0.0462994300949622,3.04789333130286,504906
930,-141.13440344129052,91,0,1,-0.05206883669255724,3.0227608593918665,60.34648883211744,61.486305242056375,-79.04722360464243,0.37067163383567725,0.04714588906902533,3.121322445817046,504997
931,495.5341875870306,420,1,0,0.3142281505854906,0.3791393100852024,68.18072740236919,68.17138561407725,-79.12704456874303,0.15149539928173736,0.04856072676678499,3.0499065285637266,505417
932,601.6321015560749,150,1,0,1.1623542779452842,0.3900754124217327,61.66985646565755,62.33585054715474,-80.13200993855794,0.0619185616572698,0.04873837995032469,3.0204677327473957,505567
933,614.6106276272972,179,1,0,0.5542891596876515,0.3930844336247448,69.21001629856046,69.65204377680517,-79.88345081180168,-0.26256542673657063,0.04886187648390258,2.9131343457951893,505746
934,640.4135919952581,279,1,0,1.0130663221357754,0.3947441851843335,62.194588143338436,62.965927045405124,-80.68664146067849,-0.1024639649069651,0.04732523761075457,2.9662362324294222,506025
935,611.8021035866766,316,1,0,1.256393259840999,0.38981023444124774,54.026396345488635,54.56701310827762,-81.45902162865747,0.04607498820258092,0.04734843862066163,3.0150888411304617,506341
936,559.7427515784243,185,1,0,0.3369566573653946,0.3887070669227458,66.95255211495065,67.22169487411911,-80.91321097709037,-0.4654590727912413,0.04709366817732115,2.8478209637306833,506526
937,605.1728053553229,161,1,0,1.538801801213438,0.38891437921646776,66.07378150513453,67.27364244520294,-81.81009986830054,0.12529843194144114,0.04592987163836912,3.040682914094155,506687
938,620.622804510421,207,1,0,0.976598638326913,0.3876307794504949,71.82624053724722,72.08856822442317,-81.90616559751943,-0.08034605255737397,0.0461348586216353,2.973847256766425,506894
939,604.8463514307512,179,1,0,1.8384588379131288,0.3888711687647124,66.86752053212854,65.94417820030084,-82.81997228867515,0.08279517070291428,0.04592515476172863,3.026887628619231,507073
940,45.195133132108765,369,1,0,0.10776875116939555,0.3998670004136834,66.15639180025757,66.25048034042524,-83.27623014786056,0.18097605343231662,0.04729986398766034,3.059166563881768,507442
941,617.2217916873981,198,1,0,1.0669366856824247,0.3889578252883172,62.89002483300489,62.972583293914795,-83.8486759301388,0.293507869590563,0.048422742522124085,3.096922583050198,507640
942,626.984124739453,168,1,0,1.5584962214961626,0.3977268066250281,56.283173234689805,55.902237957432156,-84.24661845252628,0.024102756420948675,0.04944503775221251,3.007970071974255,507808
943,490.70970143659,148,1,0,0.19468750007691382,0.393803503591576,55.638888301076115,56.33183532147794,-84.59638889415844,0.0770092379377299,0.04930304217378836,3.025556137432923,507956
944,655.6559820481253,235,1,0,0.6300513556852494,0.39999439204919407,76.48261041844145,74.69753735724916,-85.08109452267911,0.3768295635409812,0.050449002962163154,3.1261431298357376,508191
945,615.9470299388834,190,1,0,1.7813606233521906,0.39541151603003133,79.02709504177696,78.90153626642729,-85.1345115661621,-0.04529690977774168,0.05173723536886667,2.9846942236548974,508381
946,208.15173045253505,600,0,0,0.20343121807223746,1.013511328018736,65.54975784142812,66.64938142458598,-86.20939070383707,0.007572120974461237,0.05051869586110115,3.002502605517705,508981
947,611.2324204141419,163,1,0,0.7507659588443016,0.39770934723810153,70.98707451849627,70.21341733405926,-86.95716928119309,-0.3087581582824511,0.0509760209524924,2.896227223741496,509144
948,618.8832850868446,296,1,0,0.5848501139907596,0.394566203121704,81.90379449483511,81.95073828987174,-87.47715086550326,0.13453465628412528,0.051143608660109946,3.0450692442623346,509440
949,611.6086770714754,203,1,0,0.8118049914936933,0.39865722206022386,64.99709049704039,66.43630061595898,-87.84196960749884,-0.35727285331326164,0.0504007147707669,2.8803171254143924,509643
950,587.731497375863,216,1,0,0.49637723688426183,0.39571003917621295,76.96103700885067,76.70954380874281,-88.89841976872196,0.09222036525952043,0.049851529438186576,3.03072605309663,509859
951,621.18283669979,174,1,0,0.6862340144933032,0.39345115728843205,70.02888449855234,69.44667143109201,-88.62129329812937,-0.1464524474851359,0.049855238704503264,2.9511728615596375,510033
952,608.9297030600151,149,1,0,1.594583643407898,0.3919576245107397,70.50543024395937,70.80993184147265,-88.64187314846372,-0.3062484279624968,0.04867964800472228,2.8984346133750556,510182
953,541.3329276421296,155,1,0,0.2649814101139306,0.38728300833680246,49.22833749401954,49.68732301650509,-89.05633461244645,-0.564054247760965,0.04736457149828634,2.8148873206107847,510337
954,505.43612971052386,150,1,0,0.20813474755353745,0.39949328569467624,64.55684200286865,62.67602231343587,-89.1493862915039,-0.029634506702423097,0.04650231706599395,2.9903234418233238,510487
955,602.751047929693,146,1,0,0.8069211554766802,0.38712411847974076,71.93142929142469,71.93682044826141,-89.16538959659943,-0.4027291110729518,0.04563694250808187,2.869380875809552,510633
956,541.5966941614465,600,0,0,1.554592203955306,0.6732040139862047,70.80426733016968,71.47715703646342,-89.86823024749756,-0.14944376348517835,0.044154861165831484,2.9520597664515176,511233
957,387.43394802076403,153,1,0,0.07627931860308834,0.3912917624771416,74.26019975562501,73.44243478775024,-90.83221505358328,0.43675122305361275,0.04422153369371408,3.1395483951942595,511386
958,599.0675933563698,150,1,0,1.5233677710226,0.39488231246437255,63.403150437672934,64.25793704986572,-90.86868006388346,-0.05050031850735347,0.04453506241242091,2.983749992052714,511536
959,604.9224581721171,153,1,0,0.7099769645078814,0.39533236626504903,92.64652980230993,91.11843368118885,-90.99010836532692,0.01617311820193054,0.0443147601547584,3.005161163853664,511689
960,361.0981891507427,236,1,0,1.0647213563517297,0.39854250318454115,64.03163530664929,64.2585609565347,-91.08078397330591,-0.09770875098183751,0.04446124103930542,2.968635479272422,511925
961,597.9318045030495,141,1,0,1.624964633796564,0.39862953367080217,71.14312362670898,70.9516051339765,-92.05893030910627,-0.1248258832868532,0.04372519907270763,2.9600508162315857,512066
962,600.6562539301815,154,1,0,1.1292026922677505,0.3892039873500081,59.156128781182424,58.59056467204899,-91.9479315126097,0.2738519219270387,0.04390699276095861,3.0876825304774496,512220
963,495.34144691872325,240,1,0,0.24831816247439398,0.39922724308568336,71.79989211161931,72.74413771629334,-91.89392731984456,0.011726437866066893,0.04495087846492728,3.003721500436465,512460
964,498.4900045846639,147,1,0,0.24539381100010077,0.38975343456558037,64.5488063624116,65.16046018340961,-92.29766575819781,-0.1654003158870603,0.04432945764389168,2.9468962756954893,512607
965,592.5238857083173,122,1,0,1.6897842439261086,0.3629807090511664,52.159230576186886,52.30601094199009,-92.0725223979012,-0.13917342289427265,0.04405568494293533,2.955422534317267,512729
966,469.4275504738257,600,0,0,1.2367650273483954,0.9405659802707295,68.71979309082032,68.83778585354487,-93.01971608479818,-0.07733374444146951,0.042720227042833965,2.9753307032585146,513329
967,604.2604384221565,224,1,0,0.9632177926217569,0.39179185483292167,74.00085298929896,74.81120882715497,-94.10870701926095,0.2289658301410132,0.043633873208558986,3.0728291336979185,513553
968,602.2431890950776,182,1,0,2.1294007928095438,0.39188321953445415,84.75232403094952,83.86371230293106,-94.04940460540436,0.06692815404180642,0.04344665050342843,3.021318570598141,513735
969,604.083159608897,159,1,0,2.29404796029014,0.396540728460192,66.69091679914942,68.07764311856444,-94.52156570722472,0.5837473526081574,0.044911038224239766,3.187979408779984,513894
970,271.6191743763432,278,1,0,1.2105115662414714,0.39381856221181577,68.21459008463853,68.68910978680891,-95.16181665873356,0.08172784413365151,0.04617177004919207,3.0265312126214554,514172
971,648.9861455300496,370,1,0,0.7505532380625959,0.3955738546464744,76.92144459647102,77.16023907403688,-95.3262225176837,-0.23876574312311571,0.04589795061462634,2.9226846669171307,514542
972,508.7593551723463,600,0,0,1.703731127222909,0.4463564618280925,72.6493542655309,73.52322944879532,-96.47745951334636,0.017654692189147076,0.04317563318957885,3.0055629909038544,515142
973,623.5225832030724,228,1,0,1.3729983410083275,0.3937446904761813,74.78816118574979,75.6349370416842,-96.93577722917523,-0.03031904508539459,0.04479748281862652,2.9902173866305435,515370
974,621.5732913802599,172,1,0,1.070355543553625,0.39798430420548725,77.12784488533818,79.21844763811245,-97.43940597356752,0.10029687277626159,0.04447273212636626,3.032244266465653,515542
975,479.95879367920753,600,0,0,1.8260449677269917,1.1219048985697686,72.2297474829356,72.6044454574585,-98.41611637115479,0.05034795569566389,0.04598257518062989,3.0162181611855825,516142
976,440.6357918512939,600,0,0,1.277619408534452,1.0295308692313876,69.36179346164067,70.09484423160553,-99.7601008351644,0.030130630508065224,0.0453434550203383,3.009726294676463,516742
977,586.0500743645952,247,1,0,0.3961611161724803,0.12600211474657638,64.28794710838842,64.6683101152119,-100.90453301557163,0.18552610119767035,0.0459489888145856,3.060333451761408,516989
978,490.00445098086306,600,0,0,1.0209695831939698,1.0707227560313204,66.22783049583435,66.87398794174194,-101.59061445871988,0.21155571912415325,0.04830462086945772,3.0697342018286387,517589
979,508.74306959101483,351,1,0,1.0224311411044202,0.39740766525146715,67.11311338294266,68.02757568712587,-102.36616605231565,-0.5649813463927335,0.048001045854682595,2.814376849394578,517940
980,507.3689425349716,600,0,0,1.7677882619624328,0.4197688154165718,73.12925984064738,73.80566773653031,-103.25527661641439,0.1968031289552649,0.045889053717255594,3.0641084909439087,518540
981,314.90189860779276,214,1,0,0.10131447747408329,0.3967325404355061,57.123880248203456,57.38573164360545,-104.69603650815019,0.21885265176680602,0.04806333550504435,3.072176235858525,518754
982,631.6510048760325,188,1,0,1.828421354801103,0.3980104137204028,70.005924628136,70.40625560790934,-104.36788376341475,0.004753712247660819,0.04889893262310231,3.001554140385161,518942
983,691.6468351443999,277,1,0,3.034240182563969,0.3998694370190599,71.11322629150501,70.24116122077088,-105.26105105403528,-0.10648053534839988,0.047977987986179034,2.9647480245101323,519219
984,-133.94044727486767,78,0,1,-0.0007164478054462187,4.523404299502205,92.27608618369469,90.863090747442,-104.68846658559946,0.2630727991270713,0.04844607933400533,3.0868111695998754,519297
985,521.4364600481196,600,0,0,1.049152226183341,0.506659271971411,74.48900993188222,75.41239374876022,-106.20672938028972,0.040817464562132956,0.0490608324483037,3.013470323483149,519897
986,527.6736897597477,600,0,0,1.82990659357424,0.47075950569207503,73.32557969331741,74.09027084589005,-107.45313655853272,-0.022119562697286408,0.04916028232624133,2.992589727640152,520497
987,671.9734948563628,248,1,0,0.5645873742836334,0.39817269367137437,63.682356136460456,64.41769551077196,-108.93178087665189,0.4570969499031743,0.05012627004555637,3.152577833783242,520745
988,620.3696525227773,261,1,0,0.4632653823679398,0.39244662961742893,65.16826209254648,65.81402971004617,-109.10796709901072,0.08300502295695046,0.05188413131339797,3.0279473317537273,521006
989,-238.62645817161203,40,0,1,-4.4622409400840723e-05,9.435468763185792,62.869115352630615,63.37064867019653,-110.24413928985595,0.06497555058449507,0.05189143782481551,3.021960210800171,521046
990,-239.81472467127116,289,1,0,0.10093883888277966,0.39649201818539176,81.30952449323397,81.4610420741837,-109.45065537291002,-0.16985118399441862,0.05156347940588905,2.942739872783938,521335
991,588.0065372740976,190,1,0,0.5211613962970596,0.3975278841777695,65.61711990958766,65.79163174880178,-110.3580242759303,-0.1915586327643771,0.05065938269621448,2.935733588118302,521525
992,529.0093526646303,600,0,0,0.7592338053134972,0.5226462640252594,71.5899609319369,72.54067722797394,-111.09635138193767,0.15721720098828276,0.050897794192035994,3.0527890729904175,522125
993,432.8622129718048,600,0,0,0.559395815171148,1.5392223011174588,61.57139305194219,61.6829546713829,-111.70106095631917,-0.10043341572706899,0.05069085074588656,2.966101051568985,522725
994,144.3836697401093,600,0,0,0.9063068598750592,2.8959110786007414,70.00220596472423,69.75502878030142,-112.82443649291992,0.044908018922433256,0.05174798943723242,3.015046550432841,523325
995,805.6009881908303,503,1,0,0.4728801376224808,0.39242054675002164,74.65399269460447,75.58991799913865,-113.32901011594011,0.14087069867026972,0.0529115516951615,3.047605630180708,523828
996,643.8298903862444,231,1,0,1.1381942699816503,0.3979324481763472,63.70419820975432,63.915050013240794,-114.11951436624898,-0.04934942872299777,0.05293759063402296,2.9831874876311333,524059
997,621.3395385820426,261,1,0,0.4801208610712059,0.39117259755927064,70.9487231188807,72.68990905988262,-114.52571725662641,0.014309684763808816,0.05311373989472444,3.0048368844949422,524320
998,638.7948141380114,226,1,0,0.658094234826138,0.39912696551502636,67.95321226330985,68.2294990847596,-114.82668901966737,-0.24077033112237675,0.05233994980169609,2.918397490957142,524546
999,863.3940551478854,508,1,0,1.57438157482191,0.39992098750790483,71.49294122936219,71.59355077593345,-115.2529024139164,-0.05838253355849036,0.05027999189190977,2.980303150931681,525054
1000,469.48122527115675,600,0,0,0.7764165439335649,0.5176283289573691,73.12371099710464,73.20691065788269,-116.27337734222412,-0.0030304252076894045,0.05066341998055577,2.9989499998092652,525654
1001,508.85189896145613,198,1,0,0.270342469979604,0.3946398742552927,69.19857759186716,69.95908289967161,-117.06086673158588,-0.07223906217500417,0.050696503126410525,2.975777662161625,525852
1002,674.0784356133463,300,1,0,1.0443457539264087,0.3988299364389459,75.86120890776316,75.44723924001057,-116.92988683064779,0.07233816695710023,0.050633696131408217,3.024233131408691,526152
1003,-128.4238209607978,78,0,1,-0.038345651177244755,4.274653205569242,73.46828876397548,74.16065868964562,-117.59278957660382,0.22584363082662606,0.05117073010366697,3.07594719911233,526230
1004,355.18208080140374,248,1,0,1.359620090992275,0.39677032421320013,70.5385371850383,70.77933292042825,-118.00673047957882,0.11228914836782121,0.05191411722391363,3.037893477947481,526478
1005,602.7152066074635,160,1,0,0.9594152102798352,0.39353391737166105,82.15487324297428,81.48453911542893,-117.30768766403199,-0.037477992754429576,0.052266593719832596,2.9872927993535994,526638
1006,476.2658174007745,600,0,0,0.6322368844169811,0.5824099109061651,75.20778204202652,76.24061413447062,-118.90462031046549,-0.08893406348302961,0.05178329883764188,2.9699931168556213,527238
1007,670.8786850778682,565,1,0,0.34915553219587614,0.39434904867316173,73.51470444096928,74.53208010850754,-119.62766318532218,-0.1331144008406364,0.04890336075847128,2.955622854907956,527803
1008,685.9937566738997,266,1,0,0.7088282082212354,0.39999220795158386,63.93090229285391,64.75702533865334,-120.0205581206128,0.05896872917848422,0.04915249088597029,3.0194963897977556,528069
1009,606.7576667518863,155,1,0,0.5947455203453438,0.390062545090283,78.65851705305037,79.971447009425,-120.56881246259135,0.15511624791449116,0.049564950600747136,3.0515104555314587,528224
1010,721.4653310076395,348,1,0,2.0904677088356305,0.39760308190249516,79.4869208500303,80.41938881627445,-120.85106878171023,0.04162115564077407,0.04992892995648,3.0138550215754014,528572
1011,718.4643179666666,384,1,0,0.5676011897507967,0.3948332484287803,74.66144165520866,74.97300057734053,-121.63060351212819,0.027071086544310674,0.05008294513875929,3.0090114045888186,528956
1012,617.5277976267112,183,1,0,1.6804222365415864,0.39101964475958295,69.05952044523478,68.76962799843544,-122.33402118787087,0.17599926745427436,0.05075333971794837,3.058995007165794,529139
1013,708.9376140200928,387,1,0,0.37152176045735996,0.39728860125253945,74.29675225694051,74.68671707404677,-121.89142285329734,-0.0037774632778740666,0.05107498676239366,2.998686543422768,529526
1014,634.6420606877479,263,1,0,1.09697303927572,0.3927234377058404,63.072579244243784,63.66636653363478,-122.26243724750475,-0.4684645386816431,0.04991826576538412,2.843970906145219,529789
1015,531.7124357439676,318,1,0,0.2808951729737954,0.3990465174523733,79.23848823931232,80.26370163383724,-122.558461315227,-0.10103991057184881,0.04811188811729164,2.966742313133096,530107
1016,615.1388927198664,172,1,0,0.79583522316122,0.390618823721987,76.51801486070767,75.84371772477793,-123.06015640081361,-0.14208467976125175,0.04703478640768417,2.9535058417985605,530279
1017,612.4232586542031,237,1,0,0.7671773646197942,0.39710071894314986,70.72398553115909,71.95331923368109,-123.21573700079938,-0.06100397524011286,0.04653368778683968,2.980086034863307,530516
1018,626.4533928813062,189,1,0,1.2771666408643028,0.3937699235653477,67.94201402815561,68.02407294227963,-123.221515150928,0.22377590070325862,0.0466710099625209,3.0730558614882213,530705
1019,635.7513697899524,200,1,0,1.8441914735294094,0.39785310638501725,79.92288324832916,80.95774397850036,-123.44098068237305,0.12582679773680866,0.047802584916353225,3.0413171577453615,530905
1020,595.6251374478636,191,1,0,0.4092667744785491,0.39420295804465777,72.20924759410438,72.97883542045872,-123.981318648573,-0.18211806493357838,0.04747068848831491,2.940177290851533,531096
1021,575.0455526162501,199,1,0,0.37483641306165305,0.39633798005264953,64.94298855144174,65.21477694247835,-124.26941401035941,0.0660157404259671,0.04731128540769893,3.021613912965784,531295
1022,428.43611973680004,600,0,0,0.593611910444001,0.8348758829604085,73.98706791321436,73.96287642717361,-124.30663435618082,-0.030380968103806177,0.04750900622457266,2.9900096420447033,531895
1023,701.390504290823,325,1,0,0.802363578853885,0.3988572365192392,67.36734014364389,67.26009423916156,-124.49647622915414,-0.37826578399309746,0.04553109804025063,2.8774438498570367,532220
1024,634.5503412295968,228,1,0,0.7796721694490183,0.39498475253689064,78.16294003160377,78.66314218337075,-124.59924313060024,0.11398299366823937,0.04418999463189067,3.0365544348432305,532448
1025,558.8152127671465,192,1,0,0.3303099382414565,0.39790929704805555,73.39307469377916,74.37403951585293,-124.87402562300365,0.05995473971900841,0.04456098257408788,3.0192705976466336,532640
1026,612.870844859817,192,1,0,0.8211189946251884,0.39471217862929764,77.86329732835293,77.64487960437934,-125.19755665461223,0.2660837338771671,0.04583250269449005,3.0859954121212163,532832
1027,380.5003659714076,600,0,0,1.0242625557280305,1.126781385987894,72.47952890316645,72.87073499759039,-125.37418184916179,-0.17078716563526541,0.04501027205338081,2.944874576330185,533432
1028,633.4992352195089,233,1,0,0.8242820242648484,0.3997353352332646,71.28741022445614,72.48240742867597,-125.47265353223285,-0.06847615712702018,0.0438265795199912,2.9780902811386043,533665
1029,352.0448200144944,600,0,0,0.2932515211309542,0.5966819182228531,72.09927584966023,72.83070127328237,-125.2039114634196,0.059158687392870585,0.04371183346956968,3.0188947347799937,534265
1030,621.1674112461208,189,1,0,1.808307554746661,0.3991851436531746,66.58770724705288,66.40658566812989,-125.74978532740678,-0.24377883405045228,0.0438857292411504,2.921998444057646,534454
1031,624.3647706485697,208,1,0,0.8893487078529203,0.39563525751323625,68.78071678831027,70.37659348432834,-126.03161272635826,0.1533992895677399,0.043717064070873536,3.0489680767059326,534662
1032,569.8986198945616,294,1,0,0.3343572778404652,0.39572602081463987,65.26755091122219,65.84918583493655,-126.00036268169377,0.07719087218042134,0.044171623074684016,3.0247249011279775,534956
1033,764.1181036664161,451,1,0,0.9806122004114587,0.39702321586461337,71.04472715627328,70.9189764623367,-126.47262539408952,0.12690946608451412,0.04554246346199856,3.04091837030821,535407
1034,580.4792782618525,257,1,0,0.8520527041910904,0.3957735026822234,67.16058649256071,67.07369675988816,-126.03375051179285,-0.25519337879080717,0.045002734266830324,2.9175677401546376,535664
1035,600.9857001691466,145,1,0,0.8557975617871222,0.39807367155139367,72.76234775082818,72.65355276239329,-126.20211239518791,-0.38169228198199434,0.04376981389419786,2.877829433309621,535809
1036,624.4830357151011,200,1,0,0.9699619299472462,0.3953177824300909,78.24086084604264,78.86341338157654,-125.8308793258667,-0.015243886169046164,0.04329232357442379,2.9951005256175995,536009
1037,457.7332731843032,242,1,0,0.27585900553823517,0.3931756451511933,71.93551899381906,73.37729652459956,-125.90794120347205,-0.4205663853501978,0.04222762044365248,2.8670349190057802,536251
1038,603.8328660754505,140,1,0,1.1910933846067062,0.3994225486390307,75.6373494386673,74.72027434621539,-126.6929212297712,0.19724324084818362,0.04135624290044818,3.061949566432408,536391
1039,-406.63368096711315,58,0,1,-0.01083211201140033,8.817456837427114,78.25147421606655,80.3753472525498,-127.26330158628267,-0.016479636767301065,0.04166418236905131,2.994777769877993,536449
1040,609.4168113954921,173,1,0,1.4951249712553074,0.3991374121044647,84.89183073650206,84.26879598363976,-126.53687506879685,-0.01459018892549366,0.04171199215888288,2.995342236722825,536622
1041,616.8324374283002,190,1,0,0.9617869478818064,0.3907996062029893,72.8463806704471,72.697256572623,-126.02372970581055,0.15424542584897658,0.04196881914609357,3.048614081583525,536812
1042,706.3047812367124,293,1,0,1.5962803564535006,0.39593420792565176,75.76424561100201,75.36850862861087,-126.56838926764479,-0.19017644402008416,0.04163193813312176,2.9400802293328296,537105
1043,607.2189145351387,164,1,0,0.6387514786290455,0.3988192227250023,75.57721867793944,76.56184055165546,-126.71109594949861,0.20615955667070499,0.04152437640217746,3.064754776838349,537269
1044,620.6202939979238,184,1,0,0.9493610799521583,0.3976407068268918,60.414010778717376,60.97313776223556,-126.70030892413595,-0.004639315337914488,0.04195805400124063,2.9984899176203688,537453
1045,615.8438015144359,227,1,0,1.2056565591355823,0.39658081212551205,71.8322615602468,72.31610493722991,-126.68072388770823,-0.04056333842387808,0.041791389921950875,2.987206521013235,537680
1046,615.3214173596175,240,1,0,0.5468280191640674,0.39298230943400125,78.52205992937088,78.04583455920219,-126.90310999552409,0.096911178335237,0.04170936817924182,3.030504597226779,537920
1047,605.8686499133956,201,1,0,0.5344298738429535,0.14069895063258625,62.57820027384592,63.0042413668846,-126.97087867698859,-0.21111590139085973,0.04182179127611331,2.9335268492722393,538121
1048,646.692290373251,228,1,0,1.7189471964471355,0.39715496383950544,72.23755105754785,74.55979458491008,-126.71043918007298,-0.17943690070196203,0.041068848810697854,2.943818713489332,538349
1049,611.1761540924239,170,1,0,1.19699103878414,0.3936937752291557,81.31118624631097,81.86962398641249,-126.4449364157284,-0.0876491523183444,0.0403139527887106,2.972660209150875,538519
1050,525.6681222227107,267,1,0,0.36465716074102994,0.3984767155328348,76.3099179464333,77.79143189848139,-126.40324507581161,-0.0176318482764428,0.04011092247085625,2.9944909663682573,538786
1051,644.8545416320137,234,1,0,0.7529895949964024,0.39658418873087325,71.28678369929648,71.61252178901282,-126.68020277756911,-0.08570556958707479,0.03995615165903527,2.973318977233691,539020
1052,517.721573350329,292,1,0,0.4528157534320313,0.39198763290428296,71.31212862713696,72.29784687904463,-126.75356538328406,-0.143232768529082,0.039176829235806856,2.955669056062829,539312
1053,653.5827499750768,320,1,0,0.7802065925420228,0.3977037037558879,66.94687732309103,67.72568415105343,-126.54432954788209,0.07074845323804765,0.0391065021045506,3.021810869127512,539632
1054,610.3325951258482,182,1,0,1.1849462139920295,0.392699640580805,81.9115896486974,82.08339841287214,-126.77611428564721,-0.1415420871760164,0.039134539663791656,2.9562807030730194,539814
1055,-722.6026620077128,360,1,0,1.5203995968597237,0.390077622988796,66.15540712012185,66.51336224079132,-126.86532933976915,0.07281104925916426,0.038918688127564056,3.0223922020859186,540174
1056,614.7511574405701,169,1,0,0.6116613754770526,0.39929179618568755,71.96769760910576,73.365438760385,-126.79615968783226,0.08280819632421584,0.03933221668269507,3.0255870283002686,540343
1057,658.6106306012375,299,1,0,1.066251888975233,0.39916201418230585,68.97514899199624,68.99331883522977,-126.74758444183247,-0.034131039220553175,0.039695478003958,2.9893907464068867,540642
1058,640.6520670773957,363,1,0,0.3192475155151645,0.3978346742851636,82.69208314202048,83.30759539354602,-127.31021975682786,-0.09252887135038035,0.03867452465428794,2.971347428550405,541005
1059,632.4770616639755,196,1,0,1.2685914079892853,0.3992578010365137,72.18079836757816,72.0960284422855,-127.33375553208954,-0.04157145313766538,0.0387071481886871,2.987193985861175,541201
1060,634.0572073042159,260,1,0,1.23126537651534,0.39399562112935693,70.79060283991006,72.0534155698923,-126.70437401991624,0.031758100252885085,0.039079384219187954,3.0097242786334113,541461
1061,635.0984492287805,218,1,0,1.6883403716048206,0.39624525322238446,75.39361499208923,74.61722385555233,-126.76308122687384,-0.01596297202375504,0.038950750365033066,2.9950298727105515,541679
1062,603.0807665198054,251,1,0,0.3851842070766499,0.38869262591892134,68.79644199006586,70.044329692643,-126.96475359548135,0.011933902182070858,0.038886618596386625,3.003649881636479,541930
1063,674.194340668286,387,1,0,0.7009301800768604,0.3970409342257319,70.24354438141027,69.97162290814619,-126.6477938314433,-0.004485065887564221,0.03835992899167445,2.998576580708033,542317
1064,613.6491921207754,267,1,0,0.5107737521680905,0.39892832372111664,69.12438893764653,69.30119336231817,-127.05704806895739,0.13535611369134334,0.038894883786024674,3.0417120063796026,542584
1065,616.3472645753465,189,1,0,0.6392156462025764,0.39508484604406086,73.39253709682082,73.44970548972881,-127.04626420439867,0.4608972461095878,0.04014795703231973,3.1432754034718506,542773
1066,626.8587304148972,221,1,0,0.6353224813956206,0.3982956173533204,75.84628481454979,76.90675784020402,-127.24187327941618,0.24867421890950311,0.04180398483958719,3.078060167407558,542994
1067,621.011204733885,184,1,0,0.7792120488621257,0.14706162005062118,81.65482112117435,81.76703900876252,-126.43900539564049,0.010899814918799244,0.0418904957604473,3.0033970838007717,543178
1068,-306.25924534066587,93,0,1,-0.011463279203969612,2.7348188680558128,64.40914687289987,64.00409869737523,-127.00486697945543,0.19932355479367317,0.04231494444833007,3.062919406480687,543271
1069,670.806383346099,277,1,0,1.1425315723589633,0.39675632417605605,72.57680000553063,72.96299231525794,-127.36511742767445,0.3196644946556229,0.04294788979989097,3.1016581153181058,543548
1070,616.798566593423,173,1,0,1.3614645802664662,0.3988079516784142,68.9899648765608,68.67518689039815,-127.36362192672112,0.07082906716390153,0.04434936138332924,3.0226649231993394,543721
1071,344.4730566227213,310,1,0,0.7540592362899066,0.39754618409159626,67.25621375883779,65.40573879057361,-127.2055402201991,0.03610714142841678,0.04399338196362219,3.0115144714232414,544031
1072,617.071761995137,173,1,0,1.8430194497586656,0.39825279050599804,73.06590404951504,72.48935021416989,-127.4793832150498,-0.1353191243258515,0.04415360812334656,2.956555056434146,544204
1073,608.8128240125469,253,1,0,0.7082953346717017,0.39533046498906005,71.19090175628662,70.81156375379902,-127.7929363929236,-0.14085766457374624,0.04392720944443239,2.95495310131269,544457
1074,597.1190412105707,142,1,0,1.5870524887260427,0.38558694455055903,80.74542525788428,79.58461290010264,-127.15476140841632,-0.19001576375268714,0.04322330039781584,2.939521567922243,544599
1075,625.439713816118,218,1,0,0.606864379476378,0.39612918133779157,72.50817641424477,73.27109152898876,-128.46827204293066,-0.2569310812775148,0.04221496160287376,2.9187080936694363,544817
1076,613.5092806580276,191,1,0,1.325667404233112,0.3953378381563577,80.41003701574515,80.3231265732131,-127.83240788644521,-0.04585492528526415,0.04156219918300344,2.985548441322686,545008
1077,615.3708610593461,331,1,0,0.7625251036746631,0.3992196433717116,80.44652937690297,80.65102359391412,-128.27075647083294,0.29566970150186217,0.042595946502919646,3.0935039635511323,545339
1078,603.0827756168069,158,1,0,1.1535636321810787,0.3985587095174353,84.12235292905494,84.22728445560118,-128.54501815989047,0.03188666616436801,0.04340269598119621,3.0101507374002963,545497
1079,589.4898428350069,176,1,0,0.49834632745651486,0.3991812938931492,76.23935992880301,76.20670063929124,-128.93462280793622,0.305240675997497,0.04415568059564314,3.09766141528433,545673
1080,-182.88681162789229,92,0,1,-0.05746798802215625,7.254644990492393,65.10505240378173,65.39609830275826,-129.62805573836616,-0.1937714596076504,0.04440606794441524,2.9377831972163655,545765
1081,594.5419242981868,136,1,0,1.5799590910279788,0.39313834316700635,65.82286009367775,65.75700066720738,-129.65511770809397,-0.24018608510275097,0.04393056267872453,2.923137457931743,545901
1082,598.7172863984665,161,1,0,0.8206977330251157,0.394662791965519,81.7505965914045,81.01148690644258,-129.54784653942036,-0.08122204996136405,0.043297483822944,2.974072179438905,546062
1083,609.8846113151282,197,1,0,0.8905524756339103,0.3928781821821488,77.12973203513828,77.8872738392825,-129.65862785378084,-0.05373482096013684,0.043271639682163444,2.9828713835798544,546259
1084,618.950439026838,193,1,0,1.226417586706492,0.39238882000059594,73.77866886316804,74.07160577625808,-129.43767606903234,-0.016216282341918797,0.04340715679325588,2.994764430535272,546452
1085,595.3090588016792,150,1,0,1.2008406221572332,0.39152611809702054,70.12328059514364,69.78673432985941,-130.40941157023113,-0.5185887170086304,0.042443746005495386,2.835877421696981,546602
1086,602.3372634982984,143,1,0,0.8646327780489704,0.3951846740309122,73.05165356189221,73.4101450793393,-130.61814960399707,-0.11201479061916991,0.04146585087259333,2.9647729480183207,546745
1087,596.6406447210845,146,1,0,0.8713395661900072,0.3950964394571517,62.782091506539956,61.448046161703864,-129.79893692225627,0.25639803651465126,0.04160727182888005,3.0806446532680565,546891
1088,602.5835290407344,209,1,0,0.8120133680417901,0.3835317201383721,71.09302843814831,71.17021569338712,-130.62127178137382,0.2973766183061748,0.04256308199971486,3.094167522266151,547100
1089,531.8729490309208,294,1,0,0.1907209131561477,0.3983340896598571,71.68132786523728,71.15243195838669,-130.296187290529,-0.1783940963016278,0.04288198840709365,2.94340882820337,547394
1090,599.5903239030887,141,1,0,1.5165635220859135,0.3882907435018819,79.84560556614653,79.09096182829944,-130.94182765230218,0.05981329528628089,0.04220183389195314,3.018892477590142,547535
1091,604.7678138494238,175,1,0,1.0030155694060192,0.39808465096473783,58.519110003880094,58.14509286608015,-131.57597290039064,0.19795842349529266,0.04268717214465141,3.062705692563738,547710
1092,593.2961041760329,142,1,0,3.1389851671926046,0.3845247216017111,64.23768589530192,64.01778881314775,-131.61733487626196,0.35317302558203817,0.04349185161712304,3.1125335256818314,547852
1093,591.1235520724337,133,1,0,2.368204873279529,0.380906347770431,70.688758914632,71.97984254808354,-131.90871486807228,0.36868221494124126,0.04411837822736654,3.118248754874208,547985
1094,-217.9970145258942,74,0,1,-0.002862389756955075,6.281632716045074,68.51973975671304,68.13485628849752,-132.35521739238018,0.9769093851382668,0.04538480987822687,3.3159066696424744,548059
1095,609.358583904046,159,1,0,1.4923292700513087,0.39384581227730686,70.93645173498669,70.94583828644183,-132.1892593671691,0.03332532119919669,0.04647941151692432,3.0108081259817445,548218
1096,250.96793936090833,236,1,0,1.2730527903691056,0.3989177201424157,74.6973833350812,75.6948357699281,-132.2149939132949,-0.21577633009686814,0.045860334583637065,2.9299396801803073,548454
1097,333.71498131237064,176,1,0,1.3929189057475342,0.2584323895108255,65.49321361834353,65.33217047832228,-132.96547911383888,0.0010097105987370014,0.04531697990288111,3.0002562484957953,548630
1098,558.9515031376235,444,1,0,0.32210710485790994,0.39122301940899135,75.67341352583051,75.28184886666031,-133.09572903744808,0.4026261663550998,0.04693757323967712,3.1317219540879533,549074
1099,647.4509187026954,241,1,0,1.3563222694608135,0.39701477306482286,69.31624137514359,69.43002723361447,-134.01430334194072,0.12125599296972217,0.0494640041529143,3.040251871362267,549315
1100,591.3980516668553,132,1,0,1.31096642559295,0.3544164668138959,71.87439708276229,71.98715386968671,-134.04309527079263,-0.2336300592446192,0.049244459944240974,2.9223407001206367,549447
1101,609.7769704326554,264,1,0,0.38918755391336,0.3899822079699807,77.50889952977498,77.62213260477239,-134.64818249326763,0.19138898281380534,0.04957373467076457,3.0636004823626894,549711
1102,300.37433563663274,600,0,0,0.3339941405886643,0.7841143401354828,71.01802193721136,71.34863263607025,-135.27091870625813,-0.05842951452359557,0.04894958995903532,2.9804402867952984,550311
1103,619.3001313823215,175,1,0,1.1142119408271065,0.3861886470355289,75.56159969329833,75.937036819458,-135.40025159563336,0.3021939262322017,0.0496716696023941,3.100661817278181,550486
1104,613.7585513159399,168,1,0,0.6232201513842721,0.3914194901313489,76.93208628041404,78.5827750648771,-135.44421291351318,0.1957737538808336,0.05068681517704612,3.065614102851777,550654
1105,609.5570326612491,188,1,0,0.8428219466000981,0.39771817202462434,61.98340235365198,62.35177661510224,-135.9870959342794,-0.23710693099952124,0.05039183210898587,2.9204309227618763,550842
1106,287.6497475094798,199,1,0,0.04720150404882628,0.3989031213388331,82.06040678551449,81.82704762597778,-136.6012864616049,0.3753474116250498,0.050992337153784595,3.1260210341544608,551041
1107,605.9271810602472,192,1,0,0.9213479315436153,0.39717437819363544,73.82386024544637,74.42737091581027,-137.08923514684042,0.16333610159927048,0.05206228713116919,3.0552524415155253,551233
1108,-159.86526585853488,80,0,1,-0.024158076118109495,6.279612722552388,72.85173914432525,72.05630609989166,-137.49102172851562,0.12515846975147724,0.05251375623047352,3.0424709886312487,551313
1109,606.9854476368605,176,1,0,1.529608849842664,0.38786129328195673,70.04133246703582,69.08629925142635,-137.66081974723122,0.16924806421791966,0.05305922590196133,3.057609108361331,551489
1110,630.6700374361437,177,1,0,0.9754882037949263,0.3953208256786441,72.48043030129988,74.50125875311383,-137.77359237239858,0.1116806387396182,0.053754438851344385,3.038112920556365,551666
1111,596.0462439076637,133,1,0,1.011706780689371,0.3938505302559242,64.71577875237716,65.08327703547657,-138.05347563091078,-0.24244002269622975,0.05349234323528476,2.9171202290327027,551799
1112,611.4599753446364,190,1,0,1.1134488058293044,0.39637364400996056,71.5546414074145,73.0270288567794,-138.8943144948859,0.15247165513666053,0.052995778679063445,3.051990552952415,551989
1113,657.7879605865174,282,1,0,1.2286863535459251,0.3982103445851091,67.59509857664717,68.0095789212707,-139.83410693229513,0.12459396253874962,0.05483168553798757,3.042673023034495,552271
1114,276.8251704458506,396,1,0,0.08618343023409669,0.39320852276222584,66.47044310906921,67.63345469850482,-139.69178583164407,0.15565735848639348,0.05595578637086984,3.053756154546834,552667
1115,619.7583934255737,161,1,0,1.5283933673975434,0.3983600650143534,62.14382523779543,63.91351832514224,-140.67631284346493,0.018671648310763494,0.05614687078950568,3.0064586541667486,552828
1116,-532.8809467768306,119,0,1,-0.047026981614132435,9.91864014478049,81.95863350299226,83.63265052763354,-141.07615507750953,0.23888753532987683,0.05644411440281307,3.083144662760887,552947
1117,666.7816899150955,232,1,0,0.8953884642523715,0.3991702814973223,68.48292745803964,69.55920843009291,-141.23648821074386,0.3064390204461484,0.05771637338631112,3.1075368698300987,553179
1118,603.0152813339693,136,1,0,0.8872344414851566,0.3929448813719649,68.47853011944714,69.41677251984092,-141.34078710219438,-0.010245704804273212,0.05912006125949761,2.9963269636911503,553315
1119,-124.22046095718656,91,0,1,-0.05491461458975733,2.3421970955779097,70.78488816271772,71.48125234541003,-142.96944066980382,0.4687198249438962,0.05901817568055876,3.165858030319214,553406
1120,-121.56289963447857,92,0,1,-0.04050388838263436,3.498902474048636,82.46506342680559,84.73367646466131,-141.5271163608717,0.3710929230665383,0.060577410597192204,3.1321980098019475,553498
1121,613.5395638216811,178,1,0,1.3399339498180776,0.39759204079059446,72.20578162053998,73.63548411680071,-142.14846510297798,0.4228212260484193,0.061910171229183006,3.151937586537908,553676
1122,602.3827219851003,135,1,0,0.8342322247621754,0.3906205352788711,78.58088740596065,80.39878453148737,-142.97825826009114,0.08421181222354925,0.06287615911828147,3.0304416091353805,553811
1123,609.788542200701,154,1,0,1.1153831900379445,0.3913499055399494,66.47222271213283,66.84808210273842,-142.8151928790204,-0.0909263449055808,0.0633784867823124,2.9670050825391496,553965
1124,610.912744848084,155,1,0,2.013383428872172,0.3916616365446846,76.64648120018744,78.39674528183475,-143.87754231114542,-0.25484025574499564,0.06222890689969063,2.9080459179416778,554120
1125,625.8944474957144,183,1,0,0.8528912116841955,0.39063644294876976,77.87958937264531,79.18141190992678,-143.7338533662056,0.4092397896847764,0.0628480901076494,3.1478771147180775,554303
1126,696.2790905182778,264,1,0,0.6431713101983949,0.3993993461834607,81.45325222882357,83.67501343741561,-144.13284827723646,0.014757045445907297,0.06413001392149564,3.005299577207276,554567
1127,610.8199447475898,194,1,0,1.1874381331105732,0.39832850913653767,69.12471264907994,70.05966745455241,-145.2410066742258,0.11997443251311779,0.06460663975821328,3.0437133975864685,554761
1128,630.7937822368566,220,1,0,1.435677210440134,0.399375965884327,80.18326268629595,81.22703286951239,-146.04477032748136,0.1105330025438558,0.06515559496527368,3.0403940861875363,554981
1129,738.2588894497705,326,1,0,1.0366194218767424,0.39673613067744984,76.60098533103802,77.66388276749593,-146.36215443991443,-0.0717621571812893,0.06459172360279078,2.973665459024394,555307
1130,-404.59214777137447,288,0,1,-0.07156009924771578,4.90087198056845,80.84763482875294,82.30972815553348,-146.44705073038736,0.08950292172893468,0.0650962826071514,3.032756707734532,555595
1131,406.0077608078038,206,1,0,0.1339596419694139,0.39379796116905363,72.59560268365064,72.11421941553505,-146.84237226467687,-0.08107474495123312,0.0652640542937714,2.9702427861759966,555801
1132,641.6831920278839,201,1,0,1.150079641474399,0.3987712307164305,80.56754253159708,82.20702503451068,-147.86792660233985,0.021223336958618305,0.0652440833437502,3.007741470242021,556002
1133,566.9905249804801,323,1,0,0.30776344471936257,0.3999381098879817,82.42963156390117,83.80391196791233,-148.46382004114867,0.12707253912285016,0.06524413810241333,3.0466584554028584,556325
1134,678.1283125375537,272,1,0,1.1489813033882856,0.3981454589802987,88.58057782229255,87.91221131296719,-149.2575959037332,0.07538785424549133,0.06721690565566807,3.0277806537992813,556597
1135,585.414503460414,191,1,0,0.4399708150712369,0.39338689878251853,87.70548320690375,88.94453425682028,-149.02743314573277,-0.1018470144240644,0.06723348515508062,2.9622893882671577,556788
1136,621.4778925227055,206,1,0,1.4802847804967079,0.39617321934188343,88.35953909216575,89.89487838282169,-149.5883200191757,-0.1412144684350317,0.06598754415234316,2.9479627134730513,556994
1137,657.1758460073524,233,1,0,0.7717693661296257,0.3988250524941064,94.45597266741576,96.75620523952108,-149.6688610944625,-0.1457326687840433,0.06497019612482177,2.9465947560486363,557227
1138,639.0541936805121,217,1,0,1.18685996641286,0.3966691762102001,81.0304174511114,81.56590235398113,-150.2809596611058,-0.25064379402569364,0.06425525636030233,2.908824793204734,557444
1139,479.69856544285454,301,1,0,0.3336024987219508,0.39152809815382417,90.0877016580778,90.67365925494222,-150.6819702351212,-0.2265569706295812,0.061803869247139494,2.918439897587925,557745
1140,-263.7522118928718,80,0,1,-0.011077087198266722,4.764849448005552,81.95474390983581,80.28657402992249,-151.3338737487793,0.3757807230576873,0.06128959958441556,3.1346467614173887,557825
1141,608.1461175678596,162,1,0,0.7931256016647635,0.3981292393195839,95.73530675158088,96.62169350518121,-150.86761757179542,-0.02086746552384194,0.06224652207284062,2.992401742640837,557987
1142,614.4946262613806,186,1,0,1.0156577307168477,0.394196944234117,91.02270467306978,91.81638746364142,-151.4359094763315,0.00928162482957686,0.062031408090905474,3.0033124954469743,558173
1143,624.3886393342189,207,1,0,1.8409572993737637,0.3906920467931812,90.97026744787244,90.372662940463,-150.9728556462532,0.1207062838698067,0.062249682537743434,3.043437065133726,558380
1144,600.0019867524909,228,1,0,0.5119934989747061,0.38716835543337014,80.49941246969658,81.42494742075603,-151.48129439772222,-0.007028573307028988,0.06266919851891305,2.997437530442288,558608
1145,635.9701759370679,211,1,0,0.9921605558917148,0.3959900348985913,96.84775983891781,97.96145717566613,-151.92251124088233,-0.24842390412756052,0.061747696533163574,2.910693749432315,558819
1146,614.3957239604867,176,1,0,1.8913117852460326,0.394170263267037,88.69415219263597,90.69862074201757,-152.11756021326238,-0.17967701267281716,0.060819054805588996,2.935853280804374,558995
1147,754.594514314714,438,1,0,0.6239533189241933,0.3980404624670329,92.61204974074342,92.37285963694255,-151.9953642196307,0.006464494604906535,0.06063423013170016,3.0022519342431195,559433
1148,613.6087387986723,183,1,0,1.705619534065205,0.39431337507106423,90.86096860541672,90.6114005677687,-152.63523839731687,-0.06048801720468073,0.05968465741540565,2.978432041699769,559616
1149,800.2875214637439,440,1,0,1.0428523644058554,0.3978213184261825,94.40127706094222,95.53092098452828,-152.49222564697266,-0.23264343368566848,0.059523333786902104,2.9179130272431806,560056
1150,-3164.7713587294197,492,1,0,0.7125028904850347,0.3965909141215652,90.55504387374816,90.34690254878223,-152.90829356123763,0.0987232384627791,0.05735982926486711,3.0345789673851757,560548
1151,462.51643270918305,196,1,0,0.09983344815590034,0.39575757364213815,86.24788684261088,86.86767345545243,-152.49059186662947,-0.09600527900062045,0.0584536003595104,2.9661814874532273,560744
1152,618.3789724357126,216,1,0,0.6691053643536629,0.39409150966563616,98.04609613065367,96.89002108132398,-152.9293645222982,-0.039389474058730736,0.05767019144776794,2.9861159015584877,560960
1153,627.0332987745294,203,1,0,1.2707313637462851,0.39855976640301,90.92820296264047,91.23478122767557,-153.51582050793277,0.2574223420890094,0.05816488628610601,3.090567068513391,561163
1154,670.9760296321008,329,1,0,0.9057163137678386,0.3983783762233111,96.78349371449201,96.74074617055412,-153.67685553368102,-0.042392025557332486,0.059143730878014694,2.984992098301015,561492
1155,-4383.6765998399915,600,0,0,1.163779131989503,10.755984461553968,93.82329833030701,94.11367154757181,-154.01164426167807,-0.16443536495789884,0.057539559286087755,2.942396318912506,562092
1156,471.520246508763,600,0,0,0.49594199528604477,0.7856662512332004,92.96946353594463,93.86825673262278,-154.42515584309896,0.2016702119043718,0.057416483809550604,3.070581376552582,562692
1157,629.3116273035614,204,1,0,1.1960219841955702,0.3959542842753601,96.12098230100146,95.4859227105683,-154.58773601756377,0.4147390628635299,0.06027937936140042,3.1475468792167365,562896
1158,618.3375900760481,186,1,0,0.8386585021748123,0.3929975804450246,85.19832862320767,85.62537271233015,-154.57602986981792,0.2170814643063212,0.061879324937059034,3.077983198627349,563082
1159,620.9924898268146,209,1,0,0.8832254919489131,0.3978651266846713,98.06296166506681,98.91124536888451,-155.17686345588646,0.0004810138324801431,0.062141523870269645,3.000127941797795,563291
1160,623.4484934123733,196,1,0,1.0094514881297112,0.39504057466854015,87.59574531535714,86.17571276547957,-154.64803142936861,-0.19327494896454167,0.06209539409194674,2.930456496014887,563487
1161,613.2311850903068,167,1,0,1.5237513783265348,0.39483186262414116,105.37210949880634,105.83224745424921,-155.90720737480117,-0.24139370626496698,0.06143242524501806,2.9136016211823788,563654
1162,626.2014335940631,196,1,0,1.1248678693038365,0.3963537631530056,91.66533799560703,94.06187396633382,-156.116089957101,-0.24427302934381426,0.059377509929543854,2.9131979188140558,563850
1163,745.2721103441138,373,1,0,1.2972843752714407,0.3964353715332413,90.75898707903742,91.49289894871035,-155.97097414236606,-0.167038786127644,0.05898876820788307,2.941072752903997,564223
1164,631.2802862898961,186,1,0,1.0069416760733239,0.3999943173274458,92.57392086008544,91.50330540441698,-156.2000002297022,0.055453308327223665,0.05771064826397486,3.0194130392484766,564409
1165,628.5992192343645,186,1,0,0.7934286975469518,0.3992779372393014,90.6859747363675,89.83506475469117,-156.80552697950793,0.0660602788751324,0.05821520118142969,3.023144636102902,564595
1166,608.4661943800472,166,1,0,1.0722933075086885,0.3842772350555807,98.70167711556675,100.69368624974446,-156.75921879044498,0.19262630856001234,0.058355315263012804,3.067861032773213,564761
1167,623.698538831379,210,1,0,0.565468944571746,0.39986060965226705,88.79127423876808,87.93260894048781,-156.77656976609003,0.2316647393185468,0.059729247628932905,3.082061237380618,564971
1168,608.9826435639764,156,1,0,1.1849448150576913,0.3873436456707145,89.29330032299727,91.24347163469363,-157.40509033203125,0.1381876960826608,0.06038509058551146,3.049251907911056,565127
1169,611.8543907358494,183,1,0,1.354565011211806,0.3917852486754563,96.4030146676986,96.56154310507853,-157.4432244639579,0.08184748759768048,0.06068447657703051,3.029229930189789,565310
1170,614.3816832529866,173,1,0,1.1523223028441842,0.39893542966484796,84.02365075921736,84.51759735835081,-157.86946714544573,0.06901931594734247,0.06153432807395224,3.0246989575424634,565483
1171,-228.26155366391396,53,0,1,-0.0696941128958194,8.42698184454055,94.48302927557027,95.40286938649304,-157.41507418650502,-0.2783156970761857,0.061450993817932204,2.9002065073769048,565536
1172,609.3346301389483,160,1,0,0.8531393725952332,0.3870957944562129,82.29428852796555,83.72311034202576,-156.8329363822937,-0.21297271819785238,0.06095326079521328,2.92393482029438,565696
1173,621.0968375875965,182,1,0,1.2025214547228507,0.3940077908938437,87.01005351412427,88.6954799746419,-157.3849607195173,-0.09886331719110955,0.059854337208709876,2.9648303998695624,565878
1174,617.3833498925989,215,1,0,0.6321016676687913,0.39222711838071855,96.93881429627885,96.99576166286025,-157.91884786916333,0.10623020690887473,0.059731678630030434,3.037720912001854,566093
1175,597.6135145327502,145,1,0,0.7404377969228119,0.37657742127071314,105.68011421992861,105.84389641860436,-157.76928458378234,-0.6208031195247995,0.05906272838855612,2.78017944796332,566238
1176,624.8359767209633,193,1,0,0.5028742332033286,0.393888421828616,95.47340415302335,95.31998120441338,-157.32035084462535,-0.3339959753995732,0.057822150424354436,2.8829906727983543,566431
1177,385.4797122226204,231,1,0,0.007411396965541606,0.3955725109559853,90.2154656282235,90.35536735088795,-157.87628722087646,-0.47431765280631716,0.055408425790406925,2.8360631961327094,566662
1178,593.3216214486439,180,1,0,0.3880953798293189,0.3924943885793826,107.04562576611836,109.95564451217652,-157.47828708224827,-0.17869698581182294,0.053529438376426694,2.9388240536053973,566842
1179,612.9497277901605,177,1,0,1.8942814747132086,0.39365174362621097,101.50463246490996,103.21629554403704,-158.1485031041722,0.0895648408197077,0.05330193084848803,3.030545276437102,567019
1180,603.5120264733469,175,1,0,0.517866015517755,0.3852170854147472,92.44458322797503,93.11166633605957,-158.41419015066964,0.2649406787114484,0.05438699609466961,3.0908371870858327,567194
1181,600.7783797465362,138,1,0,0.644729530833388,0.39767759061461383,103.23013669166012,104.51612560990928,-159.0110959039218,0.34298991252654704,0.05521516499204048,3.1184089045593706,567332
1182,275.6813531308816,289,1,0,0.843401936802829,0.3940204758715987,84.63646972550653,85.1109046606044,-158.72795110260327,0.15627311135297414,0.05637620685937908,3.0542956974267135,567621
1183,618.8140303712855,188,1,0,2.279664144674028,0.38825078670292024,89.29811106844151,91.71506609307959,-158.29680308889834,0.38115949466566934,0.05768400422753172,3.1336213451750736,567809
1184,607.7893187766902,161,1,0,1.1610578998758476,0.39217060794051256,97.43065907496103,96.82670868701817,-159.38229768172553,0.029148283975650065,0.05896017922562842,3.0101815513942554,567970
1185,606.3279561150198,154,1,0,0.7238874909929308,0.3950350246888572,96.39248411376755,96.08473443984985,-160.5073382885425,-0.1143317875004821,0.058543709917114925,2.9596702928666945,568124
1186,619.2828839453837,198,1,0,1.094415662013739,0.3987733279743594,102.44169372500795,102.61096924483174,-159.76029729361485,-0.32666355708256517,0.0575283874729366,2.885488849697691,568322
1187,534.2242682902375,156,1,0,0.21542728898126962,0.39340620015175326,104.77502237222133,105.54816891596867,-159.7461779667781,-0.3724762356768434,0.056260248980461024,2.87062791066292,568478
1188,-144.07465311733836,113,0,1,-0.08151709144065034,2.218060217049029,94.15380460182122,95.73989764357034,-160.11965267215155,0.2928285257874337,0.055306745841439846,3.1011198199955765,568591
1189,601.9220024373204,193,1,0,1.0388879164350657,0.3990050309105098,96.12160947532851,97.86927720796258,-160.5894807805669,0.3354759688243038,0.057196726704045284,3.116848330423622,568784
1190,608.1712212811376,179,1,0,0.904483503572962,0.3873111938001812,76.36077502586322,76.34236943655173,-160.0348048716284,-0.09378810026084577,0.057476958520086115,2.9671615435424465,568963
1191,615.5965994153344,192,1,0,0.9290584670936596,0.3926100230306361,94.6035817116499,95.13518676161766,-160.90040334065756,-0.22399727284209803,0.05675284389872104,2.9219345015784106,569155
1192,605.8377310237258,156,1,0,2.0563221616823246,0.3848224399559808,78.29144301169958,78.9928767314324,-159.96773274739584,-0.4156577230837101,0.055459012468464866,2.856275063294631,569311
1193,622.0829529553369,172,1,0,1.2917334835095446,0.39901835219657156,82.11957885498224,84.40461869018023,-160.91921092188636,0.013852319788447646,0.054480226060678795,3.0047466976698054,569483
1194,611.6471117491503,188,1,0,1.2528463682780155,0.3981264701573398,96.26180417994236,98.77900301141942,-160.4161891531437,0.002831970926057151,0.05490793002412674,3.0009320111984903,569671
1195,619.0972413534067,180,1,0,0.6915606240381209,0.26696449604974126,88.47133626408048,89.6594340801239,-161.12894507514105,-0.1320479943106572,0.0540702390174071,2.954591412014431,569851
1196,268.7346720965852,305,1,0,1.4080688205560916,0.3986347143892114,94.05002449535932,94.99105639535873,-160.21784302758388,0.24702608531005069,0.05498332398348167,3.0850938507767975,570156
1197,557.6594394989593,147,1,0,0.3545297684320289,0.3933966515659045,89.2455228883393,91.05874317195139,-161.2302732921782,0.1340494535762031,0.05660699439697525,3.04645003591265,570303
1198,625.3606028439942,203,1,0,0.5860909157372103,0.39157456227653414,94.0504363910318,94.28759106039413,-160.85720223863723,0.10452473684778354,0.05684891882641562,3.0363801042434617,570506
1199,604.5398936162447,156,1,0,0.5400354117865434,0.3963541104777359,80.12664554057977,81.43872102101643,-161.0401770762908,-0.11894679076683062,0.05681891416987547,2.9585055877000856,570662
1200,617.8879420683987,198,1,0,0.6572278616112868,0.2261205819702092,96.64218021161628,97.29313267601862,-160.53436733977964,0.07180907636542212,0.05675132726930609,3.0249625010923906,570860
1201,457.4526291386774,165,1,0,0.17705027847071103,0.3918698722482644,90.93239371559837,93.40347552443995,-162.18808057380446,0.09049329249696299,0.05696177263603066,3.031571706136068,571025
1202,623.5559152823907,182,1,0,1.3617729519575963,0.3961474471138239,99.35410999465775,98.6257240169651,-160.92546894786122,0.17436432545738562,0.05773279998083036,3.0610934980623017,571207
1203,689.305732455098,307,1,0,0.6575774378601558,0.3943496378622044,95.50556851986565,95.24106467740931,-161.95372536128042,0.09470595722162568,0.058386188194592535,3.033346357873674,571514
1204,-521.1957609537811,388,1,0,0.19461427587160762,0.3968054504827118,95.58223979743485,97.27372369569602,-162.4780505465478,0.28288227461816107,0.06080294098973889,3.1008158283135328,571902
1205,161.17082898201056,463,1,0,0.06486062886475175,0.3989267317416829,89.29669635599684,89.73367226355533,-162.51038975231592,-0.30238401179340696,0.06008485480982078,2.8922837810433966,572365
1206,610.0855765942079,164,1,0,0.8013944924209297,0.3844227146406725,89.59407436556933,90.10501620827651,-162.9963178867247,0.08356504212701465,0.05849910854566388,3.0293844720212424,572529
1207,618.9314756171354,171,1,0,1.1093166441088353,0.3988305755403345,114.31076816090366,114.20068905925193,-163.0343514604178,0.08004808696041331,0.059024029307895236,3.0282063177454543,572700
1208,649.4933467754083,231,1,0,1.003571606895927,0.39970348789478544,95.03098255421692,94.60381844343046,-162.41391598920285,0.13131423576763182,0.05871618011748636,3.046382266205627,572931
1209,610.2553826811898,175,1,0,1.3869235551898924,0.39256859747991796,94.10171776907785,95.30325604030064,-163.14413748604912,0.3759310563760144,0.061031797443117417,3.1339679895128523,573106
1210,620.6290579930239,192,1,0,1.063360961417529,0.39434352422757957,84.08690684537093,85.16567990680535,-162.9925606250763,-0.24416333972476423,0.06083244440378621,2.912704465289911,573298
1211,616.4151699912833,189,1,0,1.014797771973964,0.3975821503954234,102.498135829098,103.24244497188185,-162.7329478591838,-0.08844679741868897,0.05996794304835103,2.968533920863318,573487
1212,512.7161416701923,146,1,0,0.23160489523080707,0.3945931096600339,84.15398009835857,86.17395778551493,-163.6405559174002,-0.3553671884822519,0.059263828835667,2.874259065275323,573633
1213,-223.25577835531743,67,0,1,-0.006898266490071137,6.658069105890528,81.61970827472744,81.58198621379795,-163.04918112683652,0.057512786183784255,0.05845449114246155,3.0202444382567903,573700
1214,730.6849393551054,433,1,0,0.815812410104912,0.3953691148676073,90.41487154619247,91.29074206363246,-163.617896381757,0.06218853637180345,0.059157648113046454,3.021900240873905,574133
1215,609.8272831780015,167,1,0,1.4596886706855399,0.3886237765327714,91.46369468666123,91.96037048065733,-163.8294566262982,-0.2770036948833637,0.05894636090644106,2.902257563825139,574300
1216,608.4504874580655,164,1,0,1.5965463822674926,0.3874365884294903,95.60930041569036,95.89063511243681,-163.6769024918719,-0.30694758834135605,0.05738149487935915,2.892552790118427,574464
1217,-209.8247293023237,77,0,1,-0.008910377241990508,6.3383831025086685,95.24228592662068,95.13189085427817,-163.3974870954241,0.5514071243633698,0.057169959142610624,3.192604941207093,574541
1218,614.3414414249592,177,1,0,1.1558329144427248,0.3968007613319868,89.10459286210227,89.58405792107017,-163.56872446523548,0.08541745103180072,0.05803454120112004,3.029977527715392,574718
1219,618.3981200549347,187,1,0,1.0001788434482397,0.3980099076602674,102.13559960553991,105.14459859878622,-163.80077537495822,-0.023236398400868323,0.05799626441483192,2.991814485845719,574905
1220,781.2416296913525,524,1,0,0.25799762593034203,0.3987595231570696,90.26229013013476,90.51347329416348,-163.57680991951747,0.02626678146393472,0.05754852152735222,3.0091766610400366,575429
1221,607.2533919601273,161,1,0,1.8955190504226505,0.3952935246385049,85.29776043033007,86.3264539760092,-164.87251670316138,0.018386091782439568,0.05815168074476793,3.006399268689363,575590
1222,667.4984900994659,315,1,0,0.42322886911739904,0.3933446889045691,101.85783587864466,103.62240190960112,-164.30275011819506,-0.002399630265103446,0.0584643268395984,2.9989966384948246,575905
1223,371.25387817222736,208,1,0,0.053384638638562354,0.399451845254377,89.7674376139274,90.23658061486024,-163.43844377077542,-0.2587326511275023,0.057641321506637797,2.909148403085195,576113
1224,612.6613265737285,171,1,0,0.47604829826282036,0.3976873812606407,79.57267302797551,80.44601493969299,-164.06385009051763,0.17074599716137026,0.05748173470298449,3.0597662047335974,576284
1225,-134.35956927961445,105,0,1,-0.008020464696328666,3.4628764086656294,85.26222417013986,87.88150875454858,-163.8599153064546,-0.05804473913851239,0.057708025262469334,2.9796111061459496,576389
1226,604.6722439811675,176,1,0,1.278783225752241,0.33426973205088917,107.77145937356082,108.80081085725264,-164.33189929615367,-0.03790662046098574,0.0576192334886979,2.986676128073172,576565
1227,644.1400763525127,250,1,0,0.8325648744062657,0.39198568861621397,88.51559955215454,89.04638845443725,-164.05288232421876,0.49625742351263763,0.05886382234096527,3.1751808586120607,576815
1228,605.4340368950849,160,1,0,1.3553085808153746,0.39710382794151367,90.34382319450378,91.20394908189773,-164.0662413597107,-0.3606948727974668,0.05981421689502895,2.8717622101306914,576975
1229,605.3491298442514,160,1,0,1.7730279582913755,0.39147331360897714,89.27994088530541,90.06438719034195,-164.46442403793336,-0.10370263259392232,0.05909035413060337,2.963313566148281,577135
1230,608.6941622702263,160,1,0,1.6540815802798896,0.3989882471732768,86.28933795690537,86.03998318910598,-163.9463970184326,-0.47668603006750343,0.05815314413048327,2.8325616270303726,577295
1231,603.8081301900004,183,1,0,0.9312502758963541,0.397109136538533,85.16096660217953,85.80069600298106,-164.6710113358628,-0.0541598559280888,0.05673246944699783,2.9810687166745544,577478
1232,-219.34365719582195,85,0,1,-0.0027891134899140635,4.936626134188507,106.29169917387121,106.63050538231344,-164.94261977251838,-0.18968587767551928,0.0566261648255236,2.933926789900836,577563
1233,374.05339908096084,600,0,0,0.8216859744590288,1.9619868107995424,91.73919328848521,92.20797225793203,-164.72372873942058,-0.11444082514072458,0.05587948511665066,2.9603431582450868,578163
1234,659.8715379807228,297,1,0,0.48383655797961556,0.3979358778605866,96.2259600989345,97.97134975150779,-165.1402366458366,-0.07683337044585434,0.05397972741763198,2.9735395113627114,578460
1235,611.272868496672,226,1,0,1.3077990096355014,0.3962126348032478,93.3245912526561,93.91092315184332,-165.16730776086317,0.12944968585419445,0.05453837463483874,3.044448125678881,578686
1236,607.3387971791036,152,1,0,1.3160987107163293,0.3941116340751798,91.31223697411387,90.80163846517864,-165.15891998692564,-0.07804748151255281,0.054749701637774706,2.9730928038295947,578838
1237,644.2048536917166,217,1,0,1.2587259156370751,0.3994521568414137,89.68080041155837,90.30375791804582,-165.01162705663162,0.33219984431283267,0.0556747050878639,3.1147987084454654,579055
1238,635.2111083300688,205,1,0,0.7382814788312697,0.3945562967063186,82.79816730313185,82.48744725948427,-164.86135075266768,0.13732758300696932,0.05685700418018713,3.0478150809683453,579260
1239,375.15522048513316,184,1,0,0.13364544635223985,0.39504921173905383,101.95477894078131,105.43643690710482,-164.8643382528554,-0.0822651249801983,0.056917921498255884,2.971241058214851,579444
1240,620.4270575222292,182,1,0,2.063816336997716,0.39795503881516714,84.37547851918818,86.2812152170873,-165.5064951299311,0.03492572748071545,0.05682968086266255,3.0121564052917145,579626
1241,614.2569775157367,172,1,0,2.2059813559497856,0.3935185914415051,86.40259734974352,87.38859278102254,-165.19856111393418,-0.15344064957787132,0.05682357370333616,2.9465399800344954,579798
1242,611.1091381580118,201,1,0,1.0777720228870264,0.39230174146205093,88.1809375297964,89.62781425969517,-165.37459051786965,-0.027874337222000854,0.056050741442696964,2.9902635688212382,579999
1243,616.1294747263257,180,1,0,0.8523550445705651,0.39774347192399373,91.85535423490737,91.31634070078532,-166.58028335571288,0.30059838973813585,0.05691730533209112,3.1046730942196317,580179
1244,617.3696868368631,185,1,0,2.555459424954446,0.398711808044344,96.41518320135168,95.25544183576429,-166.41224942593962,0.4687306428680549,0.05833619657803226,3.1650263902303335,580364
1245,604.6884344577387,156,1,0,2.104002618644004,0.39866387727321,85.38713192328429,85.00887339543074,-165.8940023764586,0.2969037484234342,0.06029266873613382,3.1056672074855904,580520
1246,604.5548434128488,167,1,0,1.0633644211503719,0.3934716715403454,96.94360629098858,98.92709230091758,-166.2908595650496,-0.1814054680129368,0.06051197648048401,2.9352712359970914,580687
1247,502.99596784080416,258,1,0,0.35615243382657735,0.3849119214167981,90.8804468960725,91.44865505085436,-166.37544942456623,0.04340490921176681,0.060484456129429875,3.015355421591175,580945
1248,-208.14750505398683,62,0,1,-0.06305670639890804,8.09313921143509,102.54816813622752,105.48158218014625,-166.08350076983052,-0.0883815459186031,0.06040505049449782,2.9685026830242527,581007
1249,598.4882882754937,149,1,0,1.1354208324653463,0.36172023727526176,97.60169244932648,97.31558094408688,-166.45934823055396,0.11148611206136294,0.060537577500479334,3.03971664057482,581156
1250,686.1418915740305,346,1,0,0.5137921882349794,0.3974017470460329,93.31771873463096,93.91884673399733,-166.72721792232093,-0.09595792460109974,0.05966656486035427,2.9657474880273633,581502
1251,605.5175524221335,169,1,0,1.045464467561886,0.3968607027740622,110.10029631394606,109.82188344989302,-166.54405465210684,0.08745457240815699,0.06026242314093917,3.03101744595364,581671
1252,600.5951370348921,166,1,0,1.1094086481312944,0.3915094687289106,89.64834457994944,90.93713469103159,-166.87963968299957,-0.2702656763953617,0.05969402420682361,2.904055463262351,581837
1253,618.0397772819197,186,1,0,2.0130644314532242,0.39780911108517686,88.02937111290552,86.89135304317679,-167.0147705078125,0.08487733319321628,0.05945172000636337,3.0299065356613486,582023
1254,620.4925960898511,187,1,0,1.1590864572401425,0.38264735166061015,90.55336655397466,89.22982929352133,-166.59346334691992,-0.19693124073154147,0.05915279052952394,2.9303394218179633,582210
1255,605.6122100510908,159,1,0,1.593497357543821,0.389508261944339,84.89178513580899,86.22292376464267,-167.45913024518475,-0.23427570572579806,0.057937708829746304,2.917634088288313,582369
1256,601.6833179983727,164,1,0,0.7487374739042079,0.3910222398702756,96.50460062957391,97.76948183338817,-167.41850094678927,0.10458163073195553,0.057518405453642694,3.0366029405012362,582533
1257,596.6982985182319,186,1,0,1.04732684340701,0.3972415763735265,98.83385671082364,98.7163142029957,-167.51753759896883,0.05463133347771501,0.05853095224067088,3.019140353766821,582719
1258,607.0127888245631,180,1,0,1.2812161689949308,0.3889771696663247,93.96201529502869,94.74195297559102,-167.44880218505858,-0.09456848671866788,0.05792143438011408,2.9667519277996486,582899
1259,605.7456745347678,203,1,0,0.7326588902695396,0.39324308317991397,87.8317442644993,87.7834689088643,-168.1726441031019,0.27530279504181127,0.05867267411037032,3.096924267378934,583102
1260,599.8386244805915,183,1,0,1.7731377461663964,0.3820694339010471,89.52878249017267,89.99400081269728,-168.00486513565147,-0.10489520428529203,0.05894515496459815,2.962842635118245,583285
1261,733.7816169952894,465,1,0,0.4779700946428902,0.39805196802691817,96.17022655446043,96.65780592887633,-168.02578820669524,-0.08908160436217503,0.058548387091967365,2.968601478556151,583750
1262,601.3399256747728,160,1,0,1.549771349682863,0.3147601369399503,99.69574073553085,97.22898049354554,-168.16861486434937,-0.14633204007986933,0.0575629984261468,2.948707889020443,583910
1263,602.4899503725208,169,1,0,0.878206490012036,0.39619845045830154,90.76001444935093,91.7798106120183,-168.42854706352279,0.13330425231678952,0.05770960161407318,3.0465701289430878,584079
1264,609.6679342720894,193,1,0,1.2059741736538376,0.38967971504249443,96.5175535864163,96.7349043436001,-168.74270463854538,0.015579535669304546,0.05834123542426164,3.0053349035391537,584272
1265,609.935436911769,195,1,0,1.2739901494182124,0.15324992247121913,92.53488770998442,93.40776680188301,-168.51646540715143,-0.06927721093480403,0.05735705819649574,2.9755658467610675,584467
1266,448.7023958923294,231,1,0,0.17549852454394527,0.39914877660142256,90.22796859163226,89.02099012812495,-168.5791723738501,0.049546729483000644,0.05712317397971174,3.01715831219892,584698
1267,696.5920675777213,317,1,0,0.7474545939697106,0.3932131498944093,94.92469208774506,96.60122140048054,-168.7088766489119,-0.31546154268062454,0.05634650640918253,2.8901372452263576,585015
1268,513.5242722185898,195,1,0,0.28581289690007117,0.3897161022701962,89.88025310222919,88.93623639620267,-168.8855724628155,-0.004752486027204073,0.05534292106062938,2.9982920108697355,585210
1269,526.5965285549589,166,1,0,0.3022058330415339,0.3922155920675652,92.2512131484158,91.22670791809817,-169.01771894707738,-0.019201333645776093,0.05556130047932447,2.993284397814647,585376
1270,-217.91932550842336,76,0,1,-0.004210944129495631,7.137978230946709,89.88554138886302,91.71393317925303,-168.438486601177,-0.3267902063303872,0.0551425475431116,2.887263464300256,585452
1271,576.7697010261192,181,1,0,0.4329657097893924,0.3980789165077622,82.21459258063722,82.68133260400256,-168.5277602053479,0.009603944951822745,0.05475924328710493,3.0032586656222686,585633
1272,629.6148315324555,213,1,0,0.8197223749504029,0.38919341598286117,98.76795757096698,99.26592303441724,-168.63747223330216,-0.2826861696309047,0.053896857714149315,2.9029662877740994,585846
1273,607.4302934511213,172,1,0,1.2262164923783816,0.3942897804180842,92.8489220918611,93.5517061588376,-169.19575394031614,-0.16518527148074882,0.053145337091802164,2.943691903768584,586018
1274,609.4698746383885,176,1,0,0.9959089320277825,0.3953055324832658,87.6939880956303,88.6776274713603,-169.35470520366323,0.07798081545942379,0.052797397556291384,3.0265035791830583,586194
1275,594.2019578371311,182,1,0,0.8119774285201824,0.39816927990815637,92.68103125855163,91.33073829818558,-169.06262383094202,0.034188219479152133,0.05345403057123933,3.011594837838477,586376
1276,560.5742078654052,240,1,0,0.34757440997821754,0.39590284520631525,102.20384215513864,102.63090122739474,-169.78036778767904,0.24120539849779257,0.054039289414261775,3.082453648249308,586616
1277,603.159000799842,178,1,0,1.1423230176953996,0.3987145009040129,86.94392549321893,86.8588350381744,-169.9332632857762,-0.05499258508717411,0.05427146204904224,2.981091816773575,586794
1278,599.760142873229,156,1,0,0.7733856867245197,0.39685794082548287,86.6787975017841,85.9766790500054,-169.74892278817984,-0.010841987143533353,0.054389653966212884,2.9962248038022947,586950
1279,607.2000672821766,189,1,0,0.4558310868175939,0.3872217636566656,93.82153545359455,94.06970796635542,-169.3019587602565,-0.17204909848551903,0.053866678976981094,2.9410861699038713,587139
1280,611.3879026983411,166,1,0,1.2822105946672928,0.3942081990891008,72.49155223225972,72.47579188519214,-170.19694362778262,-0.0930729154497385,0.05321358263223286,2.9682066296956626,587305
1281,598.5207033502579,212,1,0,0.5564531921151856,0.3892370510736456,90.48713661139865,88.9507812239089,-170.1369278385954,-0.08645887613155932,0.052763095969017945,2.970563273384886,587517
1282,600.4886574139118,146,1,0,1.787349421079548,0.3880830137585814,87.75302904599333,85.69438812177475,-169.74093784698067,-0.030808628524002964,0.05281505422437028,2.9894730816148734,587663
1283,613.2415357494107,197,1,0,0.5332333710670651,0.3996084574439258,89.20177231706339,89.10033590055359,-170.7608940008328,0.14452744035173187,0.05271597656653012,3.0491023366221315,587860
1284,603.668150927597,153,1,0,1.0223718423921035,0.39858966744294877,82.65520222358454,82.94016844930212,-170.76442214866088,-0.021274355258427413,0.05317795756303407,2.992722798017115,588013
1285,597.2817755573094,161,1,0,1.1125443434828344,0.39785610145393874,87.08481334899523,89.98633589655716,-170.41525353852265,0.005870476874135296,0.05333898359944361,3.0019236632755826,588174
1286,603.6770858980813,148,1,0,0.7431537727215964,0.27979767618177664,80.72134605613914,80.66968294736502,-170.20838258073135,0.0560275958599271,0.05344308537707941,3.019027125191044,588322
1287,596.0213527086877,135,1,0,0.8515640622427905,0.39916694318650847,83.05290636133265,82.44137286433467,-170.69015615957755,-0.09065626240162938,0.053087499268628935,2.969074152134083,588457
1288,443.64347086322937,215,1,0,0.2857078428074442,0.1515932579718201,92.87117009273796,94.38177185502163,-171.42165924781978,-0.023989631755407467,0.05308318812140199,2.991794251286706,588672
1289,598.8547693072727,151,1,0,1.4261196841182655,0.3998847508079501,89.85747315867847,89.14584508479037,-170.90647170717352,-0.21720110496740466,0.05248858330660308,2.9262314269084806,588823
1290,599.2260598007108,147,1,0,0.6916406065326699,0.3933258142908287,86.4841016912136,88.77630144884797,-171.0675249164607,-0.05853079801716772,0.0519862086543826,2.980181867573537,588970
1291,622.9384004031498,174,1,0,2.106154539621099,0.39688167524007273,88.69752777033838,88.80644628371316,-171.1388852349643,-0.07815393250992243,0.051410581381327806,2.973546994143519,589144
1292,599.963088646173,143,1,0,1.2833882755792432,0.38724785848962767,96.26256725337956,97.04856273010894,-171.10216399506257,0.0031848495135774146,0.05172688894338541,3.0010290846124397,589287
1293,620.3574412840586,189,1,0,1.7843381178708166,0.3955627779264787,94.63255944327703,95.94388118622796,-171.12862521378452,-0.12508783858052638,0.05086271951674784,2.957786732880527,589476
1294,601.2419553863606,169,1,0,1.6264469976994358,0.3935999372646787,92.01487057025616,93.06516712233865,-171.12089800411428,0.07838889398782917,0.05113404976016671,3.026341790983663,589645
1295,603.8533197601166,155,1,0,0.8546410922700529,0.389953197015672,94.93642545515492,95.6658532357985,-172.03152702085433,-0.04889360829707115,0.051219431358960364,2.983513516764487,589800
1296,598.94797936581,161,1,0,1.136886203333239,0.39376679043055934,91.33855666284975,90.37406372875901,-172.17701797011478,0.04153915959763231,0.05139773181691673,3.0139384195671317,589961
1297,582.1095383085665,153,1,0,0.480268149630273,0.3993807210633778,76.64910717883141,76.47255403231951,-171.90165620691636,0.15635941432046344,0.05163129842748829,3.0526403975642586,590114
1298,599.3851645872145,173,1,0,0.8131024456942372,0.3947454173599737,87.40839845183268,86.91410734474314,-171.9404408008377,-0.10352400653710254,0.05158936495036748,2.9650257543332317,590287
1299,607.6093337786654,170,1,0,0.5592699643278607,0.18516121449803832,87.36865587795482,87.61891751008875,-171.45613125071807,-0.4546158535515561,0.05055157952010632,2.847654683449689,590457
1300,609.259065729393,193,1,0,0.8393015878778625,0.39527883489016,90.79636105354585,88.67899177729157,-172.2997759883268,-0.1294651656686642,0.049110805741245885,2.95695103758975,590650
1301,560.9854580741077,191,1,0,0.3531878307169231,0.39134585699776886,98.75660265178581,99.54935167222747,-171.35691018628825,0.11204721956118863,0.04934998814270134,3.037189564779791,590841
1302,602.9118564918572,156,1,0,1.5004533311192632,0.39685451310472386,89.41220804361197,91.01594759867741,-172.199342189691,0.19662165034036988,0.04986032662101281,3.065522698255686,590997
1303,597.5903112028959,151,1,0,1.1101816654162373,0.39669132854823724,82.98094023774001,82.7583439492232,-171.9352858587606,0.10107471685338494,0.050149724232834696,3.033730705842277,591148
1304,598.9638713926392,152,1,0,1.9422247286507148,0.3829472358778251,86.88042599276493,88.98330881093678,-171.86387664393374,-0.143835866750267,0.05065594566985965,2.951776507653688,591300
1305,602.4245844301356,152,1,0,1.6342193163611853,0.3973651963743597,89.97550885300888,89.93348960500015,-172.4845697503341,0.46986157133391027,0.0508778172692186,3.1575898057536076,591452
1306,599.9590302499018,152,1,0,2.3989642744603694,0.39008042367578705,95.44096555835323,94.51291217929439,-172.05842971801758,0.11734912434200707,0.05210383559920286,3.0396212558997306,591604
1307,598.0031607824653,176,1,0,1.6017779992190546,0.388295309882289,93.47623059966348,93.44956972924146,-172.3172284039584,0.05183877804401246,0.05221397518603639,3.0175351703708824,591780
1308,685.2170011877358,322,1,0,0.6481778996147147,0.3893175733387961,84.41458588061126,85.53074994294539,-173.40006232409743,-0.18571463250410483,0.05172458257503021,2.937302671604275,592102
1309,598.4106255392061,158,1,0,1.1925020656896694,0.39132378420370123,89.83072608633887,87.94314858883241,-173.8630970822105,0.11747707032798967,0.050916435008373444,3.039450649973712,592260
1310,636.6519698491297,212,1,0,0.624253544699349,0.3965970721928041,89.39329942217412,89.97374303385897,-174.18313685003318,0.42327620955359824,0.05222488229848304,3.1434629604501545,592472
1311,599.9094048899715,185,1,0,0.9190307934857103,0.39136524774573084,90.81412377744108,90.53034422590926,-173.75163285538957,0.39453768834874436,0.05499853441441381,3.1353229600030024,592657
1312,-162.62847321642488,94,0,1,-0.012451520102754188,2.259481501348872,87.54981552286351,89.27129196613393,-174.06754773728392,0.46372207499882007,0.05581185526828816,3.1606261831648808,592751
1313,599.6033304448122,176,1,0,1.0228071844631086,0.3972836069154049,92.61363790251993,93.39214472337203,-174.15696213462135,0.10125444200821221,0.056633492804725065,3.0352351421659645,592927
1314,596.219827696958,157,1,0,0.7183840285356232,0.39524503094128677,84.11837623377515,83.18780094195323,-174.6906819920631,-0.3516855607770241,0.05617334242838963,2.877807354471486,593084
1315,569.2255231388928,223,1,0,0.4375662597331009,0.3983017028571084,93.18408150523233,93.08297454936621,-175.1877474934531,-0.10143242719595742,0.05498192507790343,2.964928624875877,593307
1316,600.1149930266668,154,1,0,0.8787457519229553,0.3997889113444524,73.9302944455828,73.57798684107793,-173.41934947224405,0.22142075952868184,0.05505203412144215,3.076387309408807,593461
1317,593.9010985999697,142,1,0,1.6012207184172653,0.39846267334582536,81.640875729037,82.86358943455656,-174.7439165786958,-0.058990541858677296,0.05569727592904803,2.9795604725958595,593603
1318,597.6672375765557,159,1,0,0.8949593137365394,0.38099467378170826,101.71055725985353,101.36235736151161,-175.75652106902885,-0.26020495094499496,0.05511166239684483,2.9102418932524867,593762
1319,-731.7900076011142,210,0,1,-0.006871108272225257,5.930069139451397,80.85508166721888,80.6917490641276,-175.23646821521578,-0.2336456458838213,0.05390413564940293,2.919953433672587,593972
1320,-160.6032389966199,81,0,1,-0.030102078805749333,4.621619789994499,93.15366331736247,93.41543835769465,-175.45273429964794,0.07962189154860413,0.05328440348859186,3.027147260712989,594053
1321,587.5249555784619,159,1,0,0.5205232967209175,0.3492955601225137,88.73973025315962,88.5458151919287,-174.65824266349745,-0.08304994975058537,0.05284799143390836,2.971608505309003,594212
1322,-246.83060768781607,90,0,1,-0.0003098052586483213,6.22875088765937,80.67251508500841,80.41977646085951,-175.9618947347005,-0.29551013530128534,0.052766580714119805,2.899487945768568,594302
1323,470.9935219165644,600,0,0,0.46971323499693485,0.9804227763750881,81.38553759733836,81.67243723551432,-176.28676714579265,0.23927788775414227,0.05417334675167998,3.082048449118932,594902
1324,397.07729674688414,309,1,0,0.24000399623848356,0.39842925349381675,89.28855175647921,90.77500588685564,-177.0374554877914,-0.06823930185903045,0.05577878309202811,2.9763216517118187,595211
1325,598.8276637218017,135,1,0,1.4039314469502813,0.3963821705669506,83.25842882085729,82.89665277269151,-176.7920248526114,0.0005512823661168416,0.055678233752648035,3.00016327963935,595346
1326,597.6725822413798,152,1,0,1.469324442861668,0.392875505753828,85.6434175779945,84.20048328449852,-176.87101293865004,-0.09029310951499563,0.0553844690224842,2.9687809504960714,595498
1327,596.7765915509922,140,1,0,1.3004965084759708,0.3951990931676877,88.74822363853454,88.3335297039577,-177.0670174734933,-0.012667484980608736,0.05501814748027495,2.9955971189907618,595638
1328,599.9149077131731,141,1,0,2.115340240838552,0.38732028696008075,88.41223651804823,88.273458940763,-177.4610950659353,-0.28863339353326367,0.05478300856994399,2.900694852179669,595779
1329,601.8204507792341,168,1,0,1.6223612398754268,0.3868563056484277,87.57854881740752,86.559865798269,-176.9041906084333,-0.0329198008403182,0.05418180931536924,2.988646759873345,595947
1330,538.4069469880961,311,1,0,0.34093106816622265,0.39609701978826223,82.02865680314336,83.76155598140606,-177.80987406543596,-0.1153695194763386,0.053307369435236,2.960598127634962,596258
1331,594.5709879385925,133,1,0,1.15090488867134,0.3290040962921809,89.33377800131203,89.49553590788877,-178.06420611618157,-0.18823901999433687,0.05274023633814396,2.936046116334155,596391
1332,608.941450333729,156,1,0,1.1170498667673017,0.3915543359635299,91.5968512632908,91.51100100003757,-178.0686312944461,-0.1201103219571404,0.05207676564653715,2.9593299138240323,596547
1333,608.7056401465218,185,1,0,1.3683583890364324,0.24225217207352928,81.28985884898418,81.5836298762141,-178.01805065258128,0.5240759102073875,0.05294254762498108,3.1782140602936617,596732
1334,597.6289110332707,138,1,0,1.2133275205184169,0.3828651536022096,82.50448797751164,81.3587496522544,-178.0670646999193,0.025987915208806164,0.0542053178600643,3.008902212847834,596870
1335,416.17799527234047,153,1,0,0.0461428067865548,0.38931519463872954,85.74272752275654,86.87482085882449,-179.19599585439644,0.11380758509039879,0.05481854563250261,3.039080136741688,597023
1336,608.1976042307305,196,1,0,0.5667429487119526,0.39157652111300945,85.14402962704094,86.99022934874709,-178.79299529717892,0.0370547211139786,0.054837943986058235,3.012733295255778,597219
1337,632.6839778790269,240,1,0,0.8221364563929665,0.39972782877697116,88.03362240791321,88.62481534878413,-179.54963302612305,0.21860761536906162,0.05545546057013174,3.0756335735321043,597459
1338,457.46160364406495,600,0,0,1.046763620217888,0.5872465321113547,91.20851960023244,90.73311790943146,-180.47197138468425,-0.01992094862895707,0.056603478460262216,2.9930185151100157,598059
1339,595.2913632816534,140,1,0,1.6805234839928689,0.3968640277568614,83.3622475351606,85.01593676975796,-179.96492255074637,0.017816987367612974,0.05602535419166088,3.0061394657407488,598199
1340,605.8415845065907,155,1,0,2.259519263996192,0.39651142204096224,90.25792627642231,88.96784568294402,-180.32237548828124,0.023068313577002095,0.05633370354771614,3.007984910472747,598354
1341,625.2161611544514,177,1,0,1.2370950177632314,0.3565992758996539,95.5501775795457,95.28537398947161,-180.47327789479056,-0.18992094845000634,0.055984782297058965,2.934155743000871,598531
1342,603.9804691873243,179,1,0,0.797597875375863,0.3988673190228659,88.56794171892732,86.62514200690072,-181.24126063512026,0.056521318821683944,0.055417754879876886,3.0195058697428783,598710
1343,-353.9719581222983,83,0,1,-0.022203715247218425,7.112551489493963,81.87224875300764,80.8354614786355,-181.81218581601797,0.08390782225921929,0.05563720212463873,3.029028970074941,598793
1344,615.4890434227232,186,1,0,0.7648094293980701,0.3994614689797805,96.30479867996708,93.94482088601717,-181.47082142163347,0.25065919362329026,0.056502956276138626,3.0871578660062564,598979
1345,631.980792619043,209,1,0,1.3924383131003386,0.3903950398057752,90.70225236746683,94.51203992834502,-181.7670338461844,0.3279964068111335,0.05829194537475349,3.1151869958667664,599188
1346,609.7280540805048,158,1,0,0.5703580277480138,0.3928188651942029,97.84387615662587,98.18114412283596,-182.54609091070634,0.1647960710563237,0.05973940238922457,3.058355040188077,599346
1347,591.8497727047223,132,1,0,1.623639729022577,0.3450706563104484,87.1608241037889,87.3347799055504,-181.95480970902875,-0.24231223265329996,0.05957219586002104,2.914115804614443,599478
1348,610.1725522380488,232,1,0,0.9392596392207744,0.3985148959521815,95.17921963231316,92.99321542526114,-182.02704725594356,-0.0738984758339437,0.0589186515948125,2.9739007364059318,599710
1349,629.8920617668615,212,1,0,1.433708231148442,0.39569907594033743,96.13904243595195,96.62260327249203,-182.39122225203604,-0.04574318637825408,0.05828355512810203,2.9838795549464674,599922
1350,602.5954764191163,150,1,0,0.7538713142184751,0.3894416160735986,95.17895176569621,95.82349765141805,-183.07062784830728,0.11943851684530576,0.05815585265556971,3.0420084047317504,600072
1351,625.2282556106488,207,1,0,0.716252292661939,0.39970712876573516,82.16396170537828,81.61391461874551,-183.50526516679403,0.26664450171669035,0.05972298555040129,3.0944219556983543,600279
1352,582.7441985212889,136,1,0,0.47694688119140616,0.33548526596475586,96.67685052927803,99.1543520338395,-184.66888337976792,-0.25669561789425854,0.059898092110148245,2.908776654916651,600415
1353,587.6647805634624,211,1,0,0.4147421395085731,0.38963505169878654,87.25845895559301,85.57313874321527,-183.77502614965937,-0.17922466483090727,0.05851587480137133,2.9367179667215213,600626
1354,591.2769524064839,152,1,0,0.5424628343971635,0.36200147548953154,92.26771902410607,93.89830293153462,-183.86495911447625,0.21632455066336612,0.05872331412607118,3.0761973559856415,600778
1355,244.29076941301477,255,1,0,0.5903938400715179,0.3941410494190956,87.83909965963925,88.27428976320753,-183.82581122903264,-0.025003507550732763,0.05900490530857853,2.991138188979205,601033
1356,629.2480393400963,194,1,0,0.675986688236168,0.39627858070348976,102.56861632632226,101.74719023950321,-184.54900910682284,-0.027182775597596905,0.05877447316480666,2.9903870378572917,601227
1357,654.5674466657497,260,1,0,2.042021696287136,0.3973930317508393,84.76687569985023,84.57186564665574,-185.45867908184346,0.036238725325809074,0.0589702805934044,3.012773408339574,601487
1358,597.3384750727193,154,1,0,0.5445131792469511,0.063232895804582,98.24398097124967,98.30742806273621,-185.11058093975117,0.06863210237790625,0.05890209235057428,3.0241954295666185,601641
1359,604.8245542533944,168,1,0,1.120765693313516,0.2467221283713565,88.70817578974224,88.36525161493392,-185.126796631586,0.13539740749235665,0.05982881678002221,3.0478823142392293,601809
1360,574.5657186866472,385,1,0,0.2692614707302696,0.3994905541107316,93.48303191692798,95.26659059400683,-185.6432005646941,0.004272341747562606,0.060087730561370976,3.001462036603457,602194
1361,544.3823596915338,211,1,0,1.1150186542367015,0.39934798915596637,90.27993710233137,90.59538480568835,-186.74577063971788,0.13408033851693027,0.06046956126088215,3.0477733962343767,602405
1362,605.9075302365117,191,1,0,0.6562774790311993,0.38846651524942166,98.83064920115845,100.09773078638845,-188.2146573690844,0.1483060344078466,0.06146934624585806,3.0531084737228475,602596
1363,494.58009864148113,238,1,0,0.36119254707798754,0.39279626852959715,92.51009131279312,92.7289014463665,-187.30982689096146,0.2960469453681667,0.06331260743386605,3.106910634441536,602834
1364,621.6153645739046,210,1,0,0.7687860720458577,0.3730098920060444,92.35226039886474,93.52961775461833,-187.8101821172805,-0.3194513238079491,0.06328496031817936,2.884337982677278,603044
1365,600.4353870487395,152,1,0,1.8121467995724263,0.39263712735653844,101.38706450713308,99.56361724201001,-187.87494037025854,0.0006181004604226665,0.06200150449417139,3.0001844246136513,603196
1366,593.1170722875238,176,1,0,0.6393305706045699,0.3792439412047033,101.59585558826274,101.42717906561765,-187.87948148900813,0.025690962010147898,0.062320327619090676,3.009175270795822,603372
1367,623.9681142236576,201,1,0,1.6052627865736546,0.39742264487030476,104.5302705717324,102.14744840688374,-188.50764283137536,0.036710266246279676,0.06235763441715667,3.013154746288091,603573
1368,571.0642685852314,191,1,0,0.47569637327791114,0.3304497499186557,93.7766003633669,93.57055774908416,-189.54509163901443,-0.011881459406845233,0.06241875483181464,2.9956956908340855,603764
1369,606.472980802598,174,1,0,1.6105727498936633,0.3905301653560068,103.14838513560679,105.95065614546853,-189.6307688745959,0.1673795143998731,0.0628176206915543,3.0603994035172737,603938
1370,617.1667178109027,183,1,0,0.8032402710103287,0.3989569179502331,94.32573165789329,94.08271084978281,-190.2410084875555,0.040780799819634915,0.06343663662997752,3.0147443664529936,604121
1371,616.5056923863366,167,1,0,0.7387278905250774,0.17719089062809984,85.11802261603806,86.84258275974297,-190.84672893592696,0.06782010021413158,0.06365711518568908,3.0245991424172223,604288
1372,592.0214978820854,134,1,0,1.5354107519301503,0.3938078726069201,91.57255702943944,91.60055193260534,-190.83560453955806,0.1756785420506303,0.06366449994827385,3.0638552832959305,604422
1373,-139.1712189706671,86,0,1,-0.025224078493753188,4.999475816477356,107.45940510062285,103.01130824865297,-191.18126341354017,0.34163131309283334,0.0650047805420188,3.124899692313616,604508
1374,591.8152786561254,160,1,0,0.584916241052527,0.3753900946048385,102.55024718642235,103.55583291053772,-191.09940996170045,0.15476275043329224,0.0660162306856364,3.056877553462982,604668
1375,598.5757058877253,181,1,0,0.5914918891491558,0.3985716379731913,94.67028379703754,96.41593401998446,-191.84111393881108,0.21277357454704976,0.0668034316838117,3.07862311832154,604849
1376,597.6182274219042,154,1,0,0.9723156889976987,0.347774791278876,92.21005526455966,92.05816753189285,-191.4828569486544,0.5238682893286277,0.06898568836706025,3.1957564787431196,605003
1377,-51.93496799080633,600,0,0,0.07387530301835188,0.6498884328003818,94.65013370990754,95.79130445639292,-192.967939453125,-0.0644572503088663,0.0693416232864062,2.97569637854894,605603
1378,596.5555870899572,158,1,0,0.7093559034600486,0.38337442313560804,94.31549621533743,96.05660987805716,-193.44774280016935,0.030019416273394717,0.06911143750140938,3.0111929917637306,605761
1379,596.538541188211,141,1,0,1.8190816035565742,0.39785237309394395,98.96548185957239,98.95740180319928,-193.36541423391787,-0.05197422055804983,0.06923421895038998,2.9804917852929296,605902
1380,598.5183628085911,155,1,0,1.0517741998168333,0.3811247859687625,92.23545810945572,95.42256584167481,-193.52283167685232,-0.24994201813974687,0.06832714321151856,2.906747564192741,606057
1381,594.6504824610047,167,1,0,0.8427047081173817,0.3930890697974945,100.2632039578375,100.48258206373204,-194.66748713875958,-0.03749339382894739,0.06770818506529232,2.9860628407872367,606224
1382,329.29025701735276,203,1,0,0.1572674630804174,0.35473100254166157,98.09004029147144,98.35109334861116,-194.2239187456704,0.24400412177511036,0.06839742401403746,3.0909182414632714,606427
1383,527.4331556669994,206,1,0,0.37698213942878156,0.3946583920043213,92.741987070991,95.41927922813638,-194.4698759653036,0.3260401298915877,0.07056609143331213,3.122749085565215,606633
1384,602.5696772480196,146,1,0,2.3305443383167317,0.39388160656375704,94.17763922312488,92.33097383420761,-195.19451977455452,-0.09578265927170646,0.07131065928364454,2.96371736428509,606779
1385,599.9647476920163,204,1,0,0.47897608707542483,0.39516524498350114,91.45687043900584,93.48709879202,-195.3821211422191,0.11531786030779283,0.07153021361605794,3.0436647160380494,606983
1386,614.8552338903684,168,1,0,1.6853262472860886,0.3982974165526836,91.63562484014602,91.73694784300667,-195.8853634425572,0.01746010380087509,0.07185771520293895,3.006608274720964,607151
1387,602.0041930131454,179,1,0,0.5486128659939189,0.3990445415405213,98.15216711246768,99.45759227688752,-195.78818277540154,0.15965747027840027,0.07216000894094979,3.06079325862437,607330
1388,606.9318989061021,150,1,0,1.6136773700906133,0.3953088266487598,94.41773062388103,93.55129552205403,-196.03017415364585,0.19599263752500215,0.07351330290238063,3.075031983057658,607480
1389,570.4338229646236,170,1,0,0.396291933127753,0.3917381882015447,102.21618490780101,103.01484760957605,-195.8056204403148,-0.43682718669228693,0.07275523433790487,2.833068993512322,607650
1390,609.4647881689793,165,1,0,0.7873613591366148,0.38834911860962407,90.25178244619659,89.04980647925174,-196.51008855646307,-0.2632192850451578,0.070721793626294,2.900518967888572,607815
1391,563.9850180828572,170,1,0,0.37283131926110735,0.39256016660504683,99.26321482938879,99.6976245655733,-196.3990868063534,-0.23158290374147542,0.0693512804367963,2.913143455280977,607985
1392,537.8806130540795,164,1,0,0.29173361353604876,0.3950119282137404,95.99080026440504,94.38426008457091,-196.8125340531512,-0.18407952762776758,0.06821982607972331,2.9313857657153433,608149
1393,599.7774958604047,148,1,0,0.6666028863499895,0.3833470762573458,112.79657121606775,114.471282082635,-196.22465463586755,0.06512745335144368,0.06779402348439435,3.024194177743551,608297
1394,604.908996852075,278,1,0,0.3098537768561178,0.39687572184783054,99.24048190494236,99.45220767851356,-197.12242763162516,0.1925089881896115,0.06915835559153728,3.0719056558265962,608575
1395,613.6694774088065,178,1,0,0.982582871975807,0.3850053328391014,94.70843685878796,94.451860417141,-197.7687784259239,0.2543003229487143,0.07054335590493813,3.095888649479727,608753
1396,608.4889773455991,184,1,0,0.9360484320630513,0.3921543851457744,88.7168494100156,91.37153965493907,-197.54890790192977,0.2952796742320061,0.07225995838804089,3.112350855184638,608937
1397,607.2900990926623,157,1,0,1.0632783953275549,0.3913701630824203,92.50411505000606,95.06036523345169,-198.2894530083723,0.21152449551091831,0.07395095567984186,3.081179685653395,609094
1398,608.730380574805,161,1,0,1.1905361484456776,0.3921874545774532,99.55485787006639,100.96598254375576,-199.3657091981876,0.29347522998726144,0.07555700852448896,3.1134718397389287,609255
1399,604.3826074363111,166,1,0,1.0966300276851193,0.39184270028596324,97.3223719424512,96.08972966527364,-198.70844241222704,0.004293218838522233,0.0761905484888927,3.0016337776758584,609421
1400,610.7499255172296,161,1,0,2.237664583989471,0.39135277747243324,110.53744465371837,108.730415166535,-198.5785256142942,-0.12848156092468627,0.07608276476030765,2.9501150335584367,609582
1401,615.9806619932922,177,1,0,1.514913943676085,0.3925221293450558,98.44530788788015,99.15915866356112,-198.79630197643561,-0.23495131347980877,0.07462454940808022,2.909316163952068,609759
1402,610.8862536308536,158,1,0,1.3754809191698247,0.39916228191979897,97.71577827839911,98.92369056653372,-199.19126476819002,0.10693956722941579,0.07426967594442488,3.041113966627966,609917
1403,602.8271152176052,171,1,0,0.5879609054735372,0.39962602352071613,86.22560907665051,85.4330987037971,-198.47245110405817,-0.06776537068667468,0.07500473174609636,2.9738119680281967,610088
1404,610.4083001893,182,1,0,1.6228141045992446,0.39383296738225054,102.18399670359852,101.20579945910107,-199.1861135461828,-0.27725663097513903,0.07311796646688011,2.893843031191564,610270
1405,602.1368698454228,146,1,0,1.396286046057949,0.38782472306720217,107.80195898552464,106.63461131265719,-199.14135271882358,-0.0006326490069088871,0.07217106891617384,2.999699012873924,610416
1406,459.4459188768216,169,1,0,0.2914279284161678,0.3899806569628848,100.65995695464004,99.87392249474159,-199.71961478509846,0.08303890068679166,0.07282112441824738,3.031613636298998,610585
1407,615.5242197275384,189,1,0,1.6137737930513838,0.3909143403367744,97.15742522951156,97.75005411218714,-199.89268477505476,-0.11659934362840085,0.07237439547423963,2.9555482687773527,610774
1408,538.3712762774364,176,1,0,0.3178825394721251,0.393962458338358,109.09088566086508,107.55503129959106,-200.41576463525945,0.011504701444540511,0.07168811191381379,3.004323448647152,610950
1409,534.5169275205923,182,1,0,0.25610747621262786,0.3949593209694421,102.84622285654257,105.92947865580464,-200.40423055795523,0.11078302994124838,0.07215872083555211,3.042165681556031,611132
1410,615.5907155801447,172,1,0,1.1615070284450635,0.39556285906831085,101.4908223872961,101.38551361616268,-201.42932971688205,-0.06406716875688628,0.07304828458054122,2.975521132003429,611304
1411,488.87245232174325,183,1,0,0.2391371498507071,0.39836945351203523,99.4419120830265,100.53910412293314,-201.77010599772134,-0.009985957681481304,0.07266477202294302,2.9961739081502614,611487
1412,635.1394087590871,227,1,0,0.9189701969427542,0.3954721677410668,103.4935284333082,105.4113973037787,-202.600997185392,-0.26398903044506844,0.071389584453358,2.9000461889258564,611714
1413,606.1235000150823,160,1,0,0.704777198878495,0.38986696274121807,107.8697838485241,108.87769515514374,-202.93843336105346,-0.2710498395957984,0.06913707591593266,2.8984468430280685,611874
1414,602.8974581115638,149,1,0,1.2396933411107196,0.38204698340388366,96.86657570192477,98.44389809218029,-201.89295252857593,0.20719817395778312,0.06862905611527846,3.0773825501435557,612023
1415,610.1095751385362,157,1,0,0.6744505497465116,0.39435191363210986,92.61168144614834,95.29284434713375,-203.07589741117636,0.08395101815746848,0.06980055855337981,3.0314921041962446,612180
1416,604.9180494814798,160,1,0,0.8561699918466852,0.3892146257875684,84.61325144767761,88.41562453508377,-203.3376528739929,0.27302864342927935,0.07044794047251343,3.1029302164912225,612340
1417,597.0910658699783,189,1,0,0.5358046923667201,0.3894855999987976,106.27641036018493,107.6174000079039,-203.18522781291335,-0.00821157513314454,0.07190103001064724,2.9968528760173334,612529
1418,603.2657306618933,154,1,0,1.3190638841355846,0.39226580830710384,104.9110221243524,106.1760837009975,-202.7714459307782,-0.4405047903442151,0.07027111357295668,2.833919539080038,612683
1419,605.2416761441367,210,1,0,0.5947640486439103,0.3955277763352316,103.51719169616699,104.47730465389434,-203.84502679734004,-0.2867220732250384,0.06841772031925973,2.8931808471679688,612893
1420,-142.81740607382795,88,0,1,-0.02103743453945095,3.9262894005334465,93.31042324412952,92.53557805581526,-203.69964564930308,-0.18952873222191224,0.06702327110211957,2.929897991093722,612981
1421,504.61335461513494,167,1,0,0.2688900382734254,0.26669892086131863,99.88084554957773,99.73210048104475,-203.52697982331236,-0.29683797204208945,0.06595396991083008,2.890846539400295,613148
1422,606.9820715250199,159,1,0,1.4582463943045982,0.3938456440068207,98.50035892342622,97.77827025359531,-203.44097046282306,-0.18969315709839077,0.06465915670184968,2.930741121184151,613307
1423,491.447400530131,183,1,0,0.2981976022329331,0.3902245869799114,98.08776529760308,99.3198255424291,-203.96814423441236,-0.14403565197450216,0.06352047117355743,2.9476699386138083,613490
1424,609.2215472859701,174,1,0,1.5341904268031912,0.38331679575970196,93.06230929802204,93.70548673607837,-204.04967095386021,-0.17063951010590997,0.06276612867997296,2.938322442701493,613664
1425,564.076951554245,250,1,0,0.19216553574965645,0.3950011701339511,108.71742211914062,110.25059049987793,-203.74849322509766,0.045019576147198676,0.063028479591012,3.016189691543579,613914
1426,603.9351029303524,157,1,0,1.1309744106335664,0.38757123994816517,101.09382461134796,102.45971789025957,-203.7417561719372,-0.1718550092617797,0.06223320766429233,2.9380689274733234,614071
1427,608.2185256011587,189,1,0,0.5663805952271865,0.3929473916163231,102.91762623458943,105.39408853318956,-203.65051213017216,-0.11717812797774083,0.06170069873727188,2.9579570974622453,614260
1428,602.907246296222,172,1,0,1.359240981660141,0.39040803512389977,98.56946491640667,101.08328853651534,-204.64104062457417,-0.24893028659442828,0.06040223601252534,2.911208916542142,614432
1429,605.0058914436449,167,1,0,0.8318703347051767,0.3916877577650789,107.46184205152318,106.18163877475762,-204.13997179591013,0.07755437738702682,0.06013874194311525,3.027538249592581,614599
1430,614.0276248359678,189,1,0,0.5903917383308983,0.3790926771284491,117.10196951205137,117.61627753323349,-205.28500761809173,0.1314898534190087,0.0606784946704037,3.046880734660638,614788
1431,609.4755165021752,161,1,0,1.0471252374280131,0.3894342908172878,115.8187705211758,117.07858464732674,-204.42836159652805,-0.08267020822867104,0.06079812852307136,2.970447929749578,614949
1432,605.320835592606,175,1,0,0.5462830137991133,0.2495365314495421,104.22947459629604,106.44561186654227,-205.20070696149554,-0.02055076899273055,0.06026387785162245,2.9926490797315326,615124
1433,605.3516286046909,154,1,0,1.7729353318847043,0.3871067806142979,90.41755133789856,91.00620519340812,-204.55082246854707,0.24927913653966668,0.06074497877777397,3.089087675144146,615278
1434,608.2840842434741,148,1,0,0.9469811654267035,0.31526969262845794,96.41329063595953,98.28003825368108,-204.3841900181126,0.21205433050321565,0.06187964213156217,3.0762817795212203,615426
1435,576.5940968174441,130,1,0,0.44625272697652885,0.39721087598010135,95.4198979157668,97.10823604877179,-205.7372550377479,-0.1484822035408937,0.06270119522053462,2.9464189584438616,615556
1436,602.2612387224995,141,1,0,1.2153884158581814,0.38477067904995327,99.22692948199332,98.2222091187822,-204.60970733859014,-0.1859268680848974,0.06179400089573353,2.9332205420690225,615697
1437,606.4129380746263,158,1,0,1.6689895548036235,0.3871560721419271,114.14054206051404,108.69321680672562,-205.13786373862737,0.13691570632206865,0.06156561764169343,3.0490333128579055,615855
1438,598.1399291313967,179,1,0,1.200288078458097,0.3824454786816319,92.423410122621,94.51659222821283,-204.92890273792116,-0.05685054881279695,0.06168321861401616,2.979553694165619,616034
1439,611.1821075145708,162,1,0,1.3205802991685232,0.3997980879055658,99.61727990044488,100.46189494191864,-204.94945657989126,0.06331548766221529,0.06204481399905534,3.0226877088899964,616196
1440,593.3130821450998,159,1,0,0.49404601560715544,0.11308247109453094,104.5706744284,106.62450589473892,-204.73025627855984,0.09631916758774212,0.06204284657284899,3.034645266502908,616355
1441,611.2998202159746,178,1,0,0.8031656294090644,0.3960330401611526,96.03147663159316,100.08058897832807,-204.55641525782895,0.03566106917399369,0.06255040150345041,3.0128258962309764,616533
1442,579.7576938740655,221,1,0,0.43585410991636886,0.396795921258459,96.35906743356006,98.4263610667233,-205.60388363108916,0.2591366924143215,0.06339716055004845,3.093938725027024,616754
1443,600.5179087322877,202,1,0,0.5043944255812718,0.3971443730058191,105.66315383722286,107.075077122981,-205.00493901318842,-0.14709700158990846,0.06436686527611006,2.9464452632583016,616956
1444,624.2028522247792,226,1,0,1.2976405522734524,0.3908675277448944,97.44522540337216,99.8337554383067,-204.93563005565542,0.14265183961035405,0.06366887715010516,3.051857320608291,617182
1445,603.2667872233344,149,1,0,0.9295580647200175,0.3933234927029199,113.1156349054119,114.05751188649427,-205.8762809190174,0.43349214695744065,0.0656001023298142,3.159012068038019,617331
1446,456.3210736064865,161,1,0,0.17618835734161709,0.38726783863140646,102.15354989922565,104.67150309071037,-204.8618726078768,-0.0412492182637964,0.06669462601775708,2.9847510512571156,617492
1447,605.1868314070306,158,1,0,1.1003142214173813,0.3906070000298096,92.3437974543511,92.98758970333051,-204.76400399509865,-0.2380514750846579,0.0654718342083919,2.9123711148394813,617650
1448,600.5201730233931,149,1,0,1.665953757189673,0.3922206060176872,98.19910018076033,102.15316835825875,-206.00289046524355,-0.0979642870542187,0.06508800267373155,2.9641351043777977,617799
1449,603.9845755390971,151,1,0,1.5584029090609248,0.39026911566914246,90.45384793565763,93.15886833494072,-205.91632979437216,-0.22214852401752347,0.06419153333894465,2.9190194875199276,617950
1450,624.640060635914,176,1,0,1.3598373159656607,0.3905629013736292,101.47951330380006,100.58768900957975,-206.33452796936035,0.0012854806634343483,0.06372257267040285,3.000446892597459,618126
1451,620.3576747862369,180,1,0,1.3758164478932913,0.3938365956780392,93.28552168740167,95.55491827858819,-205.75797017415366,-0.049737699350549114,0.06361378538939688,2.981922360261281,618306
1452,602.2449973620703,184,1,0,0.9175794670251305,0.38633826880920835,97.99872203495191,99.45417984672214,-206.67406936313796,-0.15489419430251355,0.06317004330618226,2.9439315782940905,618490
1453,609.9378437958056,164,1,0,1.5395779746983385,0.38860710344645427,100.47194202934823,102.52294048448888,-205.99796788285417,0.01131809062165458,0.062325631109316174,3.004036073277636,618654
1454,608.2998550795328,187,1,0,1.501308380535299,0.385300815436995,92.50662096808938,94.71303548149884,-205.8614794073258,-0.077184930164865,0.062418270318265905,2.972171094965807,618841
1455,606.0482730092111,155,1,0,0.9509859731521699,0.3962514306044131,108.68649577479209,110.30547450280959,-205.78720860635082,0.0007414249162520131,0.06205268117689317,3.0002516408120434,618996
1456,603.5211092023636,156,1,0,1.5620814163292687,0.39274459898245473,96.45677670454367,97.96505899918385,-206.28127318162186,-0.05351591403954304,0.06196473581859699,2.9807443970288987,619152
1457,602.4437064984442,159,1,0,1.5234028859218087,0.38019118928191015,100.86104919025733,101.6515710518795,-206.77762704525352,0.3129819337536329,0.0622687558379938,3.1128788039369404,619311
1458,375.949445666118,169,1,0,0.14696670134638978,0.38855515899183235,95.8674757635805,96.81102397738124,-206.93738452076207,0.1886976808309555,0.06413833012242288,3.0685996261574107,619480
1459,602.5211181121545,217,1,0,0.702491531742729,0.3950267381191643,103.41910923461211,103.0934065761654,-206.34184229978217,-0.007155486189412631,0.06425659595409297,2.9973214408769038,619697
1460,629.207108317691,209,1,0,0.7367195084110836,0.3941149040053767,90.82611073489394,91.41848231502698,-206.77028513639166,0.06657789529938447,0.06448196619749069,3.024279132414092,619906
1461,608.2831895750157,151,1,0,1.6202409701300111,0.39099914536442054,91.22150596088132,92.84115355535849,-206.63796966754836,0.01957739240779782,0.06478336157388245,3.0071431879965673,620057
1462,609.769982748596,155,1,0,1.5898820102459086,0.3850157795909463,109.24932931469333,109.58694161445864,-206.57104915495842,0.21515000547853208,0.06575313152805451,3.0788833910419093,620212
1463,664.3231195642195,236,1,0,1.0475026510988017,0.34901042837050084,107.97573427426613,107.6392971822771,-207.43130402645824,0.06022763677667511,0.06630756368197627,3.0221636901467535,620448
1464,598.8058536299691,158,1,0,0.5017199580395033,0.38505278272210836,101.23631674126733,102.87901413591602,-207.55121796040595,-0.05757560555033291,0.06658345234544971,2.9787498712539673,620606
1465,-228.44623415628837,102,0,1,-0.0020227606091623995,1.9915829509951497,101.00976418513878,102.83933256186691,-207.1309533212699,-0.0028123044427119047,0.06621179788136015,2.9989546584148035,620708
1466,605.4505695779858,185,1,0,0.9128043116185287,0.3872361039884703,106.72744767472551,109.65904006442508,-206.75388777449325,0.06744629714537312,0.06671302584377495,3.024837595707661,620893
1467,606.2018941517159,150,1,0,0.8708129542563232,0.3996627587682863,101.59679758707682,101.64487930297851,-207.24199045817056,-0.05497180841863156,0.06679952229062716,2.979688614209493,621043
1468,526.0086545350705,166,1,0,0.31533784860727176,0.39691515524832016,93.13251748142473,98.36192792869475,-207.4573441470962,-0.2695829849914614,0.06542006148451782,2.900900151356157,621209
1469,606.0081235797068,165,1,0,1.8463581513917218,0.39279991672042897,96.68413330135924,99.30987493919604,-207.3472773696437,-0.19099650644894803,0.06456016505306417,2.9303302707094137,621374
1470,606.2026432428449,156,1,0,1.1242055776822333,0.39180530999207824,103.9081422121097,106.1281623779199,-207.31605921036157,-0.04312954255594657,0.06370060819272812,2.9842853974073362,621530
1471,692.1700919427985,288,1,0,0.6619545898581871,0.39473947402229026,94.51765336261855,96.15283666054408,-207.93907186720105,-0.07601423507245879,0.06324700796459284,2.9724340016643205,621818
1472,-193.65277676343632,61,0,1,-0.0812024417283248,6.905573561502285,96.25281449614978,95.63669351671562,-206.54253700131275,0.3210725868578817,0.06315782727276692,3.1162074823848536,621879
1473,409.0556968281141,162,1,0,0.03981994333122946,0.3946969892529982,94.32060372976609,95.34316129448973,-207.8730652420609,0.01828844486563294,0.06378772666240916,3.006613082355923,622041
1474,610.9377268980392,176,1,0,0.7352771836182779,0.38580697269218517,97.97603789242831,98.3409687497399,-207.64533146944913,-0.23157269894992086,0.06315181480551307,2.916194600137797,622217
1475,608.7718713010698,184,1,0,1.0598703941587684,0.3896395704485098,97.06536658950473,98.69697191404259,-207.83204435265583,-0.05157369458238068,0.062393734737744795,2.9813988856647327,622401
1476,608.3585676074588,159,1,0,0.8399966301293345,0.3951689008146016,98.01216410390985,98.9045188471956,-208.22750134737987,-0.312880721154078,0.06115443322737262,2.887923225666742,622560
1477,685.7743725547152,308,1,0,0.577491187591972,0.39660940277819373,104.80789838208781,107.86771250390387,-207.46951412844967,-0.016826735851778227,0.06003356637892785,2.993979399854487,622868
1478,682.1869873627761,264,1,0,0.9141772176647349,0.3973062922636245,99.0353569767692,100.95056400154576,-207.32393669359612,0.05334537400102073,0.06089159332667336,3.0189639564716453,623132
1479,565.9576189854381,160,1,0,0.3846189555689702,0.38903191957811273,98.5928154349327,100.05838957428932,-206.67338104248046,-0.1768716123653576,0.0602557786507532,2.9369928792119024,623292
1480,600.859793125449,151,1,0,1.1242726718729554,0.3975620707756812,100.26803984231506,100.58644671155916,-207.40540965503413,-0.03467760363359325,0.05963039030598489,2.987667985309828,623443
1481,651.5579271238971,212,1,0,1.0334137809145183,0.39929174885118873,95.23702946249044,96.79911327811907,-206.68004543376418,0.06358617082027332,0.05970735464877677,3.022566851579918,623655
1482,631.0886360319887,215,1,0,0.8531745151092367,0.39472766401531656,100.72246395377226,104.1539816701135,-206.75780057685319,0.05995197892189026,0.06051093757499096,3.021267375280691,623870
1483,602.6499732437579,157,1,0,0.838745967154687,0.3977996584002729,103.74411941941376,107.61467265475328,-207.6619261723415,-0.04122365007449867,0.06039617395704719,2.9852935736346398,624027
1484,608.1635387580295,157,1,0,1.771799219266881,0.3990125752442326,94.76508356811135,96.91527966784824,-207.06216906893786,-0.07833485644619176,0.06001124139519254,2.972113474159484,624184
1485,598.0644639072368,154,1,0,0.4939760368022787,0.39009145555370367,106.83295300719026,107.22073885682342,-206.9380075033609,0.11768609570798935,0.0601302059972054,3.0418572580659546,624338
1486,655.3471384048989,249,1,0,1.579453459312714,0.39559832297353237,98.30794650771053,100.89869662365281,-206.68599501766832,0.09560075420213032,0.061188033815607966,3.0340970931761713,624587
1487,488.11457719242094,205,1,0,0.2178657808964386,0.39333765272321,101.1624372296217,102.94956882290724,-207.17461741377667,-0.1514166756737523,0.06089675004889326,2.945906339040617,624792
1488,621.4631879573558,192,1,0,1.6901283701567955,0.39771975163863815,100.76490017771721,100.847234343489,-207.06354331970215,-0.034881059119167425,0.05998535669641569,2.987570474545161,624984
1489,620.2145716453757,180,1,0,1.395809674071677,0.39119435801938257,101.1654288397895,104.4703353881836,-206.25300470987955,-0.08106152701915967,0.059812390762898654,2.971194687154558,625164
1490,615.4283897683633,167,1,0,1.7234627275056893,0.3922359225943671,103.88952850296111,106.24791140756207,-205.95410092291004,-0.09506915798578076,0.05927256479145524,2.966314681275876,625331
1491,614.529880796922,179,1,0,0.8795201295201855,0.39675089818889336,102.99219594987412,104.11139099824362,-206.45922135507595,-0.295722773954189,0.05860161533652071,2.8958733334887627,625510
1492,608.5781844973816,160,1,0,1.5550930245293058,0.3989652867382942,97.22975965738297,99.77911379337311,-206.16217555999756,-0.3252237876178697,0.0566830393858254,2.8865354120731355,625670
1493,554.2860658695165,182,1,0,0.32980968815957934,0.392640332794623,95.63165274295179,97.15512163560469,-206.41359056745256,-0.05307747480960993,0.056118488270830325,2.9815644248501285,625852
1494,609.7253318651345,168,1,0,1.9274142679637145,0.39324247348118835,95.7783500296729,97.13856631801242,-205.77650996616907,0.2973078933677503,0.056700745065297396,3.103324003162838,626020
1495,606.7959979917076,175,1,0,0.7747486351590447,0.3957231522165893,91.99851636614119,92.21668209075928,-205.92983825683595,0.08943510649459703,0.05746281853743962,3.0312695939200265,626195
1496,688.0445874713212,256,1,0,0.7829874322120741,0.3991031092070498,97.80460635200143,100.51454704999924,-206.0897569656372,-0.1263288324844325,0.057325721776578575,2.9558315817266703,626451
1497,804.8742432248562,408,1,0,0.7446183135290283,0.39898315044388255,102.75322970455768,103.15130532956591,-206.00014002182905,-0.10855299974883012,0.055729329357763716,2.962294365261115,626859
1498,605.3982934336746,153,1,0,2.0271664012504225,0.3919195180051654,91.62671915066788,94.98612928702161,-206.19317816441355,0.09921890599470512,0.055819980775803524,3.034304707658057,627012
1499,512.9778305263624,376,1,0,0.026326720165080142,0.3957348859670997,100.69198609666621,103.12653675485164,-205.99997832927298,0.16966351532833057,0.05696376800497479,3.059099017305577,627388
1500,605.1886147748079,170,1,0,1.6898144095103804,0.3982268471903191,98.81146155525656,99.1196190777947,-206.13884735107422,0.08549475029987448,0.05814879525671987,3.0299153931000653,627558
1501,575.7242296827835,176,1,0,0.4042191513245079,0.3945395272418143,102.78333367000927,104.74403878233649,-205.48753799091685,-0.21020928607322276,0.057425200642848555,2.9262695136395367,627734
1502,607.9521971931028,180,1,0,0.93415129081648,0.39744546269507214,89.4210296895769,90.93446520699395,-206.42928280300563,-0.10594570804387331,0.05666352616002162,2.963014973534478,627914
1503,844.78456830861,568,1,0,0.6725936935338293,0.39706030047688134,101.42337644771791,102.9327874250815,-206.54367121844226,0.2657599677659676,0.05849202242220791,3.0936316293729864,628482
1504,730.8026012995276,388,1,0,0.6756186837750804,0.3956152378317243,106.95966301259307,107.96172193645202,-206.4219894015912,-0.13647239757029667,0.06040007679617589,2.9514265048135186,628870
1505,617.9438332799178,179,1,0,0.6036054411503105,0.3918428597227832,100.782063329686,101.8683144819803,-206.19804399373146,0.012035112078795885,0.059046358869062454,3.0042294044068405,629049
1506,580.9730533869315,175,1,0,0.4409649936584592,0.39907556034039365,91.68573412214006,93.19442713056291,-206.6197664969308,0.0003592181950807571,0.05948695657508714,3.0000864737374444,629224
1507,688.9575989532082,262,1,0,0.8952524741404999,0.39620408837475063,93.54897219898136,93.47748694165062,-206.22618312690093,-0.08079311252351253,0.059224391043299934,2.9714123920629953,629486
1508,-164.88049406697772,76,0,1,-0.06768836448824755,5.284943559811764,97.86979218533165,99.1725290700009,-206.06282324539987,-0.07582428232815705,0.05857521859242728,2.9732533505088403,629562
1509,617.8700896370295,171,1,0,0.8206560099844744,0.3925364467389793,86.83460134651229,90.58820418307656,-205.84503307677153,-0.13800314992491963,0.05829142110302434,2.9514298968844943,629733
1510,494.6614473342899,600,0,0,0.6869879383580091,0.7390584402912325,94.87277222474417,96.27398586591084,-206.26786580403646,-0.08909216465428471,0.056626763039578996,2.9688572585582733,630333
1511,655.6880820175179,233,1,0,1.1218292093618696,0.3985948861731893,99.04403169574655,100.44808070956381,-206.49154597597573,0.02194318032219942,0.0562807036475818,3.0076009214180224,630566
1512,709.0388971257441,317,1,0,0.6920111220490235,0.3961956689137533,100.82948703645532,102.84344835311457,-206.4322124204425,0.10956069093185833,0.05666580374355572,3.038198470317227,630883
1513,609.4209019282195,167,1,0,0.8627933072901068,0.3851469643037317,90.25080181167512,90.5940568318624,-206.36486706762255,-0.02968790087692752,0.0575436402536081,2.989595430339882,631050
1514,593.2615516661868,193,1,0,0.41640256702549805,0.39116287386133175,102.48487472287114,104.69426373496574,-206.09747069363766,-0.07620514767157599,0.056859170236272516,2.973316575579075,631243
1515,581.274718123868,144,1,0,0.4828483581036044,0.32816708246638626,85.73676382170783,86.84038309918509,-206.00594160291882,0.16095455787662002,0.05695027795930704,3.056196520725886,631387
1516,629.6850483293907,186,1,0,1.1351201656012433,0.39951159205354614,108.31633210438554,108.60837542626166,-206.1658427740938,0.516677709716943,0.05905621416706552,3.182304779688517,631573
1517,597.9661194545859,167,1,0,1.1277124205333744,0.3894122164952829,102.3305836180727,105.89652886647664,-206.00348759268573,0.1468691720353986,0.06081059374316724,3.0523966001179406,631740
1518,617.68816970416,169,1,0,0.7859421988471057,0.3903732262547091,86.75298912003196,87.838415924614,-205.97503932975454,0.21716329124728603,0.061759819094774994,3.077918975310918,631909
1519,643.5219409972735,214,1,0,1.7969056002505952,0.39713554438223214,97.54739114280059,97.0211876619642,-206.46973112587617,-0.003378200510116381,0.06231001216187098,2.998769570733899,632123
1520,586.52797600003,156,1,0,0.5082447148367173,0.39133189651499667,97.11708439924779,99.57072028746971,-206.1379161736904,0.03951080153003717,0.062262120011907354,3.014225729000874,632279
1521,639.5101218353115,243,1,0,1.2126801142179016,0.3999430022537745,92.68021042356766,95.44726831726577,-207.0578055676119,0.13626880168822814,0.06323161807079865,3.0491990680066645,632522
1522,595.438052041815,137,1,0,1.815350155686248,0.3946629453884129,91.79525976807531,93.25018221444458,-206.2057815885892,-0.21804919697507455,0.06314011641444951,2.9210563906787956,632659
1523,725.8476980464393,348,1,0,1.0197353217047942,0.398294267102699,91.58820028140627,93.9595080929241,-206.73747621733565,-0.1120438539455163,0.062081669467961655,2.9596720776338685,633007
1524,610.283438137815,195,1,0,0.5342793702684414,0.3927266819254567,97.40332353543013,97.7501381556193,-206.4963623829377,0.17468298419545858,0.06157539574763714,3.062710441687168,633202
1525,602.6081569795379,217,1,0,0.7995098657244517,0.3895767874280664,95.45427180435252,96.53867134410665,-207.21993695096486,-0.1405147871491821,0.06198638166013401,2.949452320002191,633419
1526,679.6805026079091,322,1,0,0.3517692412359862,0.3970543346700006,89.05276929665797,89.51801258288555,-207.08764771645113,-0.03685539140603187,0.06119132330004843,2.9867846610383215,633741
1527,633.00474842147,205,1,0,0.981151334067836,0.3966764139078273,84.38986012528582,88.18467776600907,-207.2806049626048,0.008224702653724972,0.0611321900130772,3.0029202740366867,633946
1528,623.6536414937397,172,1,0,2.3233434423881767,0.394323111260007,90.85853140853172,90.7481566418049,-207.1819253078727,0.3131219226173883,0.062151694042218285,3.1125077882478402,634118
1529,619.7911495300682,172,1,0,0.851420862381328,0.3952198007247237,93.05094063559244,94.65731367953988,-207.27769647642623,-0.1767888684692078,0.0628659643969217,2.9361766438151515,634290
1530,591.8444059778813,151,1,0,1.3367302741492424,0.3755420645495707,82.21971124055369,81.83773102665579,-206.93488458292373,-0.09659536585014387,0.06172953072367914,2.9653060862560148,634441
1531,648.5873977106239,274,1,0,0.43091514177882817,0.39841100252314554,87.96419585012171,89.64780558286792,-207.63427377965328,0.06388371613175764,0.06116876968719663,3.0228843210387404,634715
1532,588.6784215866185,476,1,0,0.416939404373873,0.3956254868612609,92.96101687936222,94.8136902115926,-207.617619362198,-0.024429313409995258,0.06216786816684889,2.991165286853534,635191
1533,608.3625991167903,149,1,0,1.2112132109326943,0.39069723919336885,86.56442199297399,89.96574220721354,-207.53044671180265,0.006164932123466626,0.061512782494693795,3.002186035949912,635340
1534,607.2355590019886,150,1,0,0.72658915251455,0.3915381864643389,80.2632853825887,80.38467564900716,-207.98459157307943,-0.16745301118741432,0.0611947201192379,2.939995897610982,635490
1535,645.5881230441281,221,1,0,0.9898143892192985,0.39858893701364934,87.83291133604438,87.92797593940976,-207.79524589987363,0.08981392037005446,0.06117087150860696,3.032126585282891,635711
1536,628.2997082458021,210,1,0,1.0235285646861056,0.39417172916077053,94.28608233588082,94.43649990445091,-207.22538226899647,-0.14637022671245392,0.061187596601389706,2.9476352237519765,635921
1537,611.023056877034,161,1,0,1.1330795517616228,0.3991194509475762,86.8665808446659,88.02161181787527,-207.4513486305379,-0.02035886616162632,0.06050830720837072,2.992724377176036,636082
1538,522.0052277502148,164,1,0,0.25297894792113895,0.38841659972755416,88.56276320829625,91.94820249952922,-207.8577144901927,0.0882758162461403,0.06056586575762528,3.0314641464047316,636246
1539,615.6122224559633,159,1,0,0.667197097058447,0.38931603021916333,89.86450206108813,92.37516925619833,-207.1674421778265,-0.10843155167575153,0.06066625914389982,2.961287299042228,636405
1540,617.5545869842426,164,1,0,0.7447745388386808,0.38737875997982796,83.7928907580492,86.21100305929417,-207.29622687363042,0.14853820234264542,0.060508381143757485,3.052947172304479,636569
1541,603.8046059920013,194,1,0,0.5846118730631096,0.3957067295602753,84.97598692313912,87.15832721572562,-207.7426700395407,-0.3175857895697208,0.060069821218086274,2.886941163810258,636763
1542,617.8505754849245,190,1,0,0.9782010641146826,0.39512077686335867,80.63770582299483,83.5398511133696,-207.5409773174085,0.045279441499396375,0.05896953011029645,3.0159962440791883,636953
1543,599.9177809524128,142,1,0,0.8942544846061856,0.3914288725615129,96.50459464167206,95.5841176073316,-207.52033126186316,0.033569214786861985,0.059758591452534766,3.0118591214569523,637095
1544,621.8408236310715,193,1,0,0.6132399511531563,0.39860537701198345,80.12518831361761,82.87894402637383,-207.61183798992573,-0.17526017917908843,0.05920267549049051,2.937987717939782,637288
1545,603.9640381567228,152,1,0,1.0096245838770366,0.3899935380109492,82.05861631820076,84.40597098124654,-207.52162873117547,-0.22110930820436855,0.05802525182891833,2.922243984122025,637440
1546,609.7639317835499,157,1,0,1.2990080184870325,0.39049470551361515,99.24356738169482,99.60897000428218,-207.74718324697702,0.24464100888770096,0.05807191209428629,3.085926552487027,637597
1547,605.8647010298844,149,1,0,1.0267517879257342,0.393042485194327,76.58113213353509,78.05407158640408,-207.87849108804792,0.1676227039588778,0.05910395598351555,3.059222920629002,637746
1548,608.3219702261651,140,1,0,1.276278282140622,0.39640782880127473,89.483489213671,92.69536576271057,-207.9210462297712,0.2033997384565217,0.06002963927707502,3.0722003868647985,637886
1549,602.3607407348707,140,1,0,0.952414879631251,0.3874635454495143,90.38639994348799,90.10395821843828,-207.8914905003139,-0.19369316566735506,0.06000560905252184,2.9311493584087915,638026
1550,687.3180838135513,291,1,0,0.8794414914213947,0.39927600074027214,89.81978371544803,90.17125400399014,-207.79264312429527,0.05249760669889729,0.059498639028404174,3.018608643017274,638317
1551,614.6346993539182,157,1,0,1.340205416949789,0.3932983540621692,81.48940999948294,83.67379831812184,-207.626883051198,0.03586423833658741,0.06026450722555446,3.0127137785504576,638474
1552,608.7440335424185,149,1,0,0.9966499675650959,0.3911492666871314,84.66081902164741,84.16111615200171,-208.52984772752595,-0.07666430331066551,0.05991036947441581,2.972738390800937,638623
1553,719.9676412733716,304,1,0,1.5483413361561418,0.3956478551978981,83.4786552316264,85.83470191767341,-208.16547273334703,0.096030598383789,0.06052463330132397,3.0341415428801586,638927
1554,606.3673027248875,188,1,0,0.6320012006237872,0.32958807860236194,91.62208311608497,93.76329544757274,-208.2938195898178,-0.08783255975217895,0.06037035429889851,2.968682143282383,639115
1555,592.8533159650142,141,1,0,1.3377086218204672,0.3877561921717593,81.5064738726785,82.65793876106858,-208.1799945154934,-0.11751910510426718,0.060036094026996736,2.958231953018946,639256
1556,506.31011423778295,229,1,0,0.12131459916708753,0.3967583853215035,85.65574381965737,87.22770632614736,-208.70849276213667,-0.0916133337536233,0.0591002058514341,2.9675309252010162,639485
1557,599.2935444284687,158,1,0,0.49221830455072646,0.39149595753050176,86.12590330461913,84.87303439876702,-208.2762093845802,0.09452020636276354,0.0593909753274314,3.0334133090852182,639643
1558,606.9082429841694,219,1,0,0.848042377101077,0.39726992929983496,89.5380213924739,91.4085724930785,-207.85206604003906,0.038847934811899104,0.059656262363745195,3.0137531463414025,639862
1559,629.3332961325251,200,1,0,0.5218834387635036,0.39948620035730925,77.90087884902954,79.13007235527039,-207.92366630554199,-0.2439976776111871,0.05910205809399485,2.913761335611343,640062
1560,614.5576776221874,166,1,0,1.0884830912637034,0.39706732009386775,84.68748810205115,88.04722878444626,-207.6719299684088,-0.1203333938112819,0.0581201878656824,2.957728790949626,640228
1561,-210.77801060303494,48,0,1,-0.05492432242259293,8.244211381889809,92.70458070437114,93.22689930597942,-208.32586892445883,0.08019686917153497,0.05766970431432128,3.0281062771876655,640276
1562,599.1874056585468,151,1,0,0.5528897136537949,0.39618474485350025,82.16070958320668,82.97310499481807,-208.00522345738696,-0.19639183904062832,0.05727814024449974,2.9313064995190956,640427
1563,680.9306760619638,267,1,0,1.6396196858306253,0.3992842906118204,90.60617393322205,91.29417639814513,-207.87448623028587,-0.03401602675601115,0.056377570685487564,2.9881149704536694,640694
1564,650.7215329803453,213,1,0,1.4363255696305526,0.3966345632453879,86.75158057862045,87.83529818897516,-208.0348095244645,0.15373707219888347,0.056718316698717956,3.0536115919480302,640907
1565,605.1298119949079,162,1,0,0.7794070819678731,0.39859074776774694,94.44004726409912,95.20197896015497,-207.99052504551264,-0.10848789779400383,0.05756345078533078,2.962024223657302,641069
1566,626.0625021387697,188,1,0,1.4749304932847234,0.3998703800376946,88.63373408926294,89.85305670474438,-207.81086982564725,-0.058343482263227726,0.056507873329076364,2.979607995520247,641257
1567,640.6802340711099,189,1,0,1.7418912523310324,0.3983926629807419,92.9463043969775,95.30935156282294,-207.4187721373543,-0.06834587626277454,0.0567906102136014,2.9761703859561335,641446
1568,755.1560592562143,363,1,0,1.7835351440005365,0.39287542365460615,90.76760450210782,91.2022292397239,-207.90257242165978,-0.06145909457331518,0.055984385783678904,2.978633123981066,641809
1569,648.3514734480101,212,1,0,2.2511203671728843,0.3964835875646588,88.0518792485291,88.78135359512186,-208.35124091382298,-0.09515189581533086,0.05518831124634675,2.967085114065206,642021
1570,600.6315999708223,129,1,0,1.2907244222925338,0.3949295748221858,83.98237154465313,87.189881243447,-208.21616132869278,0.06666128403803175,0.05552742716877959,3.0229442064152208,642150
1571,620.5803253993116,172,1,0,1.5254884787131913,0.399854052318119,84.21604377724404,87.12108019895332,-208.11517538026322,-0.17818297974245492,0.05515217111814161,2.938560368016709,642322
1572,595.9217264786944,135,1,0,1.2326631011110079,0.39702587650503823,84.82179455227322,86.02189113475659,-208.4975981535735,0.011499577539938468,0.05425392069198467,3.0038676774060287,642457
1573,666.0929704029356,260,1,0,1.0484499382672392,0.3991724833075972,86.79787412423354,88.13690455510066,-208.84009516789362,-0.007439031065083467,0.054625596980062814,2.997431412109962,642717
1574,606.1345206828032,163,1,0,0.8111575114447838,0.39960812114687766,91.77877494601384,94.88908342349748,-207.39417936172953,-0.008503462799304834,0.05433914012795577,2.9970429894382966,642880
1575,590.6206631400231,135,1,0,0.818579401001629,0.39568924322856774,86.73520511344627,87.88970481024847,-207.62547437879775,0.3198082288658177,0.05482847491900126,3.1102185019740354,643015
1576,617.8029141876532,167,1,0,0.877469933039042,0.3956120105008782,84.56640320623706,87.04913918843526,-208.27206238158448,0.1573329128235757,0.05613632299407514,3.0545563983346176,643182
1577,615.6823627552543,177,1,0,1.0040593885501217,0.3954061726425563,85.02250514057397,85.78257845215879,-208.03297355350128,-0.04198197504810694,0.056201611934913756,2.9853873818607655,643359
1578,-1306.124888457031,600,0,0,0.5339998835982556,1.0722513890650123,80.11144504070282,83.42735875447592,-207.93315722147625,0.16948173383871715,0.05741669703274965,3.0593441609541574,643959
1579,572.5217850270685,172,1,0,0.34846494517679527,0.3959822041943603,83.5923464520033,86.42559048741363,-207.90811858066292,-0.14098824008346297,0.05912640751447788,2.9501491466233896,644131
1580,623.276643429708,186,1,0,1.4423605452676815,0.39979579982638486,79.82262177621165,79.8025312423706,-207.8261447209184,-0.3972114473180745,0.05762210061713573,2.8609040783297632,644317
1581,597.5549310939657,152,1,0,0.9925944485573494,0.39786727282263096,79.37975907325745,79.37698133368241,-207.73661844353927,-0.5784832856029665,0.05536160245537758,2.8000981494000086,644469
1582,627.619054793233,204,1,0,0.4306315798287821,0.3983743481237222,75.319865137923,75.38288864902421,-208.1810739554611,-0.12941756802519747,0.05378799671855043,2.9557003448991215,644673
1583,527.8329332885006,600,0,0,1.3842161311780035,0.6165249052447985,80.57546544710794,83.15504425843557,-207.89657366434733,0.023043710763255756,0.05420256227875749,3.0078285733858743,645273
1584,633.32510565542,197,1,0,1.9370686597799078,0.3978520159614388,76.17399914736676,78.46475500503773,-208.4105164968423,-0.02298546504928981,0.053621695504575816,2.9921247317706268,645470
1585,547.7699391969355,152,1,0,0.3323094736413763,0.3957365202572853,75.61747908592224,77.32804578856418,-207.92753390262,0.08629074913302534,0.053844822766749484,3.029517352581024,645622
1586,614.3990072660882,165,1,0,0.691356058789413,0.38929962498691445,82.50593288884018,85.29717296253551,-208.45684786709873,0.41076831752152154,0.05486405266053749,3.141433064142863,645787
1587,545.510721541342,174,1,0,0.3226253566748718,0.3896815131905367,75.89005853937961,77.41089002565406,-208.55667815811333,-0.10626094017563195,0.055594637390525864,2.963218604011097,645961
1588,611.577900303805,179,1,0,0.6580570987895684,0.39619573980530104,86.26323332866477,88.29935950273908,-208.36148787343967,-0.03678727143719875,0.05514679016680691,2.987285173139093,646140
1589,602.3573739478683,137,1,0,1.317879483833042,0.3987435764178675,78.17041381780248,79.66255324426359,-208.0841407497434,0.2631099490027358,0.05549902463481374,3.091010822866955,646277
1590,607.4698619541637,169,1,0,1.6613450307546842,0.39088177372816446,90.6650728869015,91.29235270460681,-208.54369530310998,-0.06179198113507068,0.05611765210533283,2.97852013238083,646446
1591,588.4698245934284,137,1,0,0.4626284763499658,0.39400602000757784,77.63341536139049,79.06362481360888,-208.77074515906563,-0.1393674632983051,0.05553517863154411,2.9517473930860088,646583
1592,592.8556578764346,173,1,0,0.5537741141136768,0.3984847698249575,73.1141085762509,74.7609995472638,-209.14995499980242,-0.13751639296553728,0.05489606576072687,2.952566145472444,646756
1593,611.0931956390402,168,1,0,0.6787175326712414,0.39987992111082965,79.81392177513668,81.2589294569833,-208.33854638962518,-0.05200657190843707,0.05455702175164506,2.9820969729196456,646924
1594,600.1958527870531,138,1,0,1.164929314356741,0.39699952408885575,73.16097312042679,73.3631798080776,-207.8053697226704,-0.03851075238291768,0.05433517292249894,2.9867688417434692,647062
1595,603.9876217231728,213,1,0,1.7855055799566304,0.39195503136231985,76.0070493904078,77.79639801508944,-208.39819500703766,0.031711021945440156,0.05445240871727187,3.0108748086741275,647275
1596,524.8280376848656,188,1,0,0.22483745290996326,0.39620636998659886,83.96922746617743,85.68340938142005,-209.10844112964386,-0.0304377171547806,0.054697780632116694,2.989500974087005,647463
1597,558.9103392861462,134,1,0,0.32610325268668133,0.39238306726290767,84.92702285567326,88.37814008655833,-208.52087117664848,-0.162213783711195,0.053969000924879044,2.944393291402219,647597
1598,474.306772279446,386,1,0,0.297188260747412,0.38633139952580187,79.23350837440688,80.01903499099257,-208.49985804582508,-0.13629623201381358,0.0537408092421108,2.953551335038299,647983
1599,599.7109203998771,159,1,0,1.5005947829012067,0.3931239360963475,81.07720076962836,83.11504599133377,-208.136972199446,0.015672008946256817,0.051989527313776734,3.005276973892308,648142
1600,595.9841544126323,138,1,0,1.6337386836511114,0.3996601254981194,82.1429526080256,81.40874702343042,-207.8500201460244,0.19220810229687588,0.052892790297451225,3.065198300541311,648280
1601,-151.3055904888563,383,1,0,0.13530584710316473,0.39204446588346176,75.46133604622385,76.63177321909613,-207.94673857925454,0.19122587538302413,0.05417492456598008,3.065435454988604,648663
1602,-176.11903208970008,95,0,1,-0.037006425930716236,3.1158850241926084,79.1746089834916,82.67168644352964,-207.830078125,0.1749040341690967,0.05512950808594101,3.0603554851130434,648758
1603,613.3975194616254,162,1,0,0.6297166648112816,0.39762166069403465,82.53703739024975,83.22961902618408,-207.24207531964336,0.013110328143761481,0.05555261250723292,3.0045288683455667,648920
1604,608.9196130171662,170,1,0,1.0700707104828948,0.3931368389534498,73.97221717834472,74.13160666858448,-206.9957041123334,0.01203204873291885,0.05563642067067763,3.0041424779330983,649090
1605,594.1982138794883,145,1,0,0.897376840085468,0.39657461546028894,85.76000865410114,85.20334299021754,-207.16798348262392,-0.12294097707189362,0.05521151104877735,2.9574988266517375,649235
1606,583.8131976493707,155,1,0,0.39556743629352276,0.3990897069206479,90.96005786157423,93.67730923314248,-208.09888276130923,0.043241655778500344,0.05528334201343598,3.01490614029669,649390
1607,611.3320394212393,151,1,0,1.0609026272927042,0.3831596281298274,79.00842621152763,81.02721945023694,-207.56111710908397,-0.22762154169775398,0.055223089130903714,2.921518371594663,649541
1608,359.2218974299028,155,1,0,0.17901078152314254,0.39292753491207294,73.28896021073864,74.42354984898721,-207.57992829353577,-0.3448513068739445,0.05359561537061968,2.8820986501632198,649696
1609,604.2083009189447,141,1,0,0.8107271088012953,0.39398557984450583,78.71743403766172,78.6957900338139,-207.2457398759558,-0.2045401246782313,0.05258569559941055,2.9305824996731804,649837
1610,610.7383088442359,178,1,0,1.0139024192192783,0.39249040139862235,81.96568563547027,83.88642330383986,-207.38279338365192,-0.07550213927549593,0.051811037647925065,2.974456170971474,650015
1611,599.0441037353028,147,1,0,0.8228048008036513,0.3929220355589381,81.02684900063235,80.98505884936067,-206.90180273769664,-0.1294274828111639,0.05154927561477739,2.956353690348515,650162
1612,614.4094364803053,188,1,0,1.3250450312257405,0.39964461294948417,75.94762180206624,78.98221978735417,-207.21063824917408,-0.08067014880795428,0.05082762005560575,2.9728556846050505,650350
1613,598.9217858876926,154,1,0,2.4082812464096843,0.39546284617385846,80.07493935622178,82.37730478311514,-207.4064070466277,0.02713711080806596,0.05086913155754665,3.009061124417689,650504
1614,450.0009904995229,600,0,0,0.5194500848232644,1.131190761936951,85.6672773249944,87.98082618872324,-207.2646213531494,-0.012178423339501024,0.05109818475941817,2.9958894646167753,651104
1615,596.4214951408621,143,1,0,0.5612338238799157,0.38287970333029886,89.21020309074775,89.81384715500411,-206.47602332055152,0.11390252790407285,0.0511330366916173,3.038218054738078,651247
1616,612.1427722074234,152,1,0,1.6465449349504677,0.3845767734108996,91.12466613869918,93.05737343587373,-206.4461953012567,-0.03199795047801576,0.050974305670120214,2.989221618363732,651399
1617,611.0444997640245,161,1,0,0.8401417167359475,0.38806888189064165,82.06499048789836,83.9117558639242,-207.29895872507035,0.11029764257880471,0.05115495314416678,3.0370858130247695,651560
1618,609.4035762198407,172,1,0,1.0839525737211055,0.3971533899125865,83.78506558994914,85.38682886611583,-206.23960335310116,-0.010644088932421318,0.05155755908683289,2.996381532314212,651732
1619,473.46378495031064,232,1,0,0.7322371232060336,0.39919485068902755,86.71566029252678,87.87370897983682,-206.6134772465147,-0.13103417180285887,0.050995020581216646,2.9559308557674804,651964
1620,612.5925638594306,157,1,0,1.1213588482596029,0.39567087385921323,86.24075644183311,89.90188706148962,-206.3039296144133,0.04771741697932504,0.05064196678198826,3.0159813993296045,652121
1621,611.302823748134,179,1,0,1.1886212310800959,0.391707113152009,77.2611643508826,77.98782843051676,-206.5516017295795,0.003335816941780751,0.050695014649263306,3.0010735442518524,652300
1622,601.8542019936228,153,1,0,1.2393641448456805,0.3925952893166462,81.02751630895278,81.32525631025726,-206.11354733136744,0.25218015217703155,0.051370788949961756,3.084889338686575,652453
1623,605.2843143011751,149,1,0,0.7597421690490065,0.39013231501304896,86.20110104708064,87.16960208688006,-206.2394057920315,0.05049959895194777,0.05203539238080082,3.017063196873505,652602
1624,592.6313908048578,138,1,0,1.526831248477148,0.39600317965962045,72.18348659294239,74.62912184950234,-206.58693341241366,0.038363678137893265,0.052326554594480476,3.012964772141498,652740
1625,600.5889529961705,138,1,0,1.2212888971647633,0.39175169552514344,81.77459837042767,82.54864979481351,-207.07631451150647,-0.11678535102502159,0.052152291156243584,2.960460550543191,652878
1626,609.6202281336886,157,1,0,0.6173614959522131,0.3956130446289997,96.00575487173288,98.63531324666017,-206.48169654797596,0.008654725909897477,0.05177506958698012,3.002898790274456,653035
1627,-28.21854093283605,280,1,0,0.26285959304380646,0.3941331116167203,87.19185919080462,88.93989577293397,-206.15340009416852,0.07203951543197036,0.052230664169681924,3.0243441641330717,653315
1628,496.5405029289926,151,1,0,0.25100827886561716,0.38008377381730046,90.87430669771915,91.18970078979896,-205.77424520530448,0.0845038794622516,0.05254506374037029,3.0286716135921856,653466
1629,368.67397229422136,186,1,0,0.7192916345887115,0.39536056313010864,84.09692301288727,84.68577498261646,-206.15789753903624,-0.06808529474762498,0.052504937755324506,2.9768785251084195,653652
1630,601.0067739414175,172,1,0,0.7357061573306098,0.3865210221412653,83.56696291856987,83.59399127960205,-205.95708412347838,0.2038098952494735,0.05281901405041301,3.0692627055700434,653824
1631,596.4104052793194,137,1,0,0.5520422581454816,0.38238962804559323,83.64743823726683,86.13635162019382,-205.4786530654796,-0.03528953588356937,0.05334239115897756,2.987952209737179,653961
1632,633.9153390024453,172,1,0,0.914256899780804,0.3836336089651841,80.78121542930603,80.4318278168523,-206.03920080495436,-0.021245121002890343,0.05325211383142443,2.992725682813068,654133
1633,589.8364165829776,123,1,0,0.9745616296800994,0.39794008906044304,83.27776801876905,84.1048412322998,-205.76005467360582,-0.28797170422910673,0.05255320253289812,2.9021223289210623,654256
1634,605.4523741765621,147,1,0,1.3442391417427841,0.3896472561512896,94.41314316444657,93.84814769070165,-205.83754693894159,0.3499268321637191,0.05275194070675746,3.1189152821391617,654403
1635,523.7357589392757,146,1,0,0.2377937500758852,0.38954724443854377,80.86474463711046,80.45026701443815,-205.77231639705292,0.09159115197979016,0.053903348616337124,3.0312769347674227,654549
1636,599.6495305180144,154,1,0,1.2011472601123303,0.38678692933115133,66.11601659849093,68.25763515373329,-205.3087974647423,-0.10626071858425419,0.05381656600186577,2.9636507049783485,654703
1637,598.3494994091433,131,1,0,0.6764555109861321,0.396661798029937,76.72980160749596,79.74658845217174,-205.7925025998181,-0.006492456691410705,0.053388367826474534,2.997738179359727,654834
1638,601.1319321862138,190,1,0,0.5568768034028737,0.3974108443024749,83.7665000614367,84.78532195342214,-205.2167784038343,0.25872787236187017,0.0539986040443182,3.0886624750338103,655024
1639,-1251.6396702449808,314,1,0,0.9822968630713563,0.39754960209546725,82.87652258660383,83.69795682931402,-205.5585067165885,-0.17161372455821675,0.05415986691880378,2.9411478072974333,655338
1640,553.7619177624672,163,1,0,0.26585058789675986,0.39272569932381607,91.17739810241513,88.94233222095512,-204.87985791165406,0.19141049495686782,0.053887811380844176,3.065415935282327,655501
1641,603.9536485928388,170,1,0,1.1211862999808597,0.39680181996944125,73.35403970269596,72.9121459904839,-204.53079510857077,-0.18154386779402984,0.053720238410374696,2.9378794137169333,655671
1642,610.1639970925908,146,1,0,0.6984602268489413,0.39767913701253427,75.93661624438143,75.2072555920849,-205.2215341019304,0.1354175371513383,0.05377603957608138,3.046217281524449,655817
1643,602.1141655634004,136,1,0,1.0816381962665267,0.399163475165422,82.56087537372814,82.94306037005256,-205.16111429999856,0.10131880323238232,0.05385839435107568,3.0346953150104072,655953
1644,448.0949478226075,137,1,0,0.17378899978038054,0.39435132105895926,111.04622217164423,113.49583891012372,-204.85800248863052,0.08168264633438883,0.054523535181571096,3.0280386044161163,656090
1645,601.2472170680855,165,1,0,0.7960533409597934,0.3870150765524619,85.05947149450128,85.97579205252907,-205.72794254187383,0.13059493600193298,0.05473064407706261,3.044957970127915,656255
1646,596.8307805441807,119,1,0,1.305288133328296,0.39506258185938264,83.5074202112791,84.06422474805046,-205.12694581616827,0.3391831606595206,0.05556570851251859,3.1174479572712874,656374
1647,564.6868415177169,117,1,0,0.3966277978905801,0.36554658780534904,94.4978232913547,94.99301079807118,-205.47362446581195,0.09763566821686223,0.05665295886305662,3.0339584574740157,656491
1648,609.0241327002077,149,1,0,0.9553714917482885,0.3980954384476145,77.52048409865206,78.58471648965106,-204.5822192710518,0.2187727673241756,0.05705721851363278,3.0764107688161353,656640
1649,598.7940943645461,137,1,0,1.1260548433673743,0.3847825069932924,90.47649709325637,90.67877678975572,-204.9441405804488,0.02977530462463407,0.057695620088246614,3.0104286113794703,656777
1650,600.1759718107096,144,1,0,0.6818990640281513,0.3910071001840469,91.69047647052341,95.31738740868039,-204.55530219607883,0.19835312004821995,0.05834616529237893,3.0697567413250604,656921
1651,600.9074583680713,145,1,0,0.9418433399782367,0.3881865027207368,75.73816549366919,75.61253189218455,-205.34857893318966,0.09667733486356406,0.05899245772382309,3.034143965819786,657066
1652,549.4537292168352,122,1,0,0.3256204357033433,0.38330103479221644,74.06024137090463,76.20206565544254,-204.59296942538901,0.2566282568865868,0.059730560045506136,3.091019157503472,657188
1653,601.2510875125932,140,1,0,0.7909909185582965,0.389166244245407,85.12326124736241,86.87369978768486,-205.5607685634068,-0.09200374657022102,0.05992736840354545,2.9672672595296588,657328
1654,621.353598561888,178,1,0,0.7693205780246319,0.397969546230569,90.1480538657542,92.50238323747442,-205.74102877499013,-0.0696616620871793,0.05961281339522828,2.975280909056074,657506
1655,647.1585433167346,218,1,0,2.28807859810103,0.3992700413162134,78.48098403160725,78.20218876304976,-205.55293574901896,0.007456127801961308,0.059689351895806986,3.0026167281177067,657724
1656,-211.7590734365564,101,0,1,-0.020506710360540747,6.760331928590858,82.6146180653336,84.76151266192446,-205.4771433915242,-0.23036021086396558,0.05907778353384226,2.918510380357799,657825
1657,596.566956567829,132,1,0,1.732932842594519,0.397592533630601,83.21056348627263,84.20230514352971,-205.4124202150287,-0.2744014004640507,0.05815834540760878,2.9034866148775276,657957
1658,560.7468426411922,180,1,0,0.37313553372506697,0.39015377160586395,79.04976671536764,79.69025639428033,-205.42842441134982,0.1515325618079967,0.057930032971004644,3.0531878934966192,658137
1659,594.3358013257124,113,1,0,0.7895610307177614,0.37715546521967785,84.87417467505531,90.30586440162321,-205.00444395352253,0.4133965531611337,0.05923945387512182,3.1460821945055395,658250
1660,603.7331721272715,138,1,0,0.8971664933788828,0.38854106675955985,84.34789552550384,84.3510410198267,-204.47562474789828,-0.25771202376463276,0.05951433353449987,2.90868347969608,658388
1661,594.7733839064371,147,1,0,0.7885026306693643,0.38338634768669466,92.9563729746812,94.47293698706595,-204.79760908269557,0.070894202977723,0.05879977953677275,3.0250173523312522,658535
1662,622.0877668907057,182,1,0,1.3932452906124428,0.39865444663186567,80.12918783544184,80.47921079069704,-204.80654923994462,-0.06161692734439295,0.05878303480426689,2.978218858058636,658717
1663,596.7144840167912,148,1,0,1.2642981639939015,0.38879531663670003,91.95600923332009,93.68879664266431,-205.10258648846602,0.04115397135752279,0.058874470987231343,3.014516901325535,658865
1664,616.8299981523936,179,1,0,0.5296655279532414,0.3944025505329492,76.03943528542972,77.33431552908274,-205.53974334887286,0.09532443662928469,0.059143127717452344,3.0337095646884853,659044
1665,609.5246656144807,140,1,0,0.620050624994266,0.3985351393918928,85.05437707219805,84.4581847190857,-204.96391557965958,0.020479918936533587,0.059648810885846615,3.0072501284735544,659184
1666,595.9893503263945,122,1,0,1.4305886107129866,0.2791353173273969,78.61905526333167,80.90897289651339,-204.92774275482677,0.34787035086115853,0.05999236837884442,3.123769509987753,659306
1667,594.5082370297441,132,1,0,2.0765344605337,0.3937036897142943,73.25918038686116,74.64094109968705,-204.97857330784655,0.3250928685689966,0.06184037407916604,3.11660193493872,659438
1668,613.8679496714042,179,1,0,1.0178940318960399,0.3912618843370795,87.58457510964165,86.49579847857939,-204.5610553592277,-0.1314820859518797,0.06239611990541719,2.952628966816311,659617
1669,597.8530985776259,132,1,0,0.6816329191986457,0.39459390469650885,75.39523277138218,78.95146963813089,-205.07079257387105,-0.49565111456269567,0.06078996052118865,2.823019968740868,659749
1670,592.5876694506223,118,1,0,1.6588078925931375,0.3902759876553295,76.02545908750113,79.02978012925487,-205.8045457742982,-0.015333691864448079,0.05940715946509677,2.994487744266704,659867
1671,606.9440101817581,139,1,0,0.9050280404502664,0.39591055923196444,81.98045919267393,85.51612290032476,-204.676386003014,-0.20828847895316083,0.05906282330481268,2.9263083282992137,660006
1672,609.0560245531952,143,1,0,1.0194833902153158,0.3974564679811852,80.93080427930072,81.86047754087649,-204.68495348950367,-0.1742295489965619,0.05826070589514879,2.938677049183345,660149
1673,595.8982828554638,124,1,0,0.9815638203245063,0.3974948341743245,80.05923758783648,82.96316417571038,-205.18228715465915,-0.2534212900866424,0.05742717801683372,2.9112354843847212,660273
1674,597.596258800763,131,1,0,1.6889795078568968,0.39227505927254125,81.32336572836374,82.33200194089467,-205.93251608346256,-0.12540007462255828,0.05650051521094701,2.9562318962038927,660404
1675,593.6575536035547,135,1,0,0.6893008551973864,0.3653861218450861,80.24994883360687,84.15929892504657,-205.54264492458768,-0.14188589050813957,0.056371285711173655,2.9506766584184434,660539
1676,592.9457295035662,116,1,0,1.440443761286512,0.2771265514103733,84.44532100907688,86.09672391825708,-205.22046871843008,-0.028495249948624908,0.05574739056414571,2.990086857614846,660655
1677,-221.7251660786742,85,0,1,-0.0415837146079322,3.9304725664779836,79.01096467410817,79.40184840034036,-204.6404661290786,0.2506120235166129,0.05613699200398782,3.086994182362276,660740
1678,455.5005677593308,208,1,0,0.17012332328136837,0.3889749706417699,85.11908270304019,86.52518456257306,-204.52996613429144,0.4032234307826282,0.05773438348506506,3.1412553672607126,660948
1679,597.6940664106406,135,1,0,1.057468086477582,0.39465008598309054,87.16679912143283,90.1077629018713,-204.50703079788772,0.03243751167147248,0.059060082694998496,3.01144631880301,661083
1680,599.5600468779348,181,1,0,0.8019476174381677,0.24638179937772495,87.06298211661492,88.44792802294315,-204.32057544012756,-0.03966578474854896,0.059168242226812724,2.9859501130014494,661264
1681,601.4024707810041,148,1,0,1.2464226152460745,0.3998851348474817,85.41283546267329,87.49206665399912,-204.2834658236117,-0.14884362007315094,0.05857309980972393,2.9475202044925175,661412
1682,556.5007140084048,336,1,0,0.25450667609016686,0.3987025179882919,85.25139020454316,87.29880220265616,-204.34838458469935,-0.06929368772433095,0.05724270462191531,2.9756470315513157,661748
1683,592.8411550009922,119,1,0,1.6681608782656236,0.39096923792292565,80.94489334811684,83.626091235826,-204.6622637580423,-0.07519955868918855,0.057403829167870915,2.9736801135439834,661867
1684,629.0402702880945,198,1,0,0.8201582921277983,0.39812993716200945,86.25181635461672,87.0571957742325,-204.54032828591087,0.08566951127064348,0.05741308115874276,3.0299788388338955,662065
1685,596.6362248022689,119,1,0,1.610840839385557,0.14891188565396152,85.37763032191941,87.96872812158921,-204.70318116260177,0.08087846185980725,0.057838977259748126,3.0283666578661492,662184
1686,645.1633210012174,199,1,0,1.990177823484473,0.39247191946523113,87.02071154417105,89.43517536853426,-204.6814634236858,-0.1692611559589005,0.0575853940193078,2.9407018992170015,662383
1687,593.9822810569498,120,1,0,0.6909680313660529,0.35246276817591676,93.79674069881439,95.95112226804098,-204.3153931935628,0.16445851763710378,0.05737807598585884,3.0574444850285847,662503
1688,605.0294530813715,196,1,0,0.9444444969768916,0.3861338485048208,94.06104786055428,97.40473873761235,-204.8734341835489,0.14385179947225415,0.05799943621137312,3.0505078641735777,662699
1689,592.8851022694951,126,1,0,0.5526525611065679,0.3907575003413609,77.38495116763644,76.09096359828162,-204.50252872043185,-0.029444049097715863,0.05866209686630302,2.9895690206497436,662825
1690,559.8225713167647,187,1,0,0.2719013879129206,0.3944377920563744,81.03401043835808,83.21172949337067,-204.55549058557193,0.2629262801598419,0.05904167330759094,3.092911345435974,663012
1691,455.7685418575395,122,1,0,0.10964621085577686,0.39513454198081793,92.11968547008077,95.4955804543417,-204.74209844870646,-0.07996806667232123,0.0598755205263857,2.971586571365106,663134
1692,601.4440976137636,185,1,0,0.3691743667705647,0.3989283101187677,77.04877298200452,79.01402003829544,-204.65712181297508,-0.15188684262133934,0.05918340028540508,2.9462488896137957,663319
1693,284.05054850887785,149,1,0,0.0005043451249712172,0.3882414927382253,92.91607351751135,92.46841417863065,-204.57681212969274,-0.20880711071143215,0.058196632654074855,2.9265205572115494,663468
1694,-151.99370053358513,72,0,1,-0.07694083868187263,4.6627428458352105,75.75627859433492,75.97823013199701,-205.33738984002008,0.012562915527572235,0.057773092658155493,3.0043892396820917,663540
1695,593.0465541287238,129,1,0,0.7888787893110657,0.32737464684270823,85.63035732831142,88.29151292549547,-203.80019562004148,-0.08096033661055935,0.05772099496666775,2.9716121189354,663669
1696,593.3834841273804,133,1,0,0.663056822069099,0.3872435895452103,82.47971501027732,83.91237918595623,-204.24075271491716,-0.23293254922207138,0.05699706805827923,2.9186671353820572,663802
1697,511.8897339969931,168,1,0,0.27590315453514036,0.3871012553493374,77.62829832803635,78.13917224747794,-204.08745811099098,-0.06375189245279346,0.05647033805559788,2.9778220667725517,663970
1698,639.2201198569691,174,1,0,2.1855338558958937,0.39841195959110975,91.30195205513088,90.17691294352214,-203.85617004043755,-0.015849074231053906,0.05626411303535275,2.9944407172586724,664144
1699,603.6587259977982,170,1,0,0.6544246455821314,0.39829070470089467,77.80752188738654,79.34880596609676,-204.53781504911535,-0.025852634757757186,0.05590950309791986,2.9910153978011187,664314
1700,597.8068816731175,176,1,0,0.5228000586378453,0.3996615730496936,81.01281660795212,82.7804614034566,-204.54126444729891,-0.10717935572293671,0.055556734071367166,2.9628846672448246,664490
1701,608.6675187822232,154,1,0,1.34536622211266,0.39127055238704156,79.46577400975413,81.45681310628916,-203.7888578935103,-0.21183256662220923,0.05484160976847271,2.926971531533576,664644
1702,595.2673745006034,123,1,0,2.2942424534114085,0.3868338663734253,83.14612163760798,86.86931290665294,-204.02007994613027,0.02010131027640366,0.054339372742224515,3.006891671234999,664767
1703,612.0516385714278,168,1,0,0.983664741952555,0.39339727848700545,90.95289884862446,91.0773347843261,-203.66719064258393,0.23665931721084885,0.05497056290152527,3.0815663905370805,664935
1704,595.007867909388,134,1,0,1.3918957402017775,0.3839621108069912,83.46796895496881,86.1785877284719,-203.88872493914704,0.04065382711366931,0.05540764801649015,3.0140397975693887,665069
1705,608.2346299972711,161,1,0,1.674119365596754,0.393435471680912,78.2595492001646,78.09320802273957,-203.71042552497818,0.13289452607957472,0.056080544749217004,3.0461068049721094,665230
1706,597.1683251437883,130,1,0,1.770836919989787,0.386859893116497,78.99285833652203,78.10006082974948,-204.6194105881911,-0.17643470170979317,0.05619654664053367,2.938733884004446,665360
1707,608.7091149462284,170,1,0,1.1606600914791632,0.39484926070342363,77.30519582524019,79.9016323706683,-204.3728458180147,-0.1402741117950748,0.05541074304457973,2.951498567356783,665530
1708,600.6854328450601,150,1,0,0.628113491181873,0.39277743437931306,73.58970306396485,73.77115557352703,-204.07611857096353,-0.09588661387562752,0.05481685104469458,2.9669638204574587,665680
1709,624.7303499232353,198,1,0,0.9128466813641682,0.3937981856930163,87.53176387632736,88.87807995381982,-204.55485311180655,-0.09036491299518432,0.054074550706027735,2.968948924180233,665878
1710,-165.9029086756534,83,0,1,-0.05841264164154292,4.665463702756263,78.4803850794413,79.19380065044724,-203.64487981221762,0.15924205850944462,0.05420271643852613,3.0546269646610122,665961
1711,595.3227075784513,129,1,0,2.0415698793368917,0.3893901691480643,75.59178010068199,77.3782958392949,-204.53486136502997,0.053438376202139745,0.0545911319669365,3.0183633205502534,666090
1712,608.683371698802,156,1,0,0.989973106778991,0.39647863058154426,78.80117885883038,82.00834145301428,-204.12102635701498,0.04790716470243075,0.054669863711564966,3.01648010351719,666246
1713,593.3068225666095,126,1,0,0.6184520727678045,0.3954387950268384,74.31984912781488,75.92894936364794,-204.17806013803633,-0.24115183251717734,0.05444663366864598,2.917110586923266,666372
1714,619.9159334215685,172,1,0,1.7383798414701914,0.39936811456121335,76.18699145317078,77.39627463873043,-204.6176478363747,-0.07229056929476387,0.05369860278225915,2.9752412923546725,666544
1715,612.312451369268,172,1,0,1.0553632919581124,0.3941934037398119,84.64765727242758,85.02455381459968,-203.90779583953147,0.2059423975040053,0.05414273295291634,3.0705790672191355,666716
1716,595.6083635753308,119,1,0,1.2492515067688412,0.26296572339337215,86.5505078339777,86.97039918338551,-205.00982230050224,0.21994503606267335,0.05503331944972527,3.0758010259195534,666835
1717,604.6181549333177,144,1,0,1.0270702426791578,0.3996548780187697,68.51192455821567,69.85891469319661,-204.64219443003336,0.24871693494626218,0.056184286458624735,3.0861791008048587,666979
1718,576.9747721591029,140,1,0,0.435162587994481,0.39234370759550063,77.66255306516375,79.8296015058245,-205.51617671421596,-0.12834830244204828,0.05623156494860138,2.955401883806501,667119
1719,626.2672074908378,204,1,0,1.159163560895451,0.39901081660686183,85.27057019402,86.52544023943882,-205.51000310860428,-0.09534402282945081,0.05549067030569502,2.966963187152264,667323
1720,708.6625181017482,286,1,0,0.9064229206677736,0.39835039043201415,83.05074709778899,83.24819693532024,-205.36260223388672,-0.2524633168444767,0.05453825704232379,2.913292256268588,667609
1721,743.8394325608785,372,1,0,1.0447378132863532,0.39861218651422786,87.03263836009528,87.57173749964724,-205.29915167695734,-0.15500946896731532,0.052424984273090156,2.9473961072583355,667981
1722,594.9162413871051,133,1,0,2.226293173570669,0.38510815481833693,76.60340766619919,84.19304048925414,-205.13163011593926,0.017570810672595985,0.05161721217340993,3.005920064180417,668114
1723,592.802775750894,125,1,0,0.8968131003425489,0.3884814012780064,76.96304824066162,77.39164295196534,-206.46289001464845,0.41984855237603186,0.05223318034410477,3.142300409317017,668239
1724,600.2964140469638,134,1,0,1.1932598057074029,0.3930453813878374,83.74702009514196,83.41136924544377,-206.66740679385057,0.35634988740976176,0.053807796020783595,3.121891697840904,668373
1725,606.9576609481918,153,1,0,1.481148828710671,0.39134154889934736,86.02406143363005,88.98701406616011,-205.68715533088235,-0.05323875780686054,0.05481810685174138,2.9816445899165536,668526
1726,595.9233354753426,133,1,0,1.2436373571242936,0.3866486209118789,76.85504721161118,76.90843762849507,-205.98428310308242,-0.2157438402729375,0.053764740747392625,2.926055429573346,668659
1727,594.0966750377236,157,1,0,1.642035433907774,0.36924320442202896,91.58111703471774,91.94704224653304,-205.1558575478329,0.1506341049910351,0.053947185895815014,3.051510710625132,668816
1728,-123.6059412812155,77,0,1,-0.020267516641366723,4.186962068620026,85.45748091363288,87.7539884641573,-205.9341371214235,0.0007721453227780082,0.05420147859817975,3.000254912809892,668893
1729,592.37925121064,127,1,0,1.0674450906143411,0.3827143131571883,85.30977216855747,86.01627968615435,-205.93688604399915,-0.22552182097134627,0.05375861710920109,2.9228037323538714,669020
1730,600.8972243827143,155,1,0,1.4022946709993978,0.39844213527412814,75.69520975543607,77.41386297902753,-205.9052981468939,-0.07067711245148413,0.05298313073092891,2.975872335126323,669175
1731,598.2014931235788,142,1,0,1.7317630851389119,0.39028254797412176,74.40497579708905,74.905364835766,-206.1096635200608,0.21379105201069737,0.053438697377560844,3.072974075733776,669317
1732,606.4134168785542,237,1,0,0.4409831514085121,0.39439790771557964,78.8427565570622,81.45656281885718,-206.3190860667812,0.14596051340018898,0.054679171681278366,3.0500965953376222,669554
1733,609.5504352785392,153,1,0,1.2612057075003187,0.3889983967754739,78.63467566172282,80.32541558633443,-206.5648783764808,0.11923735084779122,0.05521772239430278,3.041118068632737,669707
1734,605.3572303441217,158,1,0,0.9238864364771803,0.3931336275914873,86.62512654292432,86.75675268414655,-206.96669595452803,0.11346534790494774,0.05556927652015716,3.03926600232909,669865
1735,599.4981329892756,168,1,0,0.860966748863386,0.3952717658302729,81.13509410903568,82.89677853811355,-206.34538514273507,0.04828627764557799,0.056092651738297375,3.016733938739413,670033
1736,602.0092575389308,145,1,0,1.4703871775005395,0.14648550755968878,83.20417120045629,84.22232245083512,-206.31529088513605,0.21482390571257165,0.056834615227477306,3.0747930164994863,670178
1737,539.7202245781783,600,0,0,1.1434176275305907,0.6339208053510028,75.14592713356018,76.40017739931743,-207.02794372558594,-0.19684243417500208,0.055516463480889795,2.931905131737391,670778
1738,594.9551617420263,138,1,0,1.2845306229262055,0.35738786510783715,80.84183397154877,80.92529085408087,-207.2925036886464,0.04448527134145084,0.05368478234479393,3.015208969945493,670916
1739,592.2627528208947,132,1,0,2.2483897433260926,0.39938864336773977,77.71864327517423,80.92435643167207,-208.38246189464223,0.12895771624012428,0.05410775861166643,3.044184047164339,671048
1740,598.1652951833113,133,1,0,2.696755495827015,0.3947430528620525,78.62708682583687,80.00782866227,-206.9683649737136,0.049326592538141666,0.05426117831042835,3.0169229632929753,671181
1741,592.6814622634935,154,1,0,0.7376591003224859,0.3993279549783884,72.54154778765394,74.5039558782206,-207.5764486139471,0.038287072502947474,0.05444835726316873,3.0131374613031165,671335
1742,571.042407275928,146,1,0,0.4039722483675638,0.3900742830098786,71.92835352518787,73.05067551625918,-208.8520973937152,0.16977060602799263,0.05523757167058448,3.0585253891879565,671481
1743,595.3636808304168,193,1,0,0.6008247249760881,0.39583858606570577,81.72042953906282,83.33429051927952,-206.71676351122287,0.11958962837185884,0.05574515911658811,3.041423638249926,671674
1744,611.899982564426,166,1,0,1.4526483351359036,0.39749251924941786,93.70970651327846,95.88643792738398,-206.8287152209914,-0.21769380181219922,0.0558636125222028,2.9246056769267623,671840
1745,-153.24400440347847,89,0,1,-0.011180356737881536,2.2572102925994555,78.87172548958425,83.97157289740744,-206.42864235867276,-0.06519165501165926,0.05495688248049008,2.9774912796663435,671929
1746,596.8701466302264,138,1,0,2.677309327940945,0.3947363447365949,87.76973181185515,88.61504877477452,-208.01103984445766,-0.07741054814254893,0.05450219604308191,2.9733192125956216,672067
1747,432.48184945185665,600,0,0,0.7946628487596248,0.7957329912569215,84.56715234279632,85.25248836994172,-207.78125846862793,-0.0776727808561797,0.05390442528451483,2.973349275588989,672667
1748,594.645561739518,121,1,0,0.8425868702063647,0.22630115250603375,83.69016719061482,86.22699477455832,-207.31304679429235,0.16221384661010474,0.05346931095335109,3.0553755858712943,672788
1749,602.8325920489477,138,1,0,0.9667663921372309,0.38905275200383294,76.35733215359674,81.38504851382712,-208.83602562503538,0.15630261937453263,0.053943620373805366,3.053526404975117,672926
1750,609.3908718539327,169,1,0,0.6003895953136233,0.391086071330723,78.74294358879857,78.30601852462136,-208.1243611172106,-0.2200345322930601,0.05410140926933148,2.9246261133950138,673095
1751,620.1043092475838,179,1,0,1.1868732647294178,0.39706407926386184,75.40272436728024,77.9930842202469,-208.33048729923183,-0.04975735974711413,0.05323926619561025,2.9830179627381224,673274
1752,615.2303394051004,173,1,0,1.5645097400055294,0.3978675058751706,83.12042385718726,86.9238723357978,-208.03540012602173,-0.05872141817487733,0.052926522415841934,2.979993241370758,673447
1753,545.8788449485774,157,1,0,0.3074513112585108,0.38901876188063067,78.04081762520372,79.73765037317945,-208.7014201947838,0.1371920920291524,0.052817194870892606,3.04669035012555,673604
1754,639.6703741761253,188,1,0,1.1089230010551532,0.3956212305317872,76.448868173234,75.98028715113377,-208.91919067058157,0.3130160205046389,0.05415785057034264,3.107318600441547,673792
1755,595.6128689230026,132,1,0,2.2463768862831675,0.39858268371053046,71.95346773031986,72.10520276156339,-208.57585109363902,0.23047581464616637,0.05552690614466414,3.0796571717117773,673924
1756,598.6054468082658,135,1,0,2.3574374745981874,0.3892367392713516,78.22035510451705,79.22920831044515,-208.70042430736402,-0.15862200100112844,0.05590935073516987,2.945044685293127,674059
1757,594.1083781896225,129,1,0,1.4701523529125473,0.39949078079568895,79.94372533458147,80.2598034171171,-208.6428783328034,-0.25552439071642336,0.05491279215775719,2.9119286186011264,674188
1758,592.9375593067876,127,1,0,0.950478427929593,0.3268343120020721,76.9514333920216,79.31388356366496,-209.1165525181087,-0.23417935112681915,0.05397278123249219,2.9197313428863767,674315
1759,604.8904778237297,140,1,0,0.8851548293500773,0.39643529704506303,73.13055643354143,74.10741269247872,-208.8688487461635,-0.2400882136608873,0.05308723912707397,2.918150768961225,674455
1760,238.01117866374764,174,1,0,0.11690090546305576,0.39033973222088825,87.24070747967424,89.64288302125603,-209.15327260686064,-0.06530116158055849,0.05258019270653697,2.977815432110052,674629
1761,600.9909535286973,138,1,0,2.074150687968113,0.38694522566044187,89.72488097868104,91.63829469680786,-209.27594414310178,-0.030828976868719295,0.052348383472881455,2.989499294239542,674767
1762,598.7667107747253,144,1,0,1.3397753886885582,0.391957469414348,80.11972727378209,82.91437375545502,-208.49731085035535,0.029927608246604603,0.05222777590259082,3.0101333409547806,674911
1763,604.256949043579,151,1,0,1.1626473790264988,0.39817778748570576,77.87088767424325,79.98679622751197,-209.31165278352648,0.16666086056325213,0.052593418625214244,3.0565977459711746,675062
1764,584.8728332308862,134,1,0,0.48572044226589733,0.3920858141478361,87.28096955569822,88.98124616537521,-209.58384397136632,0.11181130374211874,0.05338914258711373,3.0380895102202,675196
1765,596.685606935547,143,1,0,0.7742077275038142,0.3953649747601178,77.84475315867604,79.14822488397985,-209.60098810796137,0.3562462162356693,0.05398871653250881,3.1221002765468784,675339
1766,596.0818919448313,140,1,0,1.1115018655371531,0.39898843484562124,80.33041866847446,80.71470742225647,-209.6209453037807,-0.12968348919280936,0.05474454113947494,2.9553782752582003,675479
1767,609.173995793607,151,1,0,0.5978520527005284,0.39960999071052306,82.59414468222107,85.2463745976126,-208.989252962024,0.09547527201029639,0.05476904583983863,3.032788993507032,675630
1768,649.2945296049842,213,1,0,1.04070629313442,0.3947196421899332,77.37948174096049,79.25666943850092,-209.78784645331297,-0.17000239674753986,0.05424933422339354,2.94161757504996,675843
1769,620.7665498801397,186,1,0,1.3247541944953516,0.39405166171152706,72.27947369442191,72.42318302072505,-210.0536861624769,-0.0037926875495462005,0.05373004994164872,2.9986845549716743,676029
1770,598.0531832074098,188,1,0,0.7656975503499172,0.3965415795862839,81.1008235748778,81.81855853060459,-209.73296258804646,0.0689408138513248,0.05384255232329064,3.023590562191415,676217
1771,370.7934398254448,260,1,0,0.2533508020601718,0.3859214381922089,83.53276311067434,89.03162423647368,-209.03140164888822,-0.1916283272493344,0.053911562751118955,2.9345383093907285,676477
1772,464.6462582430753,187,1,0,0.0937488500162369,0.39599430020850446,81.93381261060583,82.19447417437712,-210.2232504451976,-0.2415809155626093,0.051879117853023154,2.9181837015610963,676664
1773,598.5948839182657,142,1,0,1.067200355541158,0.3990967516473086,77.67461100430556,80.93435124947992,-210.23828533333793,-0.003747221318558908,0.0515815909217361,2.9986986778151823,676806
1774,593.5169107160831,146,1,0,1.285805440084286,0.38898371593048464,73.05526163806654,74.86154232939629,-209.69388893859028,0.03273566758693897,0.0517208571354412,3.0110168277400815,676952
1775,597.0470712503585,141,1,0,0.8244385464544922,0.2559204173185468,84.39146281303243,87.35326415258096,-209.5733454278175,0.03879356054021112,0.051767900691810226,3.0130605376358575,677093
1776,386.85454899541617,125,1,0,0.04330630160860005,0.32042069824173774,73.01486404418945,75.33247947692871,-210.8513720703125,0.05806833782792092,0.0516485201716423,3.0195979900360106,677218
1777,560.5100390101387,256,1,0,0.44611941507227926,0.3934743441567039,77.84065452218056,79.50541039556265,-210.33736258745193,0.19502397054748144,0.05248373832728248,3.0661655543372035,677474
1778,598.5301186982863,145,1,0,1.6957290021393523,0.3988076599147699,81.26578052783834,81.21560245382375,-209.98013168861127,0.09769447531936498,0.05367403752331076,3.0333084139330633,677619
1779,593.212257822232,134,1,0,0.7082209584867359,0.38709902916602046,81.75116065011096,83.40235892338539,-210.77753266291833,-0.3986605207310684,0.05300809078808151,2.864246980467839,677753
1780,576.2961125705268,169,1,0,0.43323111040418083,0.38748620345027346,73.64285623674562,77.42382327198277,-210.41551777314857,-0.19113105332710334,0.05166649258524709,2.9353816339955525,677922
1781,602.643727925891,146,1,0,1.595693670423901,0.3982630560412362,85.49060098439047,87.28813920608938,-210.62499989548775,0.2954728718311207,0.05177098083985995,3.0998478899263358,678068
1782,595.2873982000417,136,1,0,1.7361231682139506,0.3967623577977229,75.0366076371249,77.21657182889827,-210.833527172313,0.12402887461597428,0.052546347244916594,3.042131508097929,678204
1783,605.2352216035965,169,1,0,1.2751160141362434,0.39058816619390835,78.6273860479953,80.37466348839935,-210.3283272466716,0.2747496434834582,0.05355577197300612,3.093830434528328,678373
1784,607.2118326024886,173,1,0,0.9035042423934041,0.3988585884004641,85.08935061768989,85.92294653302672,-211.42313424700257,-0.08601423309889832,0.053853637759568376,2.9704943309629583,678546
1785,597.0510524008178,134,1,0,1.439811126332447,0.27936860221179866,68.13209712327416,69.35390715100873,-211.19251137349144,0.2704620588181624,0.05442089292762885,3.092785902877352,678680
1786,595.275626832508,131,1,0,0.6155866945281396,0.22256258732763964,73.0814168362217,76.4857964697685,-210.90236681290256,-0.20070841638300255,0.054629065579812945,2.9309984199873362,678811
1787,595.6994904624814,152,1,0,1.135069619287079,0.39122538168841337,73.41392405409562,73.51874830848293,-211.20920823749742,-0.23143070347999273,0.05363366287201643,2.9208435463277915,678963
1788,597.32694444871,140,1,0,2.13566208535683,0.3914454110806824,71.20619930539813,74.03351004464285,-210.9907351902553,-0.005678500314908368,0.053059251925774986,2.9980385882513865,679103
1789,591.3271499046479,129,1,0,0.5754810469585772,0.3917169345778494,76.76319557012513,77.31390464398288,-211.59782456982043,-0.11371080473411915,0.052982706403316454,2.961290623790534,679232
1790,489.04507420554455,140,1,0,0.25601446467255623,0.3934917160605029,73.1154396057129,76.24430888720921,-211.88453281947545,-0.30703731647559573,0.052341686002910136,2.895969157559531,679372
1791,593.9226827304068,132,1,0,1.982989398984127,0.3327193038730965,89.49615572438096,90.85571376482646,-211.5751750830448,0.10971537032023523,0.05155841021262335,3.037009139855703,679504
1792,592.4240914087565,126,1,0,1.3566752095116263,0.35924670028671823,73.0181035238599,76.73032439701142,-212.18958197699652,0.11077083523074786,0.05222326443190613,3.0374821689393787,679630
1793,599.3859065519542,139,1,0,1.3529954438515446,0.3871160110850802,80.3161475092387,83.52836947818454,-212.20496176301145,0.18676342734758802,0.05264200184413855,3.063417935542923,679769
1794,648.4742485642851,214,1,0,1.1675487942916558,0.399140067692774,76.64612130584004,79.62014325756893,-211.6956911889192,0.021343086115041068,0.05297814163370667,3.00722418655859,679983
1795,605.1185921756737,198,1,0,1.1722498745621353,0.3874345315004692,85.04093367162378,87.17277769608931,-211.64575233844795,-0.19708362964894435,0.05272888717702543,2.933033237553606,680181
1796,603.9357354703424,165,1,0,0.8282847053990463,0.3979840799104604,76.06790671493067,76.89557155840325,-212.677426702326,0.014288409505829667,0.052207255160266704,3.0048250805247916,680346
1797,592.2366608507382,130,1,0,1.3230894449509893,0.38490646286712493,70.44552885935856,71.11276312607986,-212.78644526554987,0.12782240823770946,0.05240927931780998,3.0432940373053916,680476
1798,597.4567693049794,135,1,0,1.3963333025900162,0.28681757849209966,80.03929286532932,86.2087581705164,-212.47962296097367,0.22327004729045763,0.053154113088492994,3.075944577323066,680611
1799,598.7713554708757,138,1,0,1.6109799428280196,0.3931659041895052,85.16850239297618,84.36503956283349,-213.15450165237206,-0.1834011516277341,0.05320757203667924,2.937494082727294,680749
1800,612.5722889679938,153,1,0,1.269960401458001,0.3992692773682215,85.8018695232915,86.28724938436271,-213.12337688371247,-0.20688324112420767,0.05239746144978829,2.929829514883702,680902
1801,568.26335293957,138,1,0,0.367961705698008,0.392841735583186,73.32422159720159,76.62919971908349,-212.4635951829993,-0.07340128881775815,0.05178685729270396,2.9751946632412896,681040
1802,603.1135852569881,143,1,0,1.776775210051949,0.3925120607910365,85.22636912419246,86.16373142162404,-212.85134268807366,-0.14245489518438187,0.05127518483392009,2.9519767944629374,681183
1803,597.8122111062297,135,1,0,1.4375636830482161,0.39775156221968433,78.54165832378246,82.13154335021973,-212.6274146185981,0.043853972383119444,0.05121981840994623,3.0147350876419634,681318
1804,567.8641663041774,127,1,0,0.42758437659364534,0.3671564989832001,71.47884238235594,72.255143458449,-212.8118073470949,0.0876568556711899,0.051136681062030044,3.0294698993052083,681445
1805,550.1611871718983,130,1,0,0.39920459472342906,0.3766638385149124,73.66362090477577,75.21362983997051,-213.3718509380634,0.3573559410010393,0.0519772670016839,3.1209043411108164,681575
1806,592.6771851283208,201,1,0,0.8219824625630229,0.23144831027635382,68.83056161889982,70.79063846341413,-213.79832177612911,0.19729801298892913,0.05332312736641708,3.067219486284019,681776
1807,603.6589663456331,144,1,0,0.9959287842566946,0.3922354158698104,73.6189302470949,76.28431431452434,-214.09846284654407,0.1270771305490699,0.05399666685197088,3.0435256560643515,681920
1808,598.9814903635819,135,1,0,1.2066693208794663,0.3562995774781011,71.68782250439679,76.20194261338976,-213.33775340892652,-0.14651985836249812,0.05405654951378151,2.9497774124145506,682055
1809,593.6113836978095,128,1,0,0.993936868556764,0.3884269201933888,73.01570184528828,76.35548849403858,-213.567786693573,-0.18775093008298427,0.05351689865346998,2.935873771086335,682183
1810,596.9174773666875,141,1,0,0.8242925396250698,0.24930473841774548,69.40538949492975,71.78000316890419,-214.09253113658716,-0.23939823803115398,0.05270438773412231,2.9186426375774626,682324
1811,589.0418189750872,148,1,0,0.5743127403604575,0.3854268060062137,73.47279216792133,73.88160074723733,-213.33797929093643,-0.3176114120948556,0.05149126370009538,2.892776044639381,682472
1812,593.7189347093029,137,1,0,1.282353378507637,0.3910503226944187,69.81950235018765,72.15673457793076,-214.41182959340784,-0.04155519964975597,0.050972559700047014,2.9860194251485113,682609
1813,597.5696959398981,133,1,0,0.9060286753799736,0.39368597609230577,68.7030764773376,72.98495309155686,-214.64799029127997,-0.07988331707796656,0.05068189832837062,2.973177087038083,682742
1814,592.7195268200343,132,1,0,0.7551872074675683,0.3171489993388641,65.93050252307545,67.53661144863476,-215.05225210478812,0.24350902872780958,0.05078385022440643,3.0817648641990893,682874
1815,567.3118444146417,174,1,0,0.3796459935969212,0.39200476623881203,72.05349090181548,72.91002019794507,-214.9124291080168,0.5117882360415212,0.05273941471830182,3.173517229913295,683048
1816,597.4845047057405,165,1,0,0.8396168687509284,0.39871848613402167,69.08457403471975,71.56198197567102,-213.75017533735794,-0.1537040710674994,0.05360043229478778,2.947521435130726,683213
1817,604.0642977944177,139,1,0,0.7469939332768332,0.11889656832132474,77.45108854856423,79.2726544990814,-214.07707664434858,0.006300740265588967,0.05293016033850128,3.0021308857759985,683352
1818,596.8295801825952,134,1,0,0.7029803460516469,0.3911804712991648,79.47196886432705,79.35623410922378,-214.48677131311217,-0.09354569615601603,0.05293149770751818,2.9681689561302984,683486
1819,592.849031841833,127,1,0,0.6158245743126867,0.3966904018145455,74.75387239831639,79.137232307374,-214.81924858994373,-0.14975076303707333,0.05247269136699166,2.949182099244726,683613
1820,584.3030553011004,173,1,0,0.4590860290709362,0.3823243135633518,68.5433022493572,68.79779725267709,-215.43986423029375,-0.313579800587169,0.05168179327869691,2.894217284428591,683786
1821,592.1489184622686,123,1,0,1.5232157027516147,0.38344654505169684,69.48313730906665,71.39372312344187,-214.91743121883732,-0.0730735645061586,0.05071546349341307,2.97543384776852,683909
1822,600.5002223463639,129,1,0,0.8307454035930809,0.12164704167874597,66.72266432296398,68.82739115870277,-215.32975000189256,0.03165697088364021,0.05057989733741265,3.0105660238931344,684038
1823,597.3291974015367,130,1,0,1.6480516627003021,0.236701004016543,68.63226890563965,70.38151297936072,-215.64620783879207,-0.045578656947383514,0.050636857776687694,2.98471790093642,684168
1824,-215.3568962526803,75,0,1,-0.0015627998063270088,5.280658984591807,67.51717014312744,70.88369603474935,-214.45386962890626,0.024969205905993778,0.05054834599296252,3.008359800974528,684243
1825,609.2295880901962,163,1,0,0.929349562819955,0.39198417035020683,72.46251960473558,72.31321728595195,-215.89501344645683,0.24562852057211237,0.05095452966134241,3.082516235807922,684406
1826,603.3941434587797,144,1,0,1.266531476033944,0.3886440230250872,67.25313421752718,69.47483197848003,-215.95480971866183,-0.014113925009345015,0.05148217100132671,2.995220623082585,684550
1827,601.0156281964074,158,1,0,0.8891556276585639,0.3985251393597256,78.04760121695602,78.46148799340936,-216.07787786556196,-0.031211697909085057,0.051320311530858656,2.9894342482844487,684708
1828,593.1258581695866,156,1,0,0.9057186800794994,0.39037206082640263,64.75840710982298,66.27570877931056,-216.10010577470828,-0.05488140198091666,0.05125418420021351,2.9815046114799304,684864
1829,595.0248612122845,132,1,0,1.580745524665757,0.38481334532135536,65.45914063309178,67.33630170244159,-216.4396973812219,-0.14624321611711022,0.050943011700203926,2.9508516734296624,684996
1830,596.0602110025294,129,1,0,0.8361815177321609,0.3880126331763397,83.83553161177524,88.46115887072659,-216.30382236214572,-0.0017894927787688352,0.050582327555085335,2.9993774262509603,685125
1831,602.9074278155371,140,1,0,1.4506503718804336,0.38402441151305966,68.19689978872027,70.25776232310704,-216.84369801112584,0.09998571864728417,0.05099360003535237,3.033541234901973,685265
1832,597.5879366135936,153,1,0,1.3116803941133046,0.3849879345525224,70.15079275143692,73.18483530929664,-216.60142975850823,0.10131418361675505,0.051132107311798854,3.034082556082532,685418
1833,596.1687149219633,129,1,0,1.1919128463349598,0.3919455751790655,69.30794922141142,69.05290874215059,-216.33051081221234,-0.03536180343276771,0.051669827871775445,2.988037907800009,685547
1834,594.6990990413941,133,1,0,0.5982748179862132,0.39615971223528296,77.14111782733659,78.1144621641116,-217.3908246262629,-0.24784416464486517,0.0509138939748133,2.9167051691758004,685680
1835,435.8197999915865,136,1,0,0.17821921008686548,0.23344881933613368,68.57468738275416,68.23963294309728,-217.72176248887007,-0.1304363689440138,0.05018262217259582,2.9563554139698254,685816
1836,603.3860949517729,128,1,0,1.1927496640493231,0.08502664751420677,69.42719723284245,72.10672868788242,-217.70963418483734,-0.1448673770064488,0.04967875714646652,2.951660815626383,685944
1837,599.6687244730124,138,1,0,1.8471823153600928,0.3969263669107682,65.40658178191254,68.54482023266779,-217.84269824926403,-0.09552849599740644,0.049493618282502976,2.9682106919910596,686082
1838,594.6038455033344,126,1,0,2.3824476836843593,0.3981792859109776,72.87302328291393,73.56774707824465,-217.09820193336122,-0.066020770027997,0.049078624015526165,2.9780683385001288,686208
1839,593.0615159598049,125,1,0,0.6302332893289544,0.38689249499470135,76.1545471420288,78.67750625610351,-217.69287573242187,0.06558477312326431,0.04902575716376305,3.02174040222168,686333
1840,591.6357217047603,121,1,0,1.051212916453744,0.39274636568343874,68.91224774447355,71.05731644906288,-217.7469747243834,0.02771966294808821,0.0493675751442259,3.0091815526820413,686454
1841,593.9140488490675,133,1,0,1.1235653011270827,0.3532847788658115,81.93226428498002,84.87340176374393,-217.01632036481584,0.09313520923592991,0.04930970159576351,3.0309372916257473,686587
1842,596.8519116161934,131,1,0,1.6238777411161185,0.38990395800362726,73.64788719351965,76.56474575013605,-218.15305543855857,0.21329960906664833,0.05001967661935865,3.071158876855865,686718
1843,598.9964584505333,143,1,0,1.2432340758434508,0.3355319540908289,72.61226111858875,74.97643494105839,-218.45800397112652,0.10156791387581741,0.05068027496442094,3.03393435811663,686861
1844,593.5572959170892,149,1,0,0.9960622440790965,0.388882453225662,82.08285902650564,83.48157803964295,-217.75226546933987,0.33928337065665515,0.051287574656057676,3.1141585135619914,687010
1845,585.9981517928484,168,1,0,0.4753195465503143,0.394474807380342,69.63708656742459,70.50855350494385,-217.86702882675897,0.2810587275529369,0.05234793389570855,3.09529181321462,687178
1846,603.2861794820545,154,1,0,1.1092794796374976,0.39251634742935476,78.01223823621676,80.65788291336654,-217.92096105798498,0.09115662393099688,0.05336247689344666,3.0310769406231968,687332
1847,594.4665374911731,131,1,0,0.6665656929912811,0.3182991015699346,66.22475646652339,70.80430087606416,-219.3648458000358,0.05380628385957871,0.05373177148458612,3.018344715351367,687463
1848,594.2100323701336,123,1,0,0.9681247133279794,0.385698322765376,67.52224159240723,71.63295767559269,-219.1310775880891,-0.05402236165312248,0.0535682383470419,2.981524211604421,687586
1849,588.1329194024675,138,1,0,0.48781055144804997,0.3989175297696321,68.2743502077849,69.85234654468039,-219.24617424564084,-0.38176895723934623,0.05287253546218077,2.8701022742451103,687724
1850,621.1150438397963,177,1,0,1.0591769851335466,0.3934213427979712,63.000672453540865,65.32770463437011,-218.74256086618888,-0.23555250501649527,0.05161794508665295,2.920470371084698,687901
1851,593.6376983869225,133,1,0,1.3334323196588183,0.3905265089972155,69.8110942912281,72.90877195229207,-219.07864632283835,0.09435633379489855,0.051089927554130554,3.0317165260028123,688034
1852,468.6935268510457,127,1,0,0.235019857086759,0.3618965689413038,66.28012418371486,67.41516131303442,-219.522790863758,0.365980358838331,0.0518283735755391,3.123657496895377,688161
1853,603.558403348341,148,1,0,1.2778638570295764,0.3907563193059318,69.93506349099648,72.79167715278831,-220.30313388721362,0.09824158978723996,0.05288153861624163,3.0333354022051835,688309
1854,615.0007775411925,171,1,0,1.004441077947671,0.38850458224779644,64.12428814625879,65.02565413469459,-219.04019655818828,0.008117350744225128,0.05295642151644355,3.002711067422789,688480
1855,605.186593717445,145,1,0,1.3976963609463877,0.3907168245578177,71.93464223927465,74.90001540348447,-220.0174868879647,0.003977008420845558,0.05293747512944814,3.001337163201694,688625
1856,487.0924096623231,130,1,0,0.22274361281155708,0.2522711803715539,69.52568045396072,72.06237498063308,-220.0477048433744,-0.0313698057944958,0.0529960696800397,2.989283635066106,688755
1857,608.2534469536577,166,1,0,0.9379374384262245,0.3960489167096168,70.54791646405874,72.71398809157222,-220.360704628818,0.0670445862686239,0.05288833144109651,3.022809239755194,688921
1858,617.0264969547053,167,1,0,1.7569049711669906,0.3951739146878462,74.41205656314324,76.71088018817102,-220.8298680653829,0.06823854112696505,0.05348302624718158,3.0232290836151487,689088
1859,599.6919048713728,132,1,0,0.6874773316543643,0.38334909598553013,59.77848708268368,61.968967582240246,-220.58225539236358,0.25353272147758893,0.05377800553811319,3.0867173581412346,689220
1860,598.3417295373334,138,1,0,1.5434720300365736,0.39439067474715117,71.05438592468482,73.30857026058695,-221.03247623167175,0.11262179392835368,0.05427137759608635,3.038674959238025,689358
1861,597.3026059557569,125,1,0,1.3140205086128973,0.21287693359797033,81.68115701293945,82.63846482849121,-220.73095764160155,-0.25393291330337525,0.05429959586262703,2.912779251098633,689483
1862,596.6306165389951,127,1,0,1.4522628563317723,0.39366820888758763,70.796058985192,70.4999597654568,-221.73343219907264,-0.12136530219100591,0.05377692679368605,2.9584821941345694,689610
1863,524.4484742059753,216,1,0,0.3558233139749857,0.3975899026236814,63.78546376581545,63.06100544223079,-221.5425964638039,0.3369037709371359,0.05444952643786868,3.1155911926869995,689826
1864,595.4025046979699,133,1,0,1.3327486344949868,0.323379576495587,79.2220787464228,81.13911830930782,-221.7167147299401,0.16395303671409314,0.055571563289801874,3.0567148556386616,689959
1865,596.5823298321088,131,1,0,1.0068689618218976,0.387437418229842,71.3127350625191,72.62089537846224,-221.9148567723864,-0.006284065821869227,0.056134927022548124,2.9977455575957555,690090
1866,-3554.059819615501,600,0,0,0.24439213254811132,7.310349877739786,74.60563279310863,75.9484273703893,-221.74038309733072,0.09016164420793454,0.05620764392738541,3.031347635984421,690690
1867,483.888733124405,147,1,0,0.27509312839572114,0.38310191496526047,82.29660499987959,84.91235158881362,-221.21619607315583,0.08714742195748147,0.05817414526225758,3.0302923861004056,690837
1868,593.6271664549554,117,1,0,0.567967190320315,0.30069263912419264,65.41688990796733,66.37773063040187,-222.33475879114917,-0.2737899464356084,0.05717055327617205,2.9041634685972815,690954
1869,601.3563595045368,151,1,0,1.0407826202380277,0.3942199466791669,63.8029944691437,62.93349870467028,-222.14135044931575,-0.09810339279522169,0.05663968272359166,2.965782634469847,691105
1870,596.0015859607727,139,1,0,0.8004810840435163,0.3986310803284071,77.39403333595331,80.73068773832253,-222.2169523170526,-0.0012077243208027573,0.05650224113207069,2.9995603938754516,691244
1871,596.0408313736107,121,1,0,1.71202795768478,0.21545351523899056,59.3458271893588,62.199458744900284,-222.0307829045067,-0.047434088920266175,0.05638800810807008,2.98348641592609,691365
1872,547.1797696169064,123,1,0,0.33094109579611763,0.2746676332620915,60.63723311385488,61.31321680642725,-222.53464749964272,0.13651725774010023,0.05654855526802016,3.047507260873066,691488
1873,604.6767007127569,157,1,0,0.7282076729169698,0.399701484414055,70.68799795770342,73.94983737483905,-222.74460305377937,0.2067157418769636,0.05695046482097571,3.072201904977203,691645
1874,582.6623056318673,119,1,0,0.4828395271999555,0.23622151789850399,62.070291679446434,64.6866461489381,-223.08509749725084,0.1863132511429927,0.05808085337782107,3.065351586381928,691764
1875,545.8500441229205,149,1,0,0.343766887856475,0.3943756716441241,68.00842078420139,68.95303750518184,-222.13713391195208,0.047895486672852663,0.058416556191924436,3.0168074537443634,691913
1876,596.921955694619,129,1,0,1.2359722322525108,0.17661130441186704,65.28548333071923,66.98905565572339,-222.68429246059685,0.2309460501193769,0.05901438745763875,3.081467926040176,692042
1877,593.6443300428332,134,1,0,0.5983437568686635,0.2470992224120115,78.09052604703761,81.74862296545683,-222.63821411132812,0.08684134741883669,0.05958864951867666,3.0307252282526957,692176
1878,594.846341141514,154,1,0,0.700080979845453,0.38561084521103917,71.47310057553378,74.47161083716851,-222.417836969549,0.056419163119870344,0.05991086891138708,3.01997852635074,692330
1879,593.4586260728613,125,1,0,1.0930699422757693,0.3887287638269817,63.274711181640626,62.36172648620605,-222.6102985839844,0.07507626765966416,0.059709619760513304,3.0266192264556886,692455
1880,596.5457539758739,120,1,0,2.3786235327641796,0.2534321528846195,78.44986321131388,79.88812394936879,-223.8103867848714,0.21486384198069572,0.06033138961841663,3.0765503625075024,692575
1881,602.5798807847575,146,1,0,1.1439838384945529,0.39419429219955165,64.36594575071987,65.08043472081015,-223.96672288032428,0.16827985838259737,0.06102145067735078,3.0601964029547286,692721
1882,590.8670981583389,152,1,0,0.6717513029490447,0.3925565681849917,74.37673912550274,74.37227571638007,-224.17588836268374,-0.14329848117440155,0.06125783432569159,2.9486657083034515,692873
1883,600.2071251998207,131,1,0,1.0379813998325904,0.2715097174999733,63.155166473097474,64.48642094444682,-223.2423815545235,-0.0037247032666479357,0.06119172240941579,2.9986196310465574,693004
1884,486.76490115584636,132,1,0,0.17872964588167528,0.2691672199689728,60.554441726568975,60.104517019156255,-223.98228905417702,-0.2709583244992025,0.060622648731099835,2.9034154902804983,693136
1885,595.1986417752828,124,1,0,1.7503082945082238,0.37325005257134664,76.2593524071478,79.44854907066592,-223.74208844092584,-0.32791351112386874,0.0592265851915844,2.883841641487614,693260
1886,592.0149349960594,128,1,0,1.0240021610536238,0.31668730653865707,64.99715916067362,66.91081377863884,-224.3121292591095,0.289215687502292,0.05911556625505909,3.1022689044475555,693388
1887,595.017997242586,130,1,0,1.5087912601122264,0.38101383122553745,73.45664672851562,72.36743817696204,-223.87298067533052,0.07672453216062142,0.0599053126688187,3.027228256372305,693518
1888,606.0521767734081,219,1,0,0.3628374606456556,0.39862913661798244,71.16190159157532,74.06643640178524,-224.83701927150221,0.2582977309431796,0.06074083967295956,3.0922387430112654,693737
1889,595.7051020697406,125,1,0,1.4130422839900882,0.30507665065984724,73.46825815582275,73.36309504699707,-225.39875817871095,0.195290043592453,0.06209753543138504,3.0702343101501466,693862
1890,592.8946093624982,128,1,0,1.3801997747440398,0.3345091951496917,70.56683088839054,71.42707823216915,-224.8904970884323,-0.07585622978513129,0.06251790464739315,2.972615282982588,693990
1891,615.6915594717875,156,1,0,1.4140586613060762,0.3988526005448427,62.667145166641625,66.76566435740544,-224.2476410498986,-0.26941989018366885,0.06165689752938656,2.9032992216256948,694146
1892,-159.66523429876247,63,0,1,-0.014660101008640458,6.092168074918868,67.47609510875884,70.23640790061346,-225.15338619171627,-0.024795788029829662,0.060801429112279225,2.991107978518047,694209
1893,593.7897345683592,126,1,0,0.9566345149335853,0.39158997976719845,63.83193612477136,65.4335873013451,-225.80680508083768,-0.3499044023217663,0.06012007880896803,2.8753600782818265,694335
1894,595.4715144742273,128,1,0,0.8158716199096085,0.3116627774084891,75.52709528803825,77.22604097425938,-225.11691415309906,-0.08227406098740175,0.059236703236820176,2.9707950484007597,694463
1895,442.81699723614094,142,1,0,0.16695103819181045,0.3920557376955,67.63707707633435,67.4139037065103,-225.43834578823035,-0.029589242105123023,0.05958930875214053,2.9894568584334684,694605
1896,538.5481649848946,140,1,0,0.3633235810945359,0.1315538775519596,83.22647161483765,84.68274453026908,-225.3417594909668,-0.36355490987854344,0.058625288919678754,2.871853692190988,694745
1897,597.55833426888,392,1,0,0.6962248885560693,0.25538616909911865,71.06505422932761,73.22023004415084,-225.61644242734326,-0.07866516937406695,0.0569323517515191,2.9724285018687344,695137
1898,574.2950775208537,204,1,0,0.4845417097524971,0.34930953160600414,71.883652715122,75.47171458076028,-225.98419152054132,-0.11770359749047488,0.0569207594894311,2.9589599628074494,695341
1899,594.2354922553018,135,1,0,0.9735467856966797,0.39537895552818264,66.85307636260987,70.09574193601254,-226.4255738434968,0.1787978035432321,0.0564082830592438,3.062182163309168,695476
1900,561.3593410508815,212,1,0,0.33238631473285474,0.3968996534175896,77.71280587394283,77.96585606628994,-226.79160366418228,-0.1043814197709819,0.05642231488776094,2.963594568225573,695688
1901,352.71822075983664,124,1,0,0.06613849147986373,0.34037923827652283,70.99082703744212,71.02272640505144,-226.51425675422914,0.21221361702848826,0.056739959595424515,3.073917248556691,695812
1902,580.7413994288545,154,1,0,0.4281981223353074,0.3960767637363022,75.43265522300423,79.94959875825164,-226.82781298748858,0.14955198762382005,0.05743074651759166,3.0523077481752865,695966
1903,606.025663253507,170,1,0,1.3544505312195783,0.3967274112351764,80.28885901955998,81.46949393889483,-226.9470859303194,-0.05855267363436082,0.05780077767284478,2.9794400145025812,696136
1904,595.3740405080309,141,1,0,0.7913884910051586,0.38384455224970443,64.13051779726719,63.18245286468073,-227.15392471205257,-0.3302719972974865,0.056806787452165115,2.8847541623081723,696277
1905,596.405439898523,150,1,0,1.3603481653426108,0.388469521337676,67.98966017405192,68.32866954167685,-227.31689036051432,-0.16256376807888348,0.05592606718341509,2.943622538248698,696427
1906,595.4423358862934,119,1,0,1.128513368032341,0.2615195291570391,76.34005001613072,81.92086561186974,-227.14790292948234,0.38325958933775167,0.05611198116876498,3.132875881275209,696546
1907,563.0751254944149,136,1,0,0.3672337023313521,0.3849834437483607,74.69883502230925,78.95283509703243,-228.18064880371094,0.11057740041766972,0.05705070153207464,3.0385283512227677,696682
1908,593.4350772599195,124,1,0,1.2942090914490785,0.3927564379472923,67.86235199436065,67.4381472526058,-227.61756503197455,0.11291181896963427,0.057121148362996116,3.0394422988737784,696806
1909,615.1080322294372,167,1,0,0.5095652496938471,0.396672069376133,65.88304577330629,65.32277090106895,-228.4538217875772,0.2698077593712571,0.057861218307011145,3.094740547819766,696973
1910,599.5206154426056,132,1,0,1.0321684798314053,0.2627373545315965,74.07604863426901,72.3533001090541,-228.5797875144265,0.4723762803795663,0.05959715234172164,3.167369347630125,697105
1911,600.7853291940535,147,1,0,0.9913860677704723,0.3947574685579561,63.927227124064956,63.72989253608548,-228.34280613490515,-0.017433119367580026,0.0607858662854652,2.9937378030244997,697252
1912,536.1099766666694,177,1,0,0.35482921486012753,0.13197772286055634,65.9815455129591,67.61494807334942,-228.45997981701868,-0.4115183948418178,0.05975943216580456,2.854141048118893,697429
1913,593.8584252812343,136,1,0,0.8652926666922296,0.3410787201285541,83.2633391829098,87.32635911773232,-227.9421740139232,-0.3344980894642718,0.05776707466472598,2.8826201260089874,697565
1914,593.977258650453,125,1,0,1.288436183481589,0.36833067238097617,62.41267080688477,63.22375193786621,-228.68679907226561,-0.12229804146289826,0.05688056063652039,2.957310209274292,697690
1915,591.6748506693948,119,1,0,2.5708249459984627,0.369441718516999,82.17074189065885,84.34241704379811,-228.50907051663438,-0.22823306104215255,0.05643251322272445,2.9206037240869858,697809
1916,593.4571663567538,125,1,0,2.010311992104002,0.37953759059947306,61.439446159362795,61.9875566482544,-228.91439880371092,-0.20452143973112105,0.055674677550792695,2.92915846824646,697934
1917,585.224196706085,117,1,0,0.45910010845872906,0.15117038438565272,65.26573606637808,67.23260294270311,-228.46443906604733,-0.10805001915392713,0.055363996225035086,2.9626643005599322,698051
1918,592.1244319601496,120,1,0,1.3648466305022282,0.3624542260319087,67.17731026013692,67.89017717043559,-228.43899434407552,-0.335813552637895,0.05450729808459679,2.884514226516088,698171
1919,635.2241020159672,207,1,0,1.2132020545608926,0.3936606599437584,75.70136278493393,78.03542246795507,-228.15942854581823,-0.12787454569901247,0.05346309600604905,2.956234960740315,698378
1920,602.2283374680314,153,1,0,0.6660254633849434,0.20360694458408662,74.89858783148473,76.39404199014302,-229.65742901571437,0.1782768177830316,0.05372338359749395,3.060888178208295,698531
1921,611.0960599951349,161,1,0,1.2004709631248471,0.397450014965662,73.80136140977373,73.80912845919592,-229.77993973441747,0.227278713322019,0.05415425991049464,3.0780345416217116,698692
1922,555.1201574311715,124,1,0,0.45270362127104535,0.3800665936162726,82.27221638156522,82.40124077950755,-229.6027956316548,0.3890274957182907,0.055561563210381616,3.1344674171939975,698816
1923,587.3456096040859,144,1,0,0.522932335856129,0.3329885417743468,62.088038908110725,61.15329560968611,-228.91676214006213,0.13110548767468166,0.05633981324111422,3.045573209722837,698960
1924,601.4469947064501,183,1,0,0.6200728509117959,0.3992128250237776,70.2218197264958,70.61916866198264,-230.58764331588327,0.19289802572603434,0.057120409249607984,3.067306166789571,699143
1925,592.9171791726451,119,1,0,1.3547171362064114,0.32477382951075456,60.73276288970178,64.9683972526999,-229.06786250266708,0.3541873601742652,0.05823704349894483,3.1244693082921646,699262
1926,593.5455319135594,115,1,0,2.03265161532472,0.3581761949726656,57.91785983210025,59.07040861378545,-229.19427118716033,0.13092717285389485,0.0589694535602694,3.046243854190992,699377
1927,781.288454428672,496,1,0,0.6689151904263224,0.3980463140477415,66.75958528249494,67.18716427203148,-229.68391310784125,-0.19958522828716424,0.058275583312816674,2.929919967247594,699873
1928,595.8411594237269,125,1,0,1.174042999200413,0.3104459647569085,62.41956442260742,62.178302276611326,-228.69273095703124,0.12290074986219406,0.056607444614171984,3.0427707233428953,699998
1929,593.1052333113481,118,1,0,0.9019320645966605,0.29888902662517197,83.82398427542994,87.7602418964192,-229.99688216387216,0.06327939424979484,0.05689142742273161,3.0220390497627907,700116
1930,603.9181082529932,174,1,0,0.6380373100557962,0.38800319197822514,58.535472891796594,59.47600652979708,-230.10017605485587,0.3195037829593338,0.05781524615554974,3.1120124233180078,700290
1931,603.3279977864379,134,1,0,0.8461082168917771,0.2770367599543492,75.07409612456364,77.25749721811779,-230.13144421933302,0.08795681417877994,0.058793164706274645,3.0310075656691593,700424
1932,322.5331909087082,154,1,0,0.04659663551481519,0.3939770293859842,72.32946241676034,75.8931116624312,-230.35359152261313,0.14068434665632712,0.05922960828651081,3.049737075706581,700578
1933,592.912343860393,126,1,0,0.7179180346248831,0.3986602037248747,57.020010713546995,60.366307326725554,-230.49063485766214,0.1483430481619305,0.059682280623487065,3.0526467713098677,700704
1934,-177.0815989554295,91,0,1,-0.04867650347154273,3.9909825283562173,66.7167495056823,67.27616082704984,-230.1735145652687,0.026416914066770575,0.06030455440446571,3.00935196352529,700795
1935,605.2912756875206,161,1,0,0.7238708402533982,0.395696143095396,75.14342023719172,77.51496886022343,-231.36022844966155,-0.26946682804582284,0.05970667888011251,2.904406483869375,700956
1936,593.1008155808407,135,1,0,0.9142471729526679,0.35930688580053166,65.81104426207366,67.88461465482358,-229.894771999783,-0.3213687093169601,0.058288404207538676,2.886863182209156,701091
1937,598.3590844655088,127,1,0,1.2791412943104867,0.26377504761367804,63.924960294107755,66.40940292238251,-230.72597509669507,0.10655362299812121,0.05778668638993436,3.0373732349065343,701218
1938,609.6899967043591,151,1,0,1.943811927650278,0.38798477408913545,62.55664258919015,65.74145745915293,-230.6972578440281,0.20816874486819797,0.05871624376205419,3.0732738608556076,701369
1939,608.4025176372958,157,1,0,1.3749090506537363,0.396716329910007,62.95072053192528,66.80728406359435,-230.7468730173293,0.1147974930632456,0.059252504591539405,3.0405885763229077,701526
1940,594.2027821504718,115,1,0,1.3331026466603748,0.34968421044625275,67.87997928287672,66.80532063193944,-231.186292300017,0.02425065183121225,0.05980242733722148,3.008535681600156,701641
1941,599.1120917528967,140,1,0,1.4969850580227404,0.38971526181574756,60.926033646719794,65.03124309267317,-231.13618992396763,-0.2198779036956174,0.05938276683113405,2.9221984897341047,701781
1942,592.8755217296912,147,1,0,0.46158215352103826,0.39169935528315436,71.26569053104946,70.2732349966659,-231.65336380523888,-0.2923002128052164,0.05801177440451927,2.8972531938228476,701928
1943,605.727125508047,150,1,0,0.6551923603172081,0.3926987931890869,60.57483490626017,59.67790884653727,-231.76695912679037,0.02745372275511424,0.05740726667145888,3.0096028979619343,702078
1944,598.2765527743236,121,1,0,2.22232041677509,0.3960156632301383,66.98521209748323,69.65387911835978,-231.9866374622692,0.10360155656379609,0.057547958583132296,3.036298395188387,702199
1945,603.1590511730958,143,1,0,1.4617080739636783,0.39502650915371645,68.61466281063908,68.10301883404071,-231.549692327326,0.09996440876405556,0.058244733960478454,3.03510697738274,702342
1946,596.2775539086174,123,1,0,1.1664837999525108,0.34451770189768666,70.90320449146797,74.35703984702506,-231.16133849601437,-0.03273785607965012,0.05815618679048569,2.9884677728017173,702465
1947,596.2678069242495,146,1,0,0.7168809624583148,0.39645144140782584,66.00309270048794,68.49538839679875,-232.81955384554928,0.07665594506447446,0.058434122663042314,3.026958653371628,702611
1948,591.8159121604403,130,1,0,0.790003239748846,0.37353816025472164,64.40518106313853,67.23423422299899,-232.4819365281325,0.27263462726886456,0.05883154416313538,3.096316693379329,702741
1949,590.3787886901113,118,1,0,1.2859373833537893,0.3746240926580649,66.0894306392993,67.95155882431288,-232.97177861100536,0.03869625244100215,0.05974242602617054,3.013722264160544,702859
1950,597.0147913682939,140,1,0,1.3299935561824174,0.3980014804361353,59.214504194259646,59.81996936798096,-232.36856090000697,-0.03199733812361956,0.059641024044581825,2.9886215022632054,702999
1951,587.430677939336,113,1,0,0.5194998863695165,0.3482110023642431,68.95765742580447,71.25934285189199,-232.13063008806347,0.4129085727365671,0.060397089813399106,3.146984642585822,703112
1952,376.39552145770966,114,1,0,0.01738854607958429,0.28540454709647844,64.81421840400027,67.90903433582238,-232.73623938309518,0.10294322921126559,0.06123132121406103,3.0368613297479197,703226
1953,596.3480033076272,124,1,0,0.7618530220027171,0.20822272828360888,71.2070520693256,71.87248822950548,-232.7551425810783,0.10371603588423421,0.06194439999038173,3.0371923465882578,703350
1954,600.1014500116204,155,1,0,0.8317110690760976,0.3934803469503622,80.79129193213679,83.9975920400312,-231.91880335653983,-0.03220106618058297,0.061814350394472,2.988406962733115,703505
1955,593.9382578614137,126,1,0,0.9680801885258243,0.3856317787254862,76.28823538432046,80.21070458397033,-232.87376997205945,-0.15245448517066146,0.061473976406786174,2.9453205702796814,703631
1956,599.4694846765609,129,1,0,0.5900675235166308,0.38816949585656974,62.19232880791952,65.17374349934187,-232.87535426413365,-0.23263778791640155,0.06073716716017834,2.9169421547143033,703760
1957,508.4145156221904,187,1,0,0.35863597946993453,0.27704238305314777,64.55082868382254,65.28750553743087,-232.65703815317408,-0.09946362319636472,0.059830913708649854,2.9646480848444976,703947
1958,593.049757707453,127,1,0,0.6161603404179095,0.3489648120428085,72.68336734621543,75.68547163985846,-232.85294516255536,-0.09606083781700435,0.0593588273297614,2.9659560965740774,704074
1959,606.1383115358426,170,1,0,0.8831991600491127,0.3981421978272558,61.987446246427645,64.79659856908462,-232.83397486069623,0.33386005079921555,0.05990899312583839,3.118668868962456,704244
1960,593.2012982305858,114,1,0,0.655913432646501,0.2798027155880394,69.10909216864067,72.26921254710147,-232.4696344743695,0.12795796817201271,0.06130978272280149,3.0457795900211,704358
1961,606.1998960974431,151,1,0,0.600547597933264,0.33630515509076736,67.99084097502248,69.35390520411612,-233.08426145844112,-0.06052601327564543,0.061316904198649706,2.9782976504193237,704509
1962,592.6080235447147,124,1,0,0.7868375140387658,0.38091369921861234,64.05921064653704,64.47868047991106,-232.92253998787172,-0.08768375422204694,0.061012991433662754,2.9686317713029924,704633
1963,596.2644030387603,118,1,0,1.19890385057152,0.23951434772597488,61.782237392360884,64.28726880025056,-233.2503278053413,0.14826743361555925,0.06116792199722791,3.0529993732096785,704751
1964,512.7541245700309,130,1,0,0.26822317108133564,0.2821255149218492,57.10023483863244,57.99499633495624,-234.16431896503155,0.18548620219987172,0.061841274711948176,3.0665747440778293,704881
1965,596.8266172225306,126,1,0,1.3418954206216485,0.23394988303888437,61.618639628092446,63.00294049580892,-233.23197743249318,-0.02204090791443984,0.06223895137626973,2.992048176508101,705007
1966,575.8984090833233,127,1,0,0.4660781046836173,0.31082864835602164,60.096134426086905,62.36303057633047,-232.79844593438577,-0.04731728429869404,0.06190040833720072,2.9829453539660595,705134
1967,256.45406546537333,167,1,0,0.08846970719040148,0.3896743572995775,73.25101995182608,74.69510933881749,-233.35133562830393,-0.18543499500719374,0.0613229590841753,2.9335084546825843,705301
1968,596.2764395730767,143,1,0,0.8030407318200787,0.3304478582859282,74.93372758451875,77.41316399207481,-232.76490826373333,0.05289557854925002,0.06100374085086209,3.01889122616161,705444
1969,606.4087976521669,129,1,0,0.7982367594809707,0.12088129706665081,73.35823347402173,72.34439880903378,-233.76156178555746,0.14097942546183287,0.06142624831476877,3.050497437632361,705573
1970,593.7101620985492,113,1,0,1.0964279710201303,0.3983380751554654,65.93091335127839,65.53711089412722,-234.10868227798326,-0.24032310574455598,0.06164352483717741,2.9138178677685493,705686
1971,536.7265441777943,130,1,0,0.30311183359863586,0.3898685708107757,71.74159776247464,73.38438385449923,-233.1076656634991,-0.3237320618847242,0.060078715447049874,2.8846811276215774,705816
1972,597.4774996118305,132,1,0,0.8269938566714189,0.3942995228132208,65.65740566542654,70.45934401136456,-233.17214052604908,0.08399329300631177,0.05990500288140593,3.0297715067863464,705948
1973,590.4846044868607,124,1,0,2.732511444474383,0.394460015143366,60.156395889097645,61.2527351533213,-233.8600206682759,-0.2815397860662591,0.059458932869376674,2.9002488909229154,706072
1974,597.1788443067494,139,1,0,1.0095219727298885,0.38303707770180756,75.2619022534048,79.16642258321639,-233.63931065840686,0.2382062957387605,0.05908064348556155,3.084253407210755,706211
1975,593.2404722194877,113,1,0,0.7766888023035619,0.2901649268590103,65.72719535152468,66.25922206439803,-233.93631454062674,0.37373735584252704,0.06030145782021295,3.133138409758036,706324
1976,596.6891279985357,137,1,0,0.6045877344869826,0.3829099899220231,62.453559102803254,64.94988234025719,-234.21137087188498,-0.04933447872091384,0.06104592027237816,2.9823398259434386,706461
1977,587.1309016172603,126,1,0,0.5184485906542394,0.397690148050859,72.31589572391813,73.78497070736356,-234.2615449693468,-0.3452443387063723,0.060254263203768504,2.877006941371494,706587
1978,599.0926264778088,140,1,0,1.812270809339421,0.3999517680571507,61.40372458866664,62.94636699812753,-233.85932497297014,-0.0690809851645359,0.059541577287018296,2.975515365600586,706727
1979,601.7016786705816,149,1,0,0.7992048208890755,0.39219988120106236,72.61557229573295,74.26142865379384,-234.71797303065358,0.25640632919717155,0.059899201229114664,3.0910406848728256,706876
1980,591.2798147652989,121,1,0,1.219027933603463,0.3866475084063057,60.819370805724596,62.791992487001025,-234.57111276673876,0.17395924841446325,0.06095055884812489,3.0620782946752123,706997
1981,454.10300229707497,162,1,0,0.2635752763302034,0.38562443043229705,64.6900789708267,66.61277012177456,-235.31476969777802,0.13140585052746315,0.06159666753201573,3.0470933560971862,707159
1982,593.548482500188,119,1,0,1.455152404898946,0.39398426164338757,69.12611818714302,68.93743387590938,-234.77197073287323,0.08045920785986074,0.06195443815418652,3.0289115184495428,707278
1983,591.029024742265,115,1,0,1.717344466495069,0.3896376856420398,67.64927956954293,68.80263036644978,-235.72859470533288,-0.17009414790765098,0.06187649991201318,2.9388571594072426,707393
1984,598.7161944318107,122,1,0,0.5930181720261165,0.20601935437711194,61.08899207193343,65.22532082385705,-234.91797975633966,-0.2008397305292673,0.06116926181511801,2.928101625598845,707515
1985,595.8033675579886,127,1,0,1.4878438422897051,0.39360950152043317,67.46686551702304,70.3314630328201,-235.2198266457385,-0.1766721757759494,0.06032899761293817,2.9370271258466825,707642
1986,596.0957512074292,155,1,0,0.7857353407532292,0.386458507212633,73.05551162227508,75.11867601333125,-234.88883844191028,-0.283704057960741,0.05945011281198071,2.899504613876343,707797
1987,600.9394649301757,137,1,0,1.6952621106844834,0.38989647197783356,63.6066399803997,66.22312884783223,-235.64488298179458,0.20226112274575409,0.058905571073728756,3.07143527921969,707934
1988,598.3691044072921,159,1,0,0.8220720272867602,0.38701132248078657,59.89366777887884,62.793220316089176,-235.949211552458,0.2268942856469994,0.05985258941380483,3.080595334370931,708093
1989,599.9930522076138,136,1,0,1.0576140894691002,0.38500823521965677,70.74955400999855,70.7587561116499,-235.50191318287568,0.25980571525938373,0.061199799837434996,3.092930962057675,708229
1990,591.5730488203204,113,1,0,2.5489637781412795,0.2968820593479093,76.0059285712453,76.47815673963159,-235.56700903968473,0.279686607519346,0.06218083614928532,3.1006792245712957,708342
1991,597.2167930750574,147,1,0,0.5667854934912602,0.39814184176905904,60.9659173796777,61.520137741452174,-235.88619268508185,-0.08177550104098255,0.06243631869655888,2.9704612744908756,708489
1992,596.4564469101888,126,1,0,0.953428453710306,0.3136732466337828,71.75219926379975,75.81703904318431,-235.22667548769996,-0.3394335118373708,0.06191690322307367,2.878023838240003,708615
1993,600.6622311913811,141,1,0,1.4175998646693733,0.39901048684043294,60.62009592259184,61.27739206273505,-236.09211979859265,-0.10480389350377922,0.06082759805499239,2.962553191692271,708756
1994,564.4705883641702,113,1,0,0.4120742747152787,0.23025468456845344,68.18691619940563,69.02877209249851,-236.22719958820176,-0.09115527702116333,0.06045440343760811,2.967504786179129,708869
1995,-113.07385383344732,78,0,1,-0.017767663747232154,3.2705497722750403,57.91511236092983,59.09511710435916,-235.88211353008563,-0.17832154178848633,0.06002439997899227,2.9365788178566175,708947
1996,595.3147842278119,130,1,0,0.6774895659770666,0.29891888686104406,66.76081003042368,69.64774228609525,-236.40966198260966,0.035015895446905726,0.059802203424848044,3.0124100795158975,709077
1997,591.4232673958146,120,1,0,1.5790679726791812,0.3836342799173302,53.21870809396108,56.12257774670919,-235.90167668660482,-0.27087212602297467,0.059341954874495666,2.9039791663487753,709197
1998,595.0383177599425,130,1,0,0.7410298418974336,0.39641043829798006,57.66590617986826,59.531564829899715,-235.71371002197264,-0.4918183087729491,0.058031779499008104,2.827120909324059,709327
1999,-149.65170224492692,86,0,1,-0.0958568230085417,3.3299721248924627,61.20147109586139,61.29890749066375,-236.30355604304825,-0.03630871156793694,0.057046657904636026,2.9872906069422878,709413
2000,593.3858213941488,134,1,0,0.6378478827955685,0.3877354881872795,55.55441909049874,58.302710661247595,-236.67880465379403,0.0705800569240949,0.056941595373313815,3.0246248102899806,709547
2001,590.5370295614706,127,1,0,1.2502803953118098,0.35460855514744744,69.04554731263889,70.28441693463664,-235.1037417434332,-0.11511181878644651,0.05726392511425056,2.9597210527405027,709674
2002,595.9768010119056,132,1,0,1.0908620790456025,0.3844346721173043,64.86513371901079,65.2515637513363,-236.85828734889174,-0.1685645259973226,0.05679191761847698,2.9412765954480027,709806
2003,599.4929131016826,151,1,0,0.68164898004342,0.3967756735227025,58.47359594130358,59.8408690193631,-236.84787977610202,-0.18091185689465888,0.05588976888368461,2.937252096782457,709957
2004,591.6970884870971,122,1,0,1.0640415401470755,0.3789602385392223,66.1022952345551,66.23079057599678,-235.092538302062,-0.02630159423732367,0.055505995959287784,2.9908855410872914,710079
2005,596.2417347496979,124,1,0,0.6260811185051178,0.39562310362814085,68.39415854023349,69.91777567709646,-235.7091768326298,-0.010269022546708584,0.05542359432025302,2.996431971749952,710203
2006,567.8474392488614,126,1,0,0.4013205062883103,0.39434821577852347,62.21850495868259,64.00962781906128,-236.0080625745985,-0.02155562670576194,0.055481853525316906,2.992527405420939,710329
2007,593.536328922843,124,1,0,1.056114461648679,0.36195425695289524,67.14184428799537,70.48749187684828,-236.66104113671088,0.36292013788836136,0.055513799130435915,3.125683186515685,710453
2008,549.3371552813142,142,1,0,0.38752987867238975,0.3603781611463758,65.2967920437665,68.01026560555042,-236.370422255825,0.21114709026272027,0.05726786897006169,3.073549096013459,710595
2009,593.4303881036698,115,1,0,1.7159326125090737,0.3499072626364804,77.82326047316842,79.84937915802001,-236.71212264351223,-0.06409208599639976,0.05702588784953822,2.977532034334929,710710
2010,592.4330268772217,125,1,0,1.9236019860492783,0.39824923956564656,68.62543495941162,71.87237677001953,-236.2998604736328,-0.013542467802762985,0.057207079708576206,2.9952524490356445,710835
2011,597.2018454178932,130,1,0,1.069679088376211,0.38752652032202944,67.86009159821731,70.25850155170147,-236.3436314509465,-0.00432118082848879,0.05691869794749296,2.998455157646766,710965
2012,597.3770046447626,148,1,0,0.590630013102341,0.39994975719551473,67.50451575743186,68.90347254598463,-236.2081373060072,0.3955542062837127,0.05781517542797972,3.138762470838186,711113
2013,-194.07794690601642,61,0,1,-0.0297484832505428,5.803581790451397,80.05565340010847,81.31623127421395,-235.62367423636013,0.6186468867493458,0.05917497705973563,3.218794123071139,711174
2014,603.7931311143786,163,1,0,1.2153434774391805,0.38885949976669565,86.82191520527097,87.51819728781109,-235.40842957291866,-0.18940488783859769,0.05955650358020893,2.932876505003385,711337
2015,598.2205770637869,151,1,0,0.8713411428746556,0.3895118200972498,77.58590889608624,82.87673221360768,-236.10421752929688,-0.11988002403534406,0.058771117288150536,2.9576814885171046,711488
2016,592.5450997146331,113,1,0,1.183451713109501,0.3692502837767489,59.143052607510995,59.42522260784048,-236.57596918966917,0.19483818235782396,0.05873070096811362,3.0686803243856513,711601
2017,590.5927421547228,143,1,0,0.5104650582439496,0.3875231863682875,64.62720349451878,67.82490546219833,-235.18195881876912,-0.03402999481121143,0.059079596733713484,2.987954616546631,711744
2018,601.3010043418744,133,1,0,1.8521975084394695,0.38641724758993407,73.14102240254108,74.24696978949066,-236.5334069961892,-0.061417660346828905,0.05899955455521892,2.978274655521364,711877
2019,592.7247285685148,112,1,0,0.6561063863374915,0.3871732091498446,63.51446316071919,68.78377650465283,-237.2807949611119,0.03178218476075147,0.058815387543290854,3.0111883665834154,711989
2020,604.2461148389567,164,1,0,1.1224612972173236,0.3896205004695817,74.90916059075332,79.10957840012341,-235.655000919249,-0.13116667521890343,0.05849357040190115,2.9537834205278535,712153
2021,597.1416582324175,118,1,0,0.8786297110171912,0.26955142865958,61.75159599821446,64.98006215337979,-236.38715116856463,0.0313164846719069,0.05819722255534035,3.0109967902555304,712271
2022,589.0018740612365,145,1,0,0.5152137442886872,0.3186660386490849,67.23454741116228,68.63383539791765,-236.66752392999058,-0.33408682531323924,0.05769583616277267,2.8828893381973795,712416
2023,471.4105108815564,132,1,0,0.2252177183564501,0.3957200529036885,71.58202396739613,71.81328714977612,-236.700458873402,0.11019846926810163,0.0569644421339035,3.0384641054904824,712548
2024,597.5401879960295,118,1,0,1.0974433680139384,0.2307537810889289,74.4607739044448,76.34106522899563,-236.55462465447894,0.4509429283187551,0.05811187820666927,3.158250568276745,712666
2025,526.7253337634302,125,1,0,0.2715237954048294,0.39983083795704993,68.76636911773682,69.33518462371826,-237.27551928710938,0.19019188845157622,0.05912227323651314,3.0672212142944337,712791
2026,561.5643163792611,147,1,0,0.41180873344437674,0.39067090052733194,66.02659630937642,68.10466734568278,-236.94360102439413,-0.28030590108614795,0.05933309257740066,2.9009176289954155,712938
2027,616.2756616424805,227,1,0,0.7182473547787609,0.3985826908305865,71.5247086134251,72.47445342194142,-236.2191389982921,-0.11208493039340174,0.05786187324820636,2.96062626292527,713165
2028,602.2897430676262,139,1,0,1.198233975941371,0.39832671426612093,67.66040556379359,69.14279153535692,-236.7371865691041,-0.14950184239972408,0.05706812331466366,2.9476347878682527,713304
2029,516.1846490987422,126,1,0,0.2852165105719,0.39178677810291956,67.47516579855056,69.27497922049628,-237.22676861475384,0.12653750966170005,0.05728287917990533,3.044191631059798,713430
2030,597.1419022442485,123,1,0,1.6135557229835955,0.38703517291788214,66.75490211858983,66.8809532072486,-237.46725290189914,-0.09775433401630176,0.05731547202884666,2.965802088016417,713553
2031,-172.56381063356727,74,0,1,-0.010792334918190094,3.937680434720634,64.84967316807928,65.56123203844638,-237.5472878121041,0.15279882562321587,0.057247101958539034,3.053403992910643,713627
2032,592.6383634920239,121,1,0,1.0878819754460052,0.3837445857552,75.54151936996081,77.57916176220603,-236.1229941628196,0.021639502214745057,0.0573666294621042,3.007559683697283,713748
2033,592.3206377877186,121,1,0,1.9473623862912781,0.3982644721076866,58.78210673844519,58.34001950193043,-237.0798723205062,0.011719171435010335,0.05778942386473506,3.0040173589690657,713869
2034,601.4408565145068,130,1,0,0.6592418689313535,0.38830329125688634,63.057535853752725,63.69710335364709,-236.10171461838942,-0.27080709343919385,0.05707988091386282,2.9053892429058368,713999
2035,591.3593857940066,179,1,0,0.4337819768129558,0.39587367715377536,65.96403837470369,66.07547376408924,-236.92177679818437,0.19965377258521885,0.056883433552760654,3.0696412451440396,714178
2036,600.0471598768253,152,1,0,0.9357093654442348,0.3900050507919834,62.880881924378244,64.5634986789603,-237.4623781505384,-0.0592394239318214,0.057412906353803056,2.979255786067561,714330
2037,590.0477737650394,114,1,0,1.5274902978764668,0.3956877704296446,73.26647118518227,75.34374344139768,-236.22402485629968,0.34880198518696587,0.05758562193889367,3.1222694192016336,714444
2038,596.3813603269864,142,1,0,0.9553198882410983,0.2609491663024042,60.38191522007257,61.364145299078714,-236.94106862242793,-0.0642190948653389,0.058426702080268254,2.9773833499827855,714586
2039,338.67905786057713,143,1,0,0.16344862596895993,0.3109005844011831,60.59743794527921,64.46766750629132,-237.61815766021087,-0.24441424728586122,0.05757629160176624,2.914295828425801,714729
2040,594.37727896619,130,1,0,0.7678420735625293,0.3837089941942022,68.60912207089937,72.16202237789447,-237.32095536452073,0.2820649010917315,0.057502514381821336,3.0987904475285455,714859
2041,597.9239164960711,122,1,0,1.5874875415365128,0.39989546939080545,65.95134739797624,68.53834478190687,-236.47049025238536,0.34663656152418404,0.05890773392480905,3.122192660316092,714981
2042,602.3382206690949,132,1,0,0.810113316615732,0.39543319828872603,53.891221378788806,56.34177404461485,-238.05377729011303,0.07805055309312814,0.059352201212084656,3.02761669773044,715113
2043,595.2622465198094,130,1,0,0.7653391143926853,0.3986519946350348,50.51292920479408,50.8224487891564,-238.5433600792518,0.0832471097031465,0.059794391634372564,3.0295500700290385,715243
2044,592.314894719603,137,1,0,0.8585069331746258,0.3911698391968129,63.244133872707394,62.82176447958842,-237.82707047288434,0.19393236366827993,0.06055787314463706,3.069049997051267,715380
2045,607.2993065592018,147,1,0,1.3274537117078673,0.39805420562522353,85.84335294710536,88.09855533132747,-237.72793859365035,-0.14735489956983905,0.060500559124614106,2.9474351487192165,715527
2046,596.291682061869,122,1,0,0.5793449882684611,0.25509628990295613,71.1953341999992,73.18731275933688,-237.23112725429849,-0.08544832547424269,0.05976106611187341,2.969571701815871,715649
2047,587.5083236647373,138,1,0,0.5134547471146365,0.39760675384442895,69.55894081834434,71.10227568253227,-238.1566425268201,-0.06675488140056099,0.05979583973901859,2.9762932338576387,715787
2048,600.2669855259901,158,1,0,1.1204569954096122,0.39168802650502543,76.91657470751413,77.8151223689695,-237.89460532272918,-0.10058420163260985,0.05921188734849043,2.964340818079212,715945
2049,595.5792842597799,122,1,0,1.315944053430279,0.25932136540480116,58.22108045171519,58.735970817628456,-238.48680514976627,0.22574810720369465,0.05923393170242427,3.0799192541935403,716067
2050,591.9685323694185,123,1,0,0.7309992792091184,0.3905219706547866,71.79644612568181,72.89511585235596,-238.14008759289254,0.07931973542866667,0.060016593797420095,3.0281897773587607,716190
2051,425.77908812697535,158,1,0,0.1950933300141835,0.3908039775178068,64.53783109520054,64.96132857890069,-238.48788432833516,0.00507422057982487,0.060290670281724086,3.0017913308324693,716348
2052,593.5721426855914,128,1,0,1.3372897942562465,0.389725543809778,71.94581067562103,75.0109524577856,-238.6461707353592,-0.15301315463148057,0.060171638120664284,2.9455789513885975,716476
2053,595.5337775201414,124,1,0,1.2438323597040786,0.39413508740875114,72.643482892744,71.06063702798659,-238.61315548804498,-0.2654141924464174,0.05918036710711256,2.9060675674869167,716600
2054,505.2996735250618,133,1,0,0.2888802234144374,0.32823790546636766,61.258490225426236,61.90541585047442,-239.11429693465843,0.24718790820666722,0.0590669564006472,3.087334675896437,716733
2055,583.5705349326281,123,1,0,0.48902138101866655,0.3955007866953541,55.95483088299511,56.67775014551675,-238.25137279479483,0.10856711055810858,0.059745701075327104,3.038531937250277,716856
2056,592.9754230516462,125,1,0,1.5439530781670894,0.3940962548700739,71.48337434387207,69.8418059387207,-239.5280537109375,0.00848342651128769,0.05995167741179466,3.0030020065307617,716981
2057,592.6536422061868,114,1,0,2.704245757479415,0.3628404301696171,56.06516356217234,58.8582148300974,-238.89667243288275,-0.026906168251706844,0.06002182621312769,2.9904267557880333,717095
2058,596.6559435583524,135,1,0,0.8254367972323635,0.39726370011286927,64.94642749362522,64.49164652647795,-238.21111981427228,0.0020043948458300697,0.05997139792199488,3.0006815203913937,717230
2059,303.814904151946,132,1,0,0.003282287456601307,0.3364227319280048,59.1646922935139,59.227027690771855,-239.10842444679955,-5.9374128327225193e-05,0.05997654877490166,2.999962579120289,717362
2060,546.9660149619838,136,1,0,0.3591940815686543,0.38048098094991634,63.647158187978405,64.96080514963936,-239.1533884160659,-0.10333587100510211,0.05978739467066001,2.963307655909482,717498
2061,513.0254220082363,164,1,0,0.2501175040709578,0.3913092181106157,79.99787280036182,80.71309011738475,-238.09851390559498,-0.11389655601687548,0.05916384748387628,2.959652899242029,717662
2062,594.4951526680122,115,1,0,2.1282427556945454,0.3624732503135414,59.03874713234279,62.07054790828539,-238.5936595087466,-0.07678452662151793,0.05894542514629986,2.972878941245701,717777
2063,592.92419922527,150,1,0,0.5307177124766294,0.3877269428453342,66.96352005640665,68.00046244303385,-238.51038950602214,-0.13815174027035634,0.05853735610842705,2.9513478962580364,717927
2064,595.4680557571686,132,1,0,1.317329502171006,0.3278343486183641,64.57305860519409,66.72927318919788,-238.41888300577799,-0.5013065059302431,0.057223648143311344,2.824780847087051,718059
2065,593.6314882650714,113,1,0,1.6681358847039605,0.3029096736073365,67.9355324601705,69.06988462093658,-239.0592221960557,0.11387160542396317,0.05622158275373214,3.039543900869589,718172
2066,591.7857985413133,121,1,0,0.7189573400718289,0.39719251086293306,73.22214955731857,73.50506111018913,-238.5463435906024,0.030092119123817474,0.05661907253309715,3.0104207677289474,718293
2067,592.8864248573426,125,1,0,2.2257537811112478,0.3828360815673955,69.98136903381348,69.40683003234864,-239.19788708496094,0.06640534746646881,0.056527900099754336,3.0231149978637695,718418
2068,594.1831920603854,123,1,0,0.7700869555376757,0.39586802182362324,61.54244103470469,63.03018011697909,-238.58521314171273,0.003746961614465326,0.05663686875647646,3.0012520096166346,718541
2069,513.3927526613145,131,1,0,0.26048252683197193,0.38802759543298243,60.082216051698644,62.63019049258632,-238.872626384706,-0.006237056021016972,0.056691672652959824,2.9978143986854846,718672
2070,590.1199803692226,160,1,0,1.0202843661934347,0.3859656983092611,74.33887432813644,77.09812775850295,-239.22891674041747,0.010346226464025676,0.05687287785112858,3.003585806488991,718832
2071,499.10137214315046,131,1,0,0.19632149072822214,0.38844458591879577,68.20162686500841,69.95467675187206,-238.7880714940661,-0.20830500586569764,0.0566834814789641,2.927468363565343,718963
2072,597.0759800668461,136,1,0,1.5517878076481826,0.3968432720779337,79.20924723849578,80.90913261385525,-239.15248837190515,-0.11499750082764555,0.05561956138733555,2.960089103263967,719099
2073,588.2503856665618,111,1,0,1.3302676998720382,0.3863276228190151,70.34946842880936,73.25807677947724,-239.6284486237947,0.2246753410981582,0.055570477804353646,3.077824674211107,719210
2074,595.6546946614662,121,1,0,0.9634311650811738,0.2744421703103717,74.48208599248208,76.89942840702278,-239.38895536060176,0.25704303112897003,0.056798159521965944,3.089515327422087,719331
2075,592.7264775621335,120,1,0,1.8091439102282112,0.3946592093324225,64.9906304915746,65.68386890888215,-239.60946922302247,0.10941930225429436,0.057311008839557566,3.03826851050059,719451
2076,595.2662493817031,127,1,0,1.0990175156953428,0.39599515070228536,63.861327419130824,65.10000101224644,-239.59638280192698,0.17464345112794966,0.05806331005035423,3.0612287352404257,719578
2077,-178.77341561524582,53,0,1,-0.0344705610112494,6.970301344718066,59.28790952574532,59.994009413809145,-238.89885610904335,-0.4390709030459512,0.05794883132824358,2.8457742592073836,719631
2078,596.1346510193939,127,1,0,1.7957387063137538,0.37883898488246914,70.54581618872214,72.89689428975262,-239.91013089878354,-0.08207528114201516,0.057445230710459504,2.9712509620846728,719758
2079,163.03165420602332,138,1,0,0.029426993214243802,0.38066737329576505,65.73784096344657,65.64089889111726,-239.6316168964773,-0.25134716685051506,0.0569121579275183,2.912350348804308,719896
2080,594.8325582382752,123,1,0,0.8247918321227776,0.3992090937443306,78.19469306139442,80.49351984504762,-239.13814550880494,-0.05659150423073187,0.05613716588756902,2.9803346831624102,720019
2081,591.4578230829527,114,1,0,1.4733511527089607,0.39661448624227663,68.00241033654464,69.96930377525196,-240.21480158755654,-0.08628555140539743,0.05593588039801832,2.9700646651418587,720133
2082,594.6434359726773,137,1,0,1.1718274571552416,0.3892358409845635,70.44336497870675,71.0265350898687,-239.49512231088903,0.4589725928041187,0.05655066690740794,3.1597488744415507,720270
2083,590.8256014586083,121,1,0,0.9714379107845532,0.39341895247306086,66.78000365801094,69.2330849308613,-240.43894718895274,0.258644525993092,0.05787819756333493,3.090805700002623,720391
2084,590.685312896831,135,1,0,0.5799577182296318,0.3917399129026729,65.77013275711624,67.89673897778546,-240.59003578468605,0.1741067958926713,0.058722486788475955,3.061428612249869,720526
2085,592.7384713134559,116,1,0,1.8131443371236278,0.3954508784837578,57.14583860594651,58.369595412550304,-240.34108839363887,0.055586809404836644,0.059324552915219604,3.019662326779859,720642
2086,594.0512794372332,140,1,0,0.9547149150997878,0.3701344371037219,65.86281155177525,66.58811056273323,-239.75828901018414,-0.09229306376406125,0.059329041891864366,2.9672904917172023,720782
2087,594.8055095555376,132,1,0,0.939637645056151,0.3814253598443695,65.45245598301743,65.97574536728136,-239.1140267343232,-0.22555730751518047,0.05872025755657391,2.920460932182543,720914
2088,592.0982723867301,119,1,0,0.9736452881537546,0.36680788338105186,71.73609821736312,72.46570874863312,-240.16632426285943,-0.2734086920796823,0.05775878800689673,2.904135006816447,721033
2089,599.8451648149609,150,1,0,0.9798282073706899,0.3888600857761065,53.690706469217936,55.161087074279784,-240.01495279947918,-0.15471559803932905,0.056864014143745104,2.946007099151611,721183
2090,591.0525491732105,127,1,0,0.9082094564565176,0.3382648184409201,59.884462379095126,62.283580336983746,-240.05946085772177,-0.04451481150243226,0.05610417853307536,2.984434972597858,721310
2091,598.8184937311635,145,1,0,0.642422972871563,0.3556089737635387,68.62240044166302,72.70755586295293,-240.10525218042835,-0.5103683894564366,0.05562679318004641,2.823515137310686,721455
2092,498.9294004339587,165,1,0,0.25445757630428734,0.39485109640354504,71.27343129244717,73.38928255023379,-240.5342908454664,-0.18027879692839854,0.05394973721016537,2.9381943847193863,721620
2093,592.8934654529262,122,1,0,1.8252343564480982,0.3521673881784354,76.34953107990202,78.79342125282913,-240.4473699350826,-0.029591905014192472,0.053467200610969885,2.9898616016888226,721742
2094,520.0091502676288,600,0,0,0.5687663314124125,0.6609133947936667,63.277295819918315,64.60649034976959,-241.43777773539225,0.09687501788760225,0.054588041429718334,3.0331688153743745,722342
2095,489.51788243289917,161,1,0,0.21837535798800922,0.3957943679775228,66.73044803571997,68.53187507131825,-241.176066617788,0.2795521167008588,0.05548886519781551,3.096700683143568,722503
2096,599.9016491281935,151,1,0,0.9239758437485286,0.3864556075604219,61.99456987317824,63.73207208494477,-241.3415691047315,0.21845021428207292,0.05671217788430239,3.0760425668678537,722654
2097,593.1694005916689,118,1,0,0.7200106679585252,0.38964776875248186,55.24267577316802,56.79509954129235,-241.88362043994968,-0.11238451990283142,0.056874662195726976,2.960767970246784,722772
2098,598.0697160538607,135,1,0,1.8858647380536953,0.39348592400450494,63.770608605278866,65.67870031992594,-241.57253937897858,-0.030604889823330775,0.056923290452471485,2.989305204815335,722907
2099,595.2986430029149,160,1,0,0.6136507790670874,0.3828896675361579,57.92547986507416,59.488305217027666,-241.5881293296814,-0.03733227667398751,0.056967065366916356,2.986915710568428,723067
2100,357.8217078213508,134,1,0,0.1932167503108545,0.19196078075005166,68.02952350075566,70.95330128740909,-241.49604307715572,-0.14365619551668415,0.056238785080278096,2.9500741460430087,723201
2101,595.4786935502373,121,1,0,1.7279709147512405,0.3871121988027273,59.84967501301411,63.726252737124106,-241.75952261932625,0.09323198095826078,0.05618589864043165,3.0323120148713922,723322
2102,591.9605587189144,119,1,0,0.9694165332241207,0.3870169430321168,71.57687866787951,75.46003597323634,-242.12979074686515,-0.03528784210754543,0.05607312689183139,2.9877217577285125,723441
2103,594.4643472713481,117,1,0,1.2399747131469825,0.36220303548868077,74.29082109174158,75.51465094802727,-242.0570277026576,-0.08970597682472987,0.05607830895445286,2.968844442286043,723558
2104,591.8538110128966,116,1,0,1.144245150930593,0.38711843427052367,59.936552943854494,62.1595169593548,-242.62431953693257,-0.31744119454303693,0.05534526179062909,2.8902522942115523,723674
2105,466.93626209878306,180,1,0,0.21412023961316717,0.3211035786693579,67.6556844552358,69.96201646592883,-242.0326552497016,-0.2971613313588831,0.05434747570090824,2.8980201840400697,723854
2106,377.91492943122773,175,1,0,0.13419585260851985,0.382558501334323,60.79342842647007,62.67855258396693,-241.62604945591517,-0.5075611942367895,0.052249677096094405,2.827736861365182,724029
2107,594.2154043141259,125,1,0,2.32505170901697,0.3793043289315492,60.24251794433594,61.368196556091306,-241.68237451171876,-0.1856758849620819,0.05122274190187454,2.9375441761016847,724154
2108,591.0397522898448,110,1,0,2.6351189067387946,0.37302751165636006,78.676259951158,80.25244998064908,-242.0866098577326,-0.079492641443556,0.050481992214918135,2.973286089030179,724264
2109,461.136317353449,135,1,0,0.19861400991176925,0.39942019441003734,67.91400048291241,68.92315566451461,-240.6985777678313,-0.17117882794528097,0.05035766363143921,2.9426860332489015,724399
2110,538.4237467064062,135,1,0,0.32597532845330834,0.39362664951958415,60.99383120360198,62.81719059414334,-240.91269508644388,0.11789676480823093,0.05021434387675038,3.0394029440703214,724534
2111,569.4483363727684,149,1,0,0.4420230828403336,0.3681718739078658,60.86921003200864,62.51479865080558,-241.52565432554923,0.043363537439363914,0.050767545707073786,3.0144715933191697,724683
2112,593.3217548076052,135,1,0,1.077569228270915,0.39319747202762406,59.131216013873065,61.032816837452074,-242.03039810745804,-0.08630881458520889,0.05022025362209037,2.971060880025228,724818
2113,-244.62266065117598,52,0,1,-0.015548954855857389,7.563331824559162,57.514144512323234,56.251161135160004,-242.10264293964093,0.24273957756276315,0.050409327332790084,3.081224712041708,724870
2114,590.127544339385,113,1,0,1.2059533932589521,0.38343746551901475,54.730778753230005,59.77255108082189,-242.00580590172152,0.07136861307431111,0.050851478711166215,3.0238875815298707,724983
2115,595.1051169974548,114,1,0,0.9167435272090267,0.27782920164097485,61.069644593355946,64.52518649686847,-242.90644421493798,-0.05338912728454983,0.050508521758673486,2.9820585313596224,725097
2116,597.3884774861052,133,1,0,1.3301971192923276,0.39675038550178504,78.85783346792809,81.25159836532478,-243.0121894779062,0.0981279696737017,0.05067968757865124,3.032895201130917,725230
2117,597.6310114166306,146,1,0,1.0809090345703005,0.3930297935943649,76.63643456811775,78.56239732977463,-241.80596672998715,0.046903836783276844,0.050997167034712555,3.01575203137855,725376
2118,600.8911288553778,151,1,0,0.7084162304279755,0.394404626288764,74.7330722050951,77.88213997645094,-242.47268070448314,0.005923452225840644,0.05112374307501395,3.001957936002719,725527
2119,597.6937829490944,143,1,0,0.6418782172378383,0.3813540261512942,87.59286638406607,87.39855778967583,-240.81737523645788,0.4056182800941951,0.051832407374273644,3.136720345570491,725670
2120,593.9101579612175,111,1,0,2.0807878725873765,0.2741099872013066,63.2320238577353,63.449338904372205,-242.7852135735589,-0.07393460096539678,0.052296545322950895,2.9749039916304856,725781
2121,595.4725452493856,161,1,0,0.8933364219545004,0.39553222205560506,60.394240385256936,59.685261625680866,-242.19903981463509,0.10833670710277113,0.05269321537813785,3.0367325818316537,725942
2122,539.4390811205128,137,1,0,0.3636217823892405,0.27132478626980466,68.58750915527344,69.14592488142696,-242.6234981787466,0.20160967456924656,0.052923140843419265,3.068597583005028,726079
2123,600.1348067605817,141,1,0,1.1322142682460534,0.3907844212005391,68.59075226344115,68.64370655844398,-242.64148988115028,0.18477164087354714,0.053822849342163574,3.063106836156642,726220
2124,594.3121688128315,119,1,0,1.4001108310209005,0.37882539481755484,67.20898839806308,67.09569934235901,-241.46584903492646,-0.08813147115356781,0.053813407995871136,2.969827659991609,726339
2125,596.745256146938,133,1,0,1.6255063986893563,0.38166587642095123,61.49099078931307,61.339124887509456,-241.9605568333676,-0.23170564962284906,0.053106025617597696,2.92085297663409,726472
2126,597.9361512490825,127,1,0,1.1348992285765618,0.38681452552552104,85.96405179481806,86.40329685361367,-242.87475658026267,-0.14301343373660966,0.052877553217993006,2.9513606799869088,726599
2127,588.5001258342023,108,1,0,0.6425814308724289,0.3697004097250652,71.79769833882649,74.40854039015593,-242.82389944571037,-0.14736048356388454,0.052268782216641635,2.9500038712112993,726707
2128,440.85005016410037,140,1,0,0.1595456609100095,0.39684721640091014,62.56764847210476,61.60055278369359,-241.89369332449778,0.1640770044976047,0.05222591920090573,3.0556124891553607,726847
2129,604.9138805845975,244,1,0,1.130998867005108,0.3930349082155633,65.90958984562609,67.4407371341205,-242.15085132786484,0.11339231846915161,0.05284704318361693,3.0385266855114796,727091
2130,599.3853349088765,135,1,0,0.5802036587140567,0.39768754965770714,70.6387055432355,72.21318178530093,-242.5778784857856,0.05164983846523143,0.053516984041090364,3.017607567045424,727226
2131,604.7556293582367,157,1,0,1.1620196004232715,0.397422388455945,57.90607140777977,59.38990872984479,-242.6578753040095,0.10654139302813323,0.05372735558991219,3.0364083621152647,727383
2132,593.5052734379088,117,1,0,1.6994336717740244,0.3374819892318841,68.61364367069342,68.60871409554767,-242.1913321731437,-0.10413322594558072,0.05401037939083882,2.964308966938247,727500
2133,503.8710526928931,128,1,0,0.24301665952094453,0.39011075692398545,64.53673884272575,65.62672981619835,-242.4869645833969,-0.3042359171959106,0.053389381733722985,2.8962550330907106,727628
2134,596.9021014285008,134,1,0,1.343536461763288,0.39282157973787757,64.36162298117111,69.51897829682079,-242.62276971162254,0.2514164156155355,0.05293203281488881,3.0855723815177805,727762
2135,591.5319766769363,118,1,0,1.8521230867601357,0.36522298431586575,65.2708746538324,64.39101106837644,-242.44169952909826,-0.1581794673229678,0.0535475933387623,2.9459842564695973,727880
2136,560.1871841971491,131,1,0,0.364829915890275,0.39605446303787173,60.11428223675444,59.59520173254814,-243.28424118857347,-0.2699824957504072,0.05266322363310188,2.9082639745173564,728011
2137,520.3841676614136,173,1,0,0.30948737767639556,0.3994859538726508,66.20922304164468,69.46031852678067,-242.99106619950663,0.20485478473794944,0.05253748903643189,3.069533711913004,728184
2138,606.9103947279942,159,1,0,0.8016704871465905,0.3879658064319013,67.6233275311548,70.27166652079649,-242.9010479045364,0.2846386543937824,0.053579879116337256,3.0971827432044647,728343
2139,614.1317511880129,151,1,0,0.7980677621873362,0.39454404349541705,73.63588914808058,75.48578290118287,-243.04131908290432,-0.10326759645480983,0.05394582102531629,2.964609384536743,728494
2140,591.0340224965422,116,1,0,1.7869347901665809,0.39356008819186933,71.32238152931477,73.86472909203891,-242.75971340310986,-0.10945468755631611,0.053759211192614044,2.962555131007885,728610
2141,590.5919886810622,129,1,0,1.1696566264354722,0.394106150893799,70.41745814981387,74.00434439311655,-244.22751244833304,0.11259524454904157,0.05352514511508535,3.038462978924892,728739
2142,602.0251210989729,156,1,0,0.9472480930327687,0.3846291555651878,67.48788442367163,69.74781570067772,-243.1074536641439,-0.11323352267917915,0.053878314745349765,2.961160563505613,728895
2143,609.4380404443789,149,1,0,0.6099074543094684,0.38769738445197544,70.80718683076385,72.83792882317664,-243.11030517168493,0.07028269295224407,0.05331726667264964,3.0239763403898916,729044
2144,592.8644324976405,111,1,0,1.2523927769798706,0.32713166867733434,54.65407317393535,58.52294239697156,-243.17904195699606,0.13315408691965244,0.05364529476375193,3.0455342112360775,729155
2145,599.1787949496108,188,1,0,0.8037945483220525,0.39176444185521453,64.47505543079782,65.98305490676393,-242.97716992966673,0.14890370271267725,0.054269794196365996,3.051090670392868,729343
2146,590.8830529890519,114,1,0,1.372092721527299,0.3794360857933516,61.95461255625675,63.925877361966855,-243.18750080309417,-0.0025151540574274564,0.05477308148616239,2.9991148166489183,729457
2147,592.1320649815668,109,1,0,1.9237137698311333,0.32435106838781336,58.65296824044044,57.63044172689455,-242.05144549728533,-0.0752221140839638,0.0548105788750386,2.974096650377326,729566
2148,592.688461980693,131,1,0,0.6338117080421554,0.39952997621607633,80.61122011228372,81.70263352284904,-243.08173760567,0.1628261025966579,0.054617592880061565,3.056012033506204,729697
2149,594.9452693045876,119,1,0,0.6897160173732597,0.3973118998929731,71.54571541217194,74.37347404896713,-242.9015281100233,-0.2998235066648291,0.05459253220748501,2.896817429726865,729816
2150,564.0469369170713,148,1,0,0.36626399242723906,0.3954831183804703,65.69304425651963,67.17386079478908,-242.79605442768818,0.016461339728856408,0.05419306884947661,3.005610562659599,729964
2151,596.5796304659611,120,1,0,0.7113214273647366,0.38996340130718277,61.00492707888285,62.63716139793396,-242.66232325236004,0.09158846642822027,0.05422164329017202,3.031428275505702,730084
2152,592.5923042431348,114,1,0,1.6187878622913323,0.3586630997382156,60.55400774771707,61.96628607365123,-242.2660924008018,-0.23429842567757556,0.05436199178036891,2.919554881882249,730198
2153,597.3309364560155,144,1,0,1.2529631211901404,0.22898583869869468,68.18793427281909,68.637515174018,-242.95608245001898,-0.18743269202402896,0.05357106436147458,2.935937320192655,730342
2154,590.0692059000037,137,1,0,0.47389390273383214,0.3883948484240644,61.583752318890426,63.133463894363736,-243.19186824603673,0.2695179854648827,0.053670712005700505,3.092047477290578,730479
2155,-189.14858295702373,49,0,1,-0.028767224471055286,7.684139618865042,80.53911450444436,83.46554036043128,-243.02665212203044,0.4111463208587802,0.05418125578031248,3.1410546059511146,730528
2156,607.4302968703635,150,1,0,2.9317523553481117,0.3888909188231866,93.63387220064799,92.76082803090414,-242.56373219807944,0.12586803158124288,0.055104478349288305,3.043149824142456,730678
2157,601.6942778784797,142,1,0,0.7902139897915252,0.39598278324948083,66.96564394991162,66.61709483912293,-242.31209016182052,-0.032194850940099905,0.055016398665980557,2.988881245465346,730820
2158,589.5216204155507,108,1,0,0.7831243129142746,0.39490942453088135,66.43000217720315,66.8859458234575,-242.29493444937248,0.16754769230330432,0.0551842798444408,3.0577935156998812,730928
2159,595.5760969793814,144,1,0,0.9537593078768156,0.3846886595520553,52.33482447597716,54.34480881028705,-243.82754315270319,-0.16180912035310435,0.05510608761364387,2.9441335846980414,731072
2160,-118.89006860485223,98,0,1,-0.0018308970337899133,1.9682709598029982,72.63427278946857,70.54628583363125,-243.29969351632255,0.05623363640767579,0.054882122393773526,3.0193545818328857,731170
2161,608.7144329520717,153,1,0,1.6125311469990908,0.39877687206394197,59.195585506414275,61.597711856069125,-242.64424701765472,-0.1737664767534904,0.05497571947722653,2.9401612235050574,731323
2162,602.7080456790338,148,1,0,0.5811456688755501,0.3906046865595361,58.696707048931636,61.46509301340258,-243.9745477212442,-0.4105109357577119,0.053467034412598285,2.859610280475101,731471
2163,553.2643443749868,349,1,0,0.3989473767131215,0.3948907564394096,59.094275348849145,60.93909070689904,-243.26468608167588,-0.08461780730037173,0.05237887562772948,2.9712678340922793,731820
2164,605.1136333888375,145,1,0,2.334643732256554,0.3885129221122953,67.25686295607994,69.00317513038372,-243.30259820346174,0.19957462518379607,0.05228184004282129,3.067664491719213,731965
2165,589.520594755192,111,1,0,1.643783000274522,0.37822392143071176,70.56050746505325,75.35935852119515,-242.54432691969313,0.14737898483872414,0.05312330242212828,3.050151079624623,732076
2166,600.0099059967259,148,1,0,0.9160181268599854,0.3865922135923293,66.27759082897289,68.22413141018636,-244.1957375809953,-0.23407960344559034,0.052888581000671196,2.9203712795231795,732224
2167,591.311251276103,163,1,0,0.5227851426796393,0.3157711271530665,63.73647465735125,66.65134890386663,-243.05109325947205,-0.08457580483032882,0.05220806107290683,2.9713353262357187,732387
2168,591.9040083286518,118,1,0,2.4461280612264824,0.34794146457129965,64.92685962935626,68.33738399764239,-243.52891889669127,-0.10778198675331423,0.05197965211661185,2.963542384616399,732505
2169,545.4134958158518,137,1,0,0.3829003302644175,0.37516213626676737,58.44623883101192,61.482980846488566,-243.40995966779053,-0.10265041194366713,0.051502186342747544,2.9653525091435786,732642
2170,614.1686842295193,141,1,0,1.5446861302269,0.31768042500255683,63.85429014381788,66.86889049178319,-244.00382887387107,0.04355622291670624,0.051550589316914266,3.014657529533332,732783
2171,592.4318782232907,116,1,0,1.4045035186358652,0.3818082977822366,73.56553869411863,77.58780598640442,-243.67430982918575,-0.12046608094382903,0.0514236543777174,2.9593942124268104,732899
2172,600.8380138843868,141,1,0,0.7878376261024924,0.17573292869860477,74.8250742634983,75.09566971934433,-243.7505042975676,0.2668223182624536,0.051659817866822506,3.0899813496474677,733040
2173,595.010362980431,125,1,0,0.932206656310016,0.2891826534525033,84.38553965759277,86.0334225845337,-243.8092410888672,0.2294790647625923,0.05253658187389374,3.0778246002197265,733165
2174,596.2099797875022,132,1,0,0.9936034072842452,0.38794057823562245,69.16612593332927,68.37640239253189,-243.11158902717358,-0.12478161521368858,0.05284402604130181,2.9575669891906506,733297
2175,599.7737428127175,159,1,0,0.6785288330034893,0.38822346742305575,72.05557424917161,72.84595927352426,-243.3853662838726,-0.24277314947882914,0.051909526142309294,2.9178476828449176,733456
2176,360.077422960952,137,1,0,0.016257662959898056,0.28838693539292265,57.58268490672982,58.28370297564207,-244.13451714063214,0.0937093134398443,0.051570964501286946,3.031604580635572,733593
2177,607.4343002889523,147,1,0,1.0775931938256662,0.3915672610141547,71.9003728684925,73.16395308695682,-243.6250778509646,0.23155778431061175,0.05226142190041996,3.078382279597172,733740
2178,589.8337344109706,120,1,0,0.5433566507912354,0.3134795531488271,64.73179608186086,63.85161585013072,-243.32097129821778,0.059118596464395524,0.05289971955741445,3.0200584371884664,733860
2179,590.735679594365,116,1,0,0.9254285596304354,0.39276838484232646,59.79322754103562,61.26802645058468,-243.9262405921673,0.17513914335647535,0.05307216540878189,3.0596368662242233,733976
2180,596.0789415710253,118,1,0,1.8650657462796647,0.3897133489306841,71.37499435877396,72.01115627612097,-243.56839118569584,0.05964751093316886,0.05343087547916477,3.0203319767774164,734094
2181,644.8948424988679,208,1,0,0.6970133540374288,0.39871148696122316,77.14493298989076,79.80526639406497,-243.2922233434824,-0.06582170997101527,0.05342568322801246,2.977519092651514,734302
2182,591.1110096886991,113,1,0,1.510327887747394,0.3627429279306762,74.5573558976165,74.75441758822551,-243.3554632136252,-0.2912136541135543,0.05255198900678516,2.9008929623966724,734415
2183,596.5341548069166,123,1,0,1.4630583201124816,0.24211521524455737,76.78398311428907,78.91055770811995,-243.21430100851913,-0.33467930734036416,0.05198580065999574,2.886823332406641,734538
2184,609.0978889048178,165,1,0,1.2102617720059166,0.39809058112820805,65.24134861339222,66.47116943128181,-242.87955229788116,-0.10271427877473109,0.05146190664081862,2.96540021462874,734703
2185,593.4124529537202,123,1,0,0.6249204937313014,0.3870441633862307,60.74967136227988,61.0000666874211,-243.60820032135257,-0.24094454347481573,0.050616863085244726,2.9191936942620007,734826
2186,591.438426504349,117,1,0,1.3586133229397162,0.39004381909792546,68.69179804712279,68.09144046163966,-243.06589736286392,0.5353882014114633,0.05086002963730413,3.1797610205462856,734943
2187,595.0796040452831,120,1,0,2.1525668731966006,0.37820667991733414,64.47795341809591,67.80236981709798,-243.42876625061035,0.39498431105166676,0.052121025044471025,3.133766261736552,735063
2188,593.8403230159226,122,1,0,1.2572600420094102,0.38676671680579805,73.79701146141427,75.31000385128084,-243.8669388567815,0.3294396156933708,0.05324080186422731,3.112343364074582,735185
2189,611.6745312200844,154,1,0,2.21289321892075,0.39687399374533117,71.19647687441343,75.30869893284587,-243.87618562772676,0.4396154008950893,0.0549359665336934,3.1510654238911417,735339
2190,592.7046948074849,114,1,0,1.8031772763475327,0.34888977790172754,69.9761194346244,71.4500096053408,-243.1198919195878,0.06577962277489796,0.055513941307078325,3.0227495180933097,735453
2191,561.6879891335133,165,1,0,0.31627365097608523,0.39065980839467723,67.8266235409361,68.10506091262354,-243.8481582179214,-0.18299027924059016,0.055259972110842215,2.936761655229511,735618
2192,485.61498497196476,179,1,0,0.23899994199602048,0.38827443923636007,67.54576384688222,68.89473429205697,-244.05296922396016,-0.08835515502694599,0.054820696422674134,2.9695550303219416,735797
2193,594.9362505645577,128,1,0,1.528429455900637,0.2957479782434775,76.96148579567671,79.21333306282759,-244.48861479759216,-0.3552887538680807,0.05411337729310617,2.878245547413826,735925
2194,594.357693995729,113,1,0,1.5785096944302988,0.3588007410296164,58.72740142113339,60.10843790948918,-243.66886969372234,-0.019194522427510373,0.05333573938207289,2.9934428497753314,736038
2195,595.0924756255379,117,1,0,1.3462283260638164,0.3001148910031039,64.19767428667117,64.86229149908083,-243.69871951372195,-0.042828506893581815,0.053325756492777765,2.9853887700626993,736155
2196,609.5660770035315,159,1,0,1.414315508269984,0.39772969373411016,70.0613364153688,71.39809204797325,-243.26270577292772,-0.042297823272598616,0.05330207348807053,2.985539731739452,736314
2197,597.2374613678503,121,1,0,1.5066519662694606,0.39591237093100606,74.92645022494735,79.09968979102521,-242.91450273498032,-0.23600083269363592,0.05293016095668816,2.9197190793092584,736435
2198,468.9325136843977,289,1,0,0.6185869975076135,0.39881581056300197,61.665003697352425,63.25927528130554,-244.22169663584356,0.28112867589279444,0.05303582716668766,3.0958502036889946,736724
2199,-179.868893627386,75,0,1,-0.0029631782714379384,4.743882088682645,61.19012849171956,61.970520731608076,-244.1654921468099,0.06944572597742081,0.05439055974284808,3.0238386535644532,736799
2200,542.1755828602402,130,1,0,0.3051026919922405,0.3947276533234283,57.32824931511512,58.296162231151875,-243.76561443622296,-0.026584945189265106,0.05434725387738301,2.9908300638198853,736929
2201,603.3673710966156,152,1,0,0.5712081689572903,0.38650603989754684,70.83054552580181,70.11120971253044,-244.54439755489952,0.05442854735117994,0.054486245701187534,3.018689240279951,737081
2202,604.8653764004289,141,1,0,1.6084982009402973,0.389057962575868,78.50978574008806,77.2110331312139,-243.9509031688068,0.06606651668218856,0.05470448779932996,3.022722973045728,737222
2203,605.0816623819574,149,1,0,1.757537199727445,0.3904882362258899,66.39660616369055,68.49371514544391,-244.08601553488097,-0.15609972066427238,0.05455830655742012,2.9463130979729977,737371
2204,594.4099709688574,134,1,0,1.739586751570305,0.3860618580745479,74.73972287818567,75.95389881418713,-244.14843453933943,-0.04987943289217664,0.054218149396465784,2.9828616896672036,737505
2205,502.5647743803253,175,1,0,0.23821013795987,0.38984770265596735,73.62993030548095,74.12501960754395,-244.37766060965401,0.18516986399888993,0.054171107262372974,3.063578374045236,737680
2206,607.6980432828128,143,1,0,1.6847603330123846,0.399049220248095,73.72145944875437,74.29676525409405,-243.84756021566324,-0.09789212483105127,0.055216286617975965,2.966188714220807,737823
2207,614.2874974573272,160,1,0,0.903246518323475,0.3928319666578231,63.55360763669014,64.52380521297455,-244.2994755744934,-0.13392921881750225,0.05401875937823206,2.9539800181984903,737983
2208,593.5391317908304,118,1,0,1.3656924747856287,0.3914143494887083,52.4708773079565,53.391292733661196,-244.22892450882216,0.27511828897868174,0.054420289536148816,3.0944573434732727,738101
2209,599.2758199915509,121,1,0,1.1028713902376581,0.39622733501553364,63.110483500583115,65.13465530616193,-244.15417215646792,0.0595503850909304,0.054848112997191015,3.020493093600943,738222
2210,600.857557346811,129,1,0,1.0896484318744057,0.3899597572251103,61.94611444399338,66.55869575618773,-244.8053110995034,0.13629877977361976,0.055390954941742176,3.047038577323736,738351
2211,599.8349306584576,130,1,0,1.6363733122055615,0.38569150561908355,62.51144618254442,65.18687511590811,-244.98338059645434,0.09088676399909533,0.05572832570626186,3.031454425591689,738481
2212,600.1475483403806,144,1,0,0.985398950211809,0.38959938216780293,82.69277280569077,83.24494406249788,-243.44240962134467,-0.17295535446869004,0.05552763116752936,2.9401467690865197,738625
2213,600.4642697195054,136,1,0,2.135301349585172,0.3973478427354758,72.67850001419292,74.14210445740643,-244.51968585743623,0.17915874484049923,0.05559050667044871,3.0619312787757202,738761
2214,602.0272483646349,149,1,0,1.0020425669798958,0.3920072534274836,70.24628576496303,73.42132815418627,-243.6173708102847,-0.3348516836612417,0.05537589259395664,2.88435658672512,738910
2215,595.7260168018225,118,1,0,1.434314891555757,0.3874953419375126,56.32359648559053,56.679269426960055,-244.55897431454417,-0.16685619546195207,0.0543020036450382,2.9427355143983487,739028
2216,606.8481930131722,144,1,0,1.0391350531046366,0.39166559155993425,58.39858051803377,58.49119948678546,-244.5093700620863,-0.08649443369358778,0.05388517864048481,2.970391849676768,739172
2217,601.0170395054208,139,1,0,1.2922288281268628,0.39997353170254724,65.07000302239288,68.98131035729278,-244.53814488692248,0.08705453762261987,0.05375578970038634,3.0297646591131637,739311
2218,598.0110850754573,134,1,0,0.6819524305955847,0.39407429361080765,77.69774434815592,78.78200187967785,-244.09864374416978,0.20553131907511113,0.05417316968538868,3.0705257832114374,739445
2219,639.1620753281545,320,1,0,0.4241091349333549,0.39299364621965566,68.68426824808121,68.41704001426697,-244.25725626945496,-0.16868317914195358,0.05384869687259197,2.94218737334013,739765
2220,597.9431419522871,164,1,0,0.53799718946471,0.39996423620694194,67.13821071531714,69.49406442409608,-244.51116896838676,-0.23678991255327697,0.05302619734188405,2.9194633888035284,739929
2221,613.0027555914571,164,1,0,1.2473934104534397,0.3923287619147868,66.78401912130961,69.73230287505359,-244.73739447244785,-0.2103370325412692,0.05155366520601802,2.9288792726470203,740093
2222,601.429936947746,147,1,0,0.680068432728939,0.389605753864586,65.5013789546733,63.69669585974038,-244.89091595500506,-0.2676161254445712,0.05104480450656138,2.9100795862626057,740240
2223,593.0633288036963,119,1,0,1.2708331872675753,0.30809996659901834,71.45113484198306,69.12086113360749,-245.75267746869255,-0.17725190604809954,0.05011593788361349,2.94074979148993,740359
2224,587.1590836308194,133,1,0,0.472206192565903,0.3953583925380005,77.12910779795253,80.66767539117569,-245.09288001956796,0.3342441779498319,0.05032031086826683,3.1117991702000896,740492
2225,590.8361236714917,123,1,0,0.549563142825515,0.3902231706083396,67.78832493758783,71.18221378326416,-245.7161491828236,0.13934243456801262,0.051305065370672115,3.046802375374771,740615
2226,593.4145141646359,125,1,0,1.8789562751658386,0.38936358126247483,67.36170463562011,71.67620140075684,-245.62348596191407,0.06997439062595368,0.0514756361246109,3.023541738510132,740740
2227,661.3648455662787,219,1,0,0.7574964652280826,0.39467600824545745,66.80420334262935,69.12857866504966,-245.53217409734856,0.3154773121299945,0.05251257160687011,3.106921977648452,740959
2228,592.4440563334177,112,1,0,1.5431295347735952,0.3001064378533751,74.18100940329688,77.06751028980527,-245.69629519326347,-0.3822166246495077,0.05281184038280377,2.8700000728879655,741071
2229,602.6617219991504,134,1,0,0.6974327964514168,0.3975049369675365,71.2448052932967,76.22914820286765,-245.10302734375,0.2753905722065203,0.05248867570241885,3.0934859425274293,741205
2230,598.6983525165731,140,1,0,1.0413301990375303,0.3989108448482807,57.50517275674002,61.02445296560015,-245.59695532662528,-0.17253566964396408,0.05293170312153442,2.941301509312221,741345
2231,-156.58873729506544,80,0,1,-0.005277512886026958,4.456453869021906,63.510966217517854,65.57435376644135,-245.66959476470947,0.060557017615064976,0.05257515460252762,3.020545718073845,741425
2232,-137.13592508260314,82,0,1,-0.06335220285413706,3.2263009409211385,60.887424655076934,59.60052182034748,-244.25074656416732,0.16704036109149456,0.05283478992741283,3.0567723367272355,741507
2233,-223.9894556615103,74,0,1,-0.0337590699601078,5.577551914064736,61.788154292751,65.37844804815344,-244.57156660750107,-0.05059855698129615,0.05294732699120367,2.98276995645987,741581
2234,595.7288734425654,112,1,0,1.2055915815620895,0.234784754641711,67.07763709340777,71.06325239794594,-245.79048129490442,-0.32225048036447596,0.05265222240372428,2.890576566968645,741693
2235,533.670342321182,124,1,0,0.3725506531266696,0.33288621912296756,62.246374091794415,64.77100906064433,-246.64961427257907,-0.3144731650639686,0.05153693964764956,2.893900288689521,741817
2236,597.2033420697672,141,1,0,1.1145912664984758,0.3858235842704484,69.09532522647939,70.34603167594747,-245.3238311118268,0.07053855909629071,0.05112242040799019,3.02370741350431,741958
2237,592.8510003075493,122,1,0,0.7810044983439578,0.3920081293426786,59.65752321774842,62.47852900770844,-245.36239248807314,0.14926657092864395,0.05146269201010954,3.0503138577351803,742080
2238,567.3684364834155,129,1,0,0.40808581639542296,0.3074008340510811,68.32854930374974,73.0053508965544,-245.86419855162154,0.16612815573927045,0.05221083670739056,3.0561088591583014,742209
2239,593.1091763284819,123,1,0,2.0061011579707975,0.3503987755918308,71.8853688976629,75.26651562326323,-245.17416629946328,-0.023302059136028213,0.05221395918387708,2.9920669726239955,742332
2240,563.1923549723799,169,1,0,0.39711049908604146,0.3950963424660859,51.47980714267528,54.683065380570454,-246.22669865534857,-0.012157908425881313,0.052311433005262406,2.9958581148520023,742501
2241,621.8372133396855,180,1,0,0.5633514471611737,0.3901163302034829,84.5745495531294,88.19822522269355,-245.2739145067003,-0.10708580770426326,0.052130801085796624,2.9637709617614747,742681
2242,598.4162332810935,136,1,0,2.0330212579715043,0.38821045877204596,72.47648348527797,75.01285728286294,-245.1165937535903,-0.26475994112243983,0.05147919992861502,2.91082844488761,742817
2243,594.3364850268074,139,1,0,0.8104641287241621,0.3876523543671281,76.82312378780448,78.48509789885377,-246.4056749961359,-0.09954147863623908,0.05066936406836235,2.966605656438594,742956
2244,596.6869619650881,134,1,0,0.8712141370023184,0.3931415158976464,81.24157111324482,82.95538783429274,-245.7624683664806,0.2005579035812572,0.05072477084598435,3.067266964200717,743090
2245,581.9965328764124,155,1,0,0.4602628943738354,0.3979615141325972,65.4322801774548,66.74197824539677,-246.6267082952684,0.03258631731713972,0.050994900782262126,3.0108821345913794,743245
2246,601.2391465745023,133,1,0,0.9152964157045311,0.2036025076028301,70.88721442401857,73.73244379516831,-245.71691883058477,0.19590899062560016,0.051556934483517385,3.0660347096005776,743378
2247,592.3670146965766,139,1,0,1.821051478400194,0.39967707778605,58.47929688323316,60.08915930686237,-246.61033344954896,0.05731924682212391,0.05200919608096424,3.0193671888584714,743517
2248,590.2188324435183,116,1,0,1.4065075248136405,0.39763596684553143,59.116673666855384,60.47994967986797,-246.43698120117188,0.20050491453630143,0.052239478051919364,3.0679498047664246,743633
2249,599.6625262230875,133,1,0,1.150378196390376,0.38818573561414854,71.46152082600987,73.74195817359409,-246.82316325481673,0.26001051183145746,0.05328900619108874,3.088486121113139,743766
2250,591.1007055622584,121,1,0,0.8985803848905877,0.3771453836717838,61.765836920619996,63.30573494966365,-246.1747855194344,0.23911256860356686,0.05377246707308391,3.0818438786120455,743887
2251,595.3832589759381,129,1,0,0.9686989909406419,0.2503502309331021,64.19182043297346,65.30632594204688,-246.35372747376908,0.17936407234664112,0.054647817428028864,3.061655416045078,744016
2252,595.3573877771007,158,1,0,1.691769998055758,0.3803850970917864,68.0641472490528,71.29233657257467,-246.69309002840066,-0.0477697370055167,0.054798265211755716,2.9835138185114802,744174
2253,599.6140232225548,145,1,0,0.8008254152606227,0.26068215581665866,64.05874808738972,68.19851516855174,-246.70094015187232,0.11476730532173453,0.05483792742778515,3.0395216366340376,744319
2254,602.8477313598614,158,1,0,1.2154340115582325,0.37228256683228717,80.36489221717738,82.93593981296202,-246.60962358305727,-0.03046505938319466,0.0551390290920493,2.9894511126264742,744477
2255,550.8789664185874,156,1,0,0.32580345386347864,0.3929170782012881,70.1859221519568,71.5100687100337,-246.56948118943436,-0.27358137713506436,0.054576426720580995,2.905935070453546,744633
2256,546.3057740998192,121,1,0,0.34043299753521916,0.3388197607537621,71.67015420897933,73.69633673045261,-247.5070612883765,-0.06619102858037741,0.05356760393858941,2.9772938854438213,744754
2257,603.8933043404998,151,1,0,0.591802119138934,0.3950979276619295,79.68141722521246,78.83119950705017,-246.53547415828072,0.052296541976612924,0.05379825551679592,3.017882929732468,744905
2258,-170.69075851871608,57,0,1,-0.062164327806898734,6.356094983885396,80.35904362327175,79.06904705783776,-246.80603696588884,0.023482665484934523,0.053972864752275904,3.00802869545786,744962
2259,596.6663027524694,133,1,0,0.7386424111164943,0.385389476832269,71.73758417860905,73.46091109827945,-247.4708876072016,0.13862461649945804,0.0542095070214648,3.047526160577186,745095
2260,589.9599713677724,111,1,0,2.3317904676094625,0.376075072447754,82.69855684847445,84.52354575492241,-247.64259434605503,-0.35149433846409256,0.054075836631897335,2.879550164884275,745206
2261,594.823270990653,118,1,0,1.2629164147589595,0.26168041688060234,66.28480269545216,68.08192683074434,-247.57873845504503,-0.12413299077395666,0.05304941576037366,2.957635824963198,745324
2262,593.7242103151654,115,1,0,0.8898818759696101,0.30161487210881055,75.21234460913617,75.1886661944182,-247.39300590183424,-0.10915238559246063,0.052865675707226216,2.9628624501435654,745439
2263,593.4762524745445,131,1,0,1.0435384498499891,0.3278315721817207,65.3612681381575,69.33478837340843,-247.1760716329094,-0.1777376649716428,0.052390931273689705,2.9397126408933683,745570
2264,595.8256322167181,115,1,0,1.6630666454321013,0.28301103754520923,64.11830930295199,64.31042120560356,-247.15293539296025,0.09297351723779802,0.05205199122428894,3.0314623148544975,745685
2265,593.3695481118212,110,1,0,1.0052648291394188,0.3932045083902994,80.49089532331986,79.86041982824152,-247.3698041048917,0.608421614529057,0.05309017920358614,3.2071857539090245,745795
2266,547.1253309329627,127,1,0,0.32603799716278614,0.3967745692990457,66.5807070619478,66.31225317857397,-247.68751910352333,0.1586629606959388,0.054475693046812,3.0544329665777252,745922
2267,597.5555845151029,137,1,0,1.6573940203880326,0.2991344573911767,67.67673355993563,68.31483335564606,-247.6404659521841,-0.13762671288347592,0.05436867834442723,2.9527113942334253,746059
2268,592.6347497334989,115,1,0,2.9194831945788398,0.39430588078348444,61.347239278710404,61.251766130198604,-247.37231233016306,-0.033603999083456786,0.05412448732101399,2.98846407973248,746174
2269,600.6392645306398,148,1,0,1.1176673731202884,0.3975696490085606,76.81482884690568,76.51436506090937,-247.767336768073,0.03854861201064007,0.05381475059265221,3.013173248316791,746322
2270,599.3220992654883,142,1,0,1.2241531788757107,0.38678136900026217,79.32593610253133,82.59254775248783,-248.11343534227828,-0.07267621122825314,0.054077989251261026,2.9750761314177177,746464
2271,594.6709842665209,117,1,0,1.421620214395409,0.27735914741551454,65.16431022709251,66.10771443293645,-248.07986984905014,-0.21537656305182692,0.05357287766841742,2.9263983628688712,746581
2272,280.3488130721157,180,1,0,0.060658711899993945,0.3902870786804608,65.46809345351325,67.23197114732531,-247.34216334025066,0.07624665701554881,0.053280761858655344,3.025997776455349,746761
2273,592.1134245437504,114,1,0,0.7344328264416566,0.381019025640327,54.282916010471816,55.129305596937215,-248.31185939855743,0.09660118391835376,0.05379318119141094,3.0330156966259607,746875
2274,576.3325152468963,133,1,0,0.3790575953648153,0.39306606774466507,61.727032475005416,63.79018764926079,-247.35892652927484,-0.11134327586768265,0.05385318364864005,2.96187030283132,747008
2275,599.1361790658865,136,1,0,1.459874827029652,0.39845405423308144,70.25705610303318,73.16179427679847,-247.9469545027789,0.2572401120491764,0.05361269502078786,3.087989989448996,747144
2276,382.8870259103299,152,1,0,0.06470633217782551,0.39750615457382205,73.15175352598492,74.71952460314098,-248.3143038498728,0.13206560098517098,0.05456652631983161,3.0454226842052057,747296
2277,605.6264407788926,130,1,0,0.8203873759536057,0.3922871364241152,62.218327654325044,64.65756017244779,-247.6834233210637,0.4117638765905912,0.05575166290196089,3.1424398183822633,747426
2278,598.890536237094,121,1,0,1.424474038265675,0.19699504914622495,75.22632334054994,75.43036984215098,-247.93898716445796,-0.023228729436220216,0.05634523780385325,2.9919010863816444,747547
2279,587.9880732229392,134,1,0,0.5216382856174457,0.38676725569698844,70.79097982662827,71.21221988592575,-247.7938020620773,0.029307097391183697,0.056271317011829636,3.0101772173127133,747681
2280,601.6364538058414,154,1,0,0.97516591573381,0.3934808697994606,74.30373194929841,75.37944798036055,-248.0635709886427,-0.13249877296001106,0.05644659947168518,2.9539384470357524,747835
2281,542.7570030936663,125,1,0,0.35589582899305294,0.1382695923291009,65.36327828979492,67.64945596313477,-248.2863104248047,-0.3851451499462128,0.05510215392708778,2.8669044589996338,747960
2282,596.8187053589736,153,1,0,0.8819219372434164,0.3795631150673256,58.09416945463692,59.96059126012466,-247.97998106713388,-0.18117698936972743,0.05421244272706555,2.9378107482311773,748113
2283,591.5285305900261,122,1,0,1.1360719781200799,0.37722245519288633,72.14311182303507,72.71033393359575,-247.74036707643603,-0.047398718196104785,0.053791450794603006,2.983771421870247,748235
2284,613.3128594458195,143,1,0,1.2011211889733704,0.3913198713396549,58.07935560666598,61.15102233753338,-248.15660927512428,0.03530301406354337,0.053466677561506526,3.012037632348654,748378
2285,593.2882407640373,131,1,0,0.5217302645396575,0.3921199012152342,77.18880247159768,77.88928759917049,-248.62283523210132,0.1532052474963756,0.05416746312425337,3.0524780331677155,748509
2286,593.1338597663917,113,1,0,1.9481733099185228,0.393834647006549,78.22601600241872,76.93741812748192,-247.53789500008642,-0.11671651281680154,0.054220586388775735,2.959957519463733,748622
2287,594.7976468398083,124,1,0,0.7115633477529577,0.2693418309544657,68.05084067775357,70.29206828917226,-248.53175723168158,0.06970754145614562,0.05409251147460553,3.0238793742272163,748746
2288,-136.3776017336105,65,0,1,-0.015673876978585743,4.871430213848355,68.76077471513014,76.00493991558369,-248.76300260103665,0.20921333096921443,0.05437577859713481,3.071837641642644,748811
2289,601.9263309311051,183,1,0,0.5533825383610452,0.39322111478241056,78.85734697248115,79.43328061129877,-248.0815406340719,-0.06858145866970547,0.0545510863427256,2.976407122742283,748994
2290,595.6174192403149,128,1,0,1.4887771049677407,0.32064905734304994,72.74514156579971,75.88177258521318,-247.98159766197205,-0.16407729750790168,0.054032121144700795,2.9437719974666834,749122
2291,598.9778131305536,132,1,0,1.278580275140775,0.39127818422915606,68.3382254224835,68.42528202316977,-248.25109250617749,-0.4369042104279453,0.05298981482558178,2.8512593887069007,749254
2292,593.4225169139885,150,1,0,1.5360145685042248,0.39056836449836624,61.71713524500529,63.15242603302002,-248.87666605631512,-0.17420343011617662,0.051579085141420365,2.9410855531692506,749404
2293,603.1657082955192,123,1,0,1.2097456434847684,0.1261330462038787,82.10377456696052,85.993359930147,-248.2814544429624,0.19124628570142801,0.05169519851726245,3.0645368855173993,749527
2294,599.4628027153252,137,1,0,1.0319525412042538,0.3876892606980826,67.41653719435644,71.08047784679998,-248.30514905052465,0.019537873430191165,0.052030278356188404,3.006604721946438,749664
2295,598.484216951879,146,1,0,1.1079385293815156,0.3904908203677717,75.609869042488,78.37446807181999,-248.08923172624145,0.3814275919472518,0.05283623448994062,3.1296160204769814,749810
2296,586.4099796547522,128,1,0,0.525410570618938,0.39702825113217954,69.24300265312195,71.06751235574484,-249.1444057226181,0.09733320734812878,0.053651258669560775,3.0332643277943134,749938
2297,594.9215792138425,124,1,0,1.7219587218782866,0.302780801672059,74.45370612605926,78.58515200307292,-248.0610142369424,-0.04789434960712829,0.053857995347390254,2.983596021129239,750062
2298,595.2042877353156,136,1,0,0.5882633427721591,0.3299836133066301,70.76142138593337,71.31337069062626,-248.60515975952148,0.02758366910412031,0.05364431339480421,3.009408289895338,750198
2299,603.7431987344581,144,1,0,0.8657395353204926,0.38566111549879584,66.19274116224713,68.83361666732364,-248.5324821472168,-0.17057837820094493,0.053582254978310734,2.9417166345649295,750342
2300,595.2042732865234,139,1,0,1.1554724752481493,0.36405356051375637,84.82727754716393,86.06013739194802,-248.20476449650826,-0.30983985427150623,0.05269151076460056,2.894710125683023,750481
2301,598.1351597040907,131,1,0,1.7852283885136764,0.18514977043065622,71.74097410595144,73.65709463512624,-248.22916429825412,-0.2942881488902423,0.05186452605683385,2.9006659420391987,750612
2302,595.4364850130453,129,1,0,1.041378047901691,0.30578355555817827,60.44930010063704,63.98289176290349,-248.71965819366218,-0.2929890401257101,0.05063488605872605,2.9017293675001277,750741
2303,-260.2172015074332,82,0,1,-0.03030181293317391,5.323517684816746,70.72694969177246,74.28382671170118,-248.4993358705102,0.2723532573478978,0.05057011244863999,3.091088396746938,750823
2304,593.9282737145479,121,1,0,0.9452734743820675,0.3929304872351963,75.65729970380295,78.18049605030659,-248.97199495173683,-0.16475318523108468,0.050474987850208916,2.9448133381930264,750944
2305,596.2468080033065,128,1,0,1.6386330488025764,0.3829099604475665,69.01763901114464,71.09817171096802,-248.48047018051147,0.31100805327878334,0.050501731398981065,3.104241631925106,751072
2306,596.0273869331089,121,1,0,1.2750665853128211,0.2460608866795672,74.76306223278203,77.1167545870316,-248.6076665200478,0.2897678290393727,0.0516727541165411,3.0977018056822216,751193
2307,598.5973022513787,163,1,0,0.968305919388678,0.3560486532522401,77.47904956560194,80.50642496237725,-248.12491368954898,0.26363432421091876,0.052420036238761035,3.0894538493244195,751356
2308,606.5747972743841,161,1,0,0.5921285905130764,0.39827407836564377,77.07943663389787,77.81821237883953,-248.8260498046875,-0.28416039167631485,0.05274634033163882,2.9034734335004915,751517
2309,595.3606144819366,118,1,0,1.3695326985435705,0.2661139314667965,73.0691870188309,73.85392322378644,-248.1779653258243,-0.4394553314452454,0.051451323332928,2.8518290418689536,751635
2310,595.4747582302126,141,1,0,0.8708845662745782,0.3886845345067706,70.5722704948263,72.48434304852857,-248.21027130776264,0.039469132900026675,0.050581935872422885,3.0131997994497315,751776
2311,596.8310111066427,126,1,0,0.8375393460842848,0.23637205889143123,82.64948028231424,86.01325416564941,-248.68616085960753,0.19238757921589744,0.05133535219208589,3.0646602974997625,751902
2312,612.3952813117594,158,1,0,0.7199110710725394,0.39660893249658025,80.25358166272127,82.8621604050262,-249.31579502926598,-0.08288967236876488,0.05138435037924519,2.97207526013821,752060
2313,598.3736644889852,132,1,0,1.4803601843558305,0.38978566551288596,66.81798631494695,64.94400398658983,-248.07923091541636,0.05791078553055272,0.05102152710385395,3.0194478901949795,752192
2314,591.2456727923606,113,1,0,0.8791813031815615,0.37384248403175974,81.60308758558425,84.23184954381622,-247.59676354332308,0.29501124454942423,0.05171332027004883,3.099545423963429,752305
2315,255.775864656839,142,1,0,0.003296373839373312,0.38758100124881273,78.09057767626265,79.76056039837044,-248.94648710438904,-0.056198284134898385,0.051954544923255144,2.9809649360012003,752447
2316,593.7778248634563,136,1,0,1.4302857772843178,0.37813026248768056,74.17797148227692,73.6599822254742,-249.25904453501983,0.1861483006299857,0.052280172486515605,3.0630146107252907,752583
2317,587.9920276115027,128,1,0,0.5485812529328593,0.29061465863299213,65.25864811986685,68.20504230260849,-249.415829539299,-0.1225403321441263,0.05241734875016846,2.9584328923374414,752711
2318,596.5615365184287,131,1,0,1.023984644183491,0.3781857437939177,69.00821672687094,70.29537722172628,-249.270894407316,-0.07156910221199043,0.05211712789672022,2.975766263845313,752842
2319,592.4758032680718,115,1,0,1.8753571698849951,0.317586967617539,62.75729854417884,66.3643369011257,-249.80132141113282,-0.03698907290463862,0.05187073813184448,2.9874844530354374,752957
2320,595.1556697899937,118,1,0,1.0841996395402833,0.3109228402585483,73.36617717096361,76.13770164877681,-248.6409728486659,-0.031887093022213146,0.051592657784536734,2.989193314212864,753075
2321,594.2075363485802,129,1,0,1.7959673091401887,0.39388511040307583,62.966847205346866,64.47365142023841,-248.90703304793485,0.25108354062188504,0.05223093721871228,3.08493842080582,753204
2322,597.65353422168,135,1,0,1.2077219382331517,0.2699863433647623,78.28875893486871,80.04996893847431,-248.6311117666739,-0.27252401814416605,0.05222079028133993,2.907721107977408,753339
2323,595.460392435104,149,1,0,0.7395730580123994,0.3259331428766111,54.413565309255716,56.88498161623142,-249.08784372214504,-0.25473722295473084,0.051121962750518085,2.9142695481345156,753488
2324,596.6637547149817,116,1,0,0.977365951496681,0.25897158328393344,65.16722100356529,68.55302813135344,-248.96514471646012,0.2287346610863661,0.0509781042948879,3.0768204495824616,753604
2325,593.130211088951,128,1,0,1.110008691335341,0.3920810529889435,63.60335032641888,63.52765588462353,-249.0606713294983,0.12227975667337887,0.051427779224468395,3.0412027444690466,753732
2326,597.7819297766791,126,1,0,1.080736371420479,0.26400951803545375,71.96546824773152,73.34677354116289,-249.72047387985955,-0.07901878323819903,0.051669179121889765,2.9732993727638606,753858
2327,584.1051237005025,119,1,0,0.506511915361807,0.3657007333617832,61.484209589597555,64.67166701885833,-249.00213148613938,0.05551428930098269,0.051519756181901244,3.018689452099199,753977
2328,556.7916684783406,175,1,0,0.3211562893682248,0.3996796825427767,46.216873027256554,47.00021070207868,-250.07496861049108,-0.13908574932387896,0.05121467724442482,2.9531372479030065,754152
2329,597.2496513100674,134,1,0,1.3325138697219536,0.38109490217130654,58.312749876904846,57.48217171341626,-249.464745364972,-0.026759357566931354,0.05092546557868594,2.99098124077071,754286
2330,624.0126564540684,199,1,0,0.5204484298923548,0.3956051905273723,67.35623623258505,68.70722225802628,-249.32757215643647,-0.16495633400489937,0.05054855784728898,2.944725998681993,754485
2331,595.4838743021688,116,1,0,1.2789067466088317,0.1570545573970548,61.94453124342294,62.31638877967308,-250.43178492578966,0.31144267567915135,0.05034619235786898,3.104262425981719,754601
2332,604.3816100795368,137,1,0,1.2304138733487129,0.38749468186125585,59.59920224656154,61.12059645409131,-250.2843849571952,0.12144120614023975,0.05116136736460846,3.040832980705874,754738
2333,595.4778359248451,118,1,0,0.852381883431889,0.3033905679295799,68.57007967415502,69.0946774482727,-249.88680228540454,-0.08812593441393415,0.051339032096883,2.9703186406927595,754856
2334,599.5273512411279,119,1,0,1.4085528051479619,0.17358677873869036,63.96847048527052,64.06695654412277,-250.52071015173647,-0.06475774577560545,0.05105382992940791,2.978218817911228,754975
2335,599.5847037915164,128,1,0,1.0559446223945725,0.21768659302719054,75.14566788077354,76.66244143992662,-249.68758344650269,0.052546693448675796,0.051208183605922386,3.0176234021782875,755103
2336,592.6817061204945,119,1,0,1.300589379673375,0.34371444698043935,67.69154071807861,67.64353655165985,-249.9814792921563,-0.012449277580535713,0.05119148400776526,2.9958034262937656,755222
2337,595.823704570653,117,1,0,1.0435940250788325,0.29281345394838815,62.21259178259434,63.69905685359596,-249.8780016776843,-0.11680193716644222,0.05089887734661754,2.96075716181698,755339
2338,593.180049179245,121,1,0,0.8411795018312134,0.38090749283895214,72.04134387024177,70.87889858119743,-250.26542524857953,0.17110121551870314,0.05100142315399548,3.0574778012992923,755460
2339,597.1625193623513,129,1,0,0.9979641887859293,0.2064585909172553,68.26920687505441,68.96252164914627,-250.22436795493428,-0.1980293687115344,0.05095792102605798,2.9334491925646167,755589
2340,593.6873619316736,116,1,0,1.3950777877289475,0.3757604869565864,67.3046852226915,65.68333365999419,-249.92463460461846,0.2060365629350317,0.05067101079199848,3.069144840898185,755705
2341,599.3359024719225,115,1,0,2.9481478159460437,0.16944410530599135,57.75780045882515,61.71216409932012,-250.52869289232336,0.06208051546760227,0.0513787965087787,3.0208426682845406,755820
2342,595.3983355514998,119,1,0,1.0103239926839767,0.2916520728452966,56.195032857045405,57.909969746565615,-249.88202968565355,-0.07806821887483116,0.051537979362892505,2.973661975700314,755939
2343,594.9329024080063,141,1,0,1.6608189140521659,0.34019482932637296,65.29976762271096,67.94972142429216,-251.25684697577293,-0.31506584497525336,0.05061054623401757,2.8943325932144273,756080
2344,595.4059896597356,127,1,0,2.360897416083222,0.26974427543183005,56.8568658453273,55.15315634059155,-250.8728546382874,-0.35548465628558257,0.049664917218638215,2.8816671183728797,756207
2345,596.3735406908128,127,1,0,1.5867616048451303,0.30568940765833824,65.4034854032862,67.31006731198529,-250.49096775805856,-0.27562735605192934,0.04855772110772884,2.908869525579017,756334
2346,489.31046608529084,148,1,0,0.32202974888654723,0.38041589719801927,63.89910792015694,64.63562386744731,-250.76726707252297,-0.08349514254242987,0.04789976257126074,2.9724761134869344,756482
2347,594.7932630090555,112,1,0,1.7705912699625936,0.2493585757476748,73.0181839976992,74.21062798159463,-251.48087855747767,0.3524413727489965,0.04814468304227505,3.11618786411626,756594
2348,547.8097927203913,136,1,0,0.37480055587338146,0.2924398944442902,72.25602216580334,73.23503059499404,-250.4719564774457,-0.04279977863873629,0.048796808703199905,2.9858022104291355,756730
2349,600.867993443412,124,1,0,1.961990441551921,0.16094299103682716,66.38049794781593,67.50844296332329,-250.5327993823636,-0.16172314142327635,0.04852807623965125,2.9465789621876133,756854
2350,600.2569960354231,117,1,0,1.0017170855803939,0.06166228115304643,67.16501017513438,68.79727485852364,-249.76787417159122,-0.21065242655384234,0.04783670505524701,2.930668625057253,756971
2351,574.9591108043578,133,1,0,0.4419775102172092,0.3813550626456919,55.39301354544504,55.15369383016027,-250.30549598636483,0.2990069036981217,0.04801953561548004,3.0984084140089223,757104
2352,593.757414988498,120,1,0,0.8279045277665404,0.38760201538832767,67.48542876243592,67.90505004723867,-251.01140225728352,0.15255500183751186,0.048681601074834664,3.0504460632801056,757224
2353,-194.01912163677332,64,0,1,-0.020031240017047147,6.762146513124303,66.07007578015327,65.69046917557716,-251.00699305534363,0.23166097450302914,0.04897285351762548,3.0768142119050026,757288
2354,591.8706175353952,132,1,0,0.9331863411851871,0.32771259246941364,64.05413569826068,65.28270376089847,-250.36900121515447,0.03843451584830428,0.04939418088531855,3.0127546227339543,757420
2355,575.0398131019795,112,1,0,0.42855189265065186,0.357513300079126,64.79952231475285,66.83975813218525,-250.53641441890173,0.1377363412507943,0.049526226141356995,3.045806727239064,757532
2356,599.4236458337043,136,1,0,0.6312416388908169,0.3961701042260203,67.60068361899432,67.66707940662609,-250.28233382281135,0.05353091796860099,0.04998041886617156,3.0178228827083813,757668
2357,327.04050298710104,158,1,0,0.17773453585833643,0.3982877731851151,78.4117683036418,79.91967369634894,-250.7340978308569,-0.02243700573998916,0.04993479906380931,2.992478418953811,757826
2358,597.7691625797817,128,1,0,0.7286259585246082,0.23260715183779584,76.51176422834396,78.36791089177132,-249.89849293231964,-0.1314164892246481,0.04968433588510379,2.9561540745198727,757954
2359,-190.51627208031047,53,0,1,-0.001565428359302956,6.863496130623645,43.70679337123655,42.15861721758573,-251.27515483352374,0.09043568871774764,0.049441601940483415,3.030075918953374,758007
2360,597.5897113406523,127,1,0,1.5071672726712997,0.3922235744996491,80.43395429896557,81.77444091556579,-250.49011314572311,0.003666627213476211,0.04967612447583769,3.0011993224226585,758134
2361,598.5986106849214,123,1,0,0.673806871239434,0.22578354142217513,54.8593367832463,57.63770170134257,-250.76490076576792,-0.12050336032984703,0.04946680333677346,2.959919613551318,758257
2362,593.6810363799159,131,1,0,0.6558342749391161,0.33253613354501993,67.22602387057006,70.64149116923791,-251.47150065880695,-0.015467067995599208,0.049217366250871704,2.994821381022912,758388
2363,595.8808233414322,140,1,0,1.0640105685993244,0.22011013001342386,69.47995809146336,69.5624118396214,-250.95617152622768,0.018718964393649784,0.04920174051076174,3.006192192009517,758528
2364,601.1837986856754,162,1,0,0.57720326527336,0.38197407677932593,60.63667649987303,59.40621368384656,-251.37352771523558,-0.05737955095591368,0.04894909757062977,2.9809375942489247,758690
2365,590.9057655762941,124,1,0,0.49233027704517734,0.219043615317196,53.54294648478108,54.07512258714245,-252.137455109627,0.23488955058517955,0.049196240221781116,3.077993675585716,758814
2366,599.4288750200968,152,1,0,1.2476413531454729,0.39649816108385,63.647284752444214,66.56111653227555,-251.32275852404143,-0.14790404286529674,0.049551419717700856,2.950801797603306,758966
2367,-129.76043962220797,80,0,1,-0.08728964711819165,3.2609333743206705,54.041259384155275,53.60989716053009,-251.2526529312134,0.0908452920615673,0.049184081889688966,3.030152028799057,759046
2368,474.7201823966727,130,1,0,0.22634941855432178,0.33435357555891837,57.10123614531297,59.3284714111915,-251.80096236008865,0.03070625334691543,0.04928780498986061,3.010193806428176,759176
2369,596.5229582296499,113,1,0,0.5846052772132112,0.16120358513327038,67.55209005406472,68.37623776798755,-250.46367462968405,0.09558637275368767,0.0495202800143609,3.031800947358123,759289
2370,601.6781789671961,157,1,0,1.0305495417444146,0.38766804894490525,76.38208695429906,74.64467190785014,-251.32295450587182,0.14698371140488015,0.04992375760131581,3.049038764018162,759446
2371,599.50463705813,118,1,0,0.9763893717076016,0.2391954507021515,67.6958367501275,67.68991602073281,-252.16722430213022,0.15807735793671365,0.05053639203562575,3.052927114195743,759564
2372,593.9100650042867,134,1,0,1.046999803348939,0.3958494832430177,78.69873306644497,79.8898079715558,-251.02687129689687,0.21211395618408474,0.0512028843331248,3.071287055513752,759698
2373,602.507421866818,124,1,0,1.296757285268166,0.07017262789450204,64.09150468149492,65.3403553116706,-252.23972628193516,0.019047737241752686,0.05141992836950287,3.006401965695043,759822
2374,594.9029934632397,136,1,0,0.6319958633660829,0.38476908483179506,77.00549603911007,78.1030180945116,-251.94955612631406,-0.03485483196837937,0.05147273485165309,2.98822844729704,759958
2375,593.9124993476139,127,1,0,1.1588351289400878,0.35375877642991704,75.11012983697606,75.02107186204805,-251.75485794187531,0.015512418383219111,0.05156947725166486,3.0052060836882104,760085
2376,602.1911583851053,137,1,0,1.216955505044951,0.24278815957025496,76.27698372750386,77.30313319185355,-251.73224422705434,0.04851320141205823,0.051633995950874624,3.0163509723913933,760222
2377,599.6453004805402,130,1,0,1.8887202127758187,0.20618843284020114,73.51995988258949,74.29812158437876,-252.31319885253907,-0.11019170413223597,0.05161121802834364,2.9628191617818977,760352
2378,600.1410634262157,121,1,0,0.943486357604566,0.15876659159944137,64.17280026112707,65.38830846991421,-253.12125024716715,-0.2813323429854941,0.050976245548606906,2.9055147663620877,760473
2379,596.1885879906642,114,1,0,1.3479709898508045,0.24317411051311266,62.112583001454674,61.18728303072746,-252.2599334716797,0.11870685526937769,0.05060092356513467,3.039757076062654,760587
2380,601.8602061449819,140,1,0,1.2228350445773213,0.3884435324207703,67.91600471224103,68.13644629887172,-253.02317875453403,0.4335157088935375,0.05123935634536403,3.1460683618273055,760727
2381,594.4715543575257,124,1,0,1.5903761324696428,0.2937457209911554,67.5077340372147,66.95495895416506,-252.58036558089717,0.16225838513984794,0.05272339155236559,3.055062490124856,760851
2382,596.0152801336151,142,1,0,0.6932477456221251,0.39316832886723774,60.004156152967,61.825918103607606,-252.21391973361162,-0.05458808435835469,0.052920846976864507,2.9814237423346075,760993
2383,598.7853923646692,121,1,0,1.1898263016344757,0.1587076410180897,67.56788260877624,68.69545685161243,-253.07567918005068,-0.280532108758353,0.05224714360453866,2.9049198233391627,761114
2384,598.9590370022338,116,1,0,1.599690651720443,0.09591074571046283,80.8534124555259,82.53235068814507,-253.0825266344794,-0.1892908169277783,0.051663096737245034,2.93615873312128,761230
2385,600.9868348870216,119,1,0,1.222013890164736,0.09651387579535524,77.87604854487572,75.87341679645186,-253.10354434742646,-0.384318250661888,0.05074796240244593,2.8711237767163444,761349
2386,598.177453856057,118,1,0,1.8431127786120296,0.15362307284128213,60.546074220689675,60.631569264298776,-252.70439458297471,-0.17449274750710544,0.049748760632286636,2.9418296349250666,761467
2387,598.5350587318034,122,1,0,2.4718689383649095,0.21206816860822383,68.29813930636547,71.67209343832047,-252.7445125892514,-0.2896847878201086,0.04920898750424385,2.903862531067895,761589
2388,593.3158828218627,116,1,0,1.468217766152976,0.37508615321186967,52.13875323328479,53.60899237106587,-254.06151686043575,-0.19184797642559842,0.04823569606604247,2.936589532885058,761705
2389,-124.16029150172018,67,0,1,-0.01734189457510915,4.603798565685136,71.5297994186629,70.81674829169886,-252.87611161417036,-0.10733287269944575,0.04804582432357233,2.964638660203165,761772
2390,598.2963339011078,117,1,0,1.6422589266965142,0.16339680487213962,73.95528039361676,76.93060850485777,-253.44324995513657,0.1406326058965463,0.04818207509497292,3.046326995914818,761889
2391,596.6120340630449,136,1,0,0.5686828006810163,0.3986887414806724,65.49523685258977,66.58152528370128,-254.8079226998722,0.10367148354485192,0.04847285943105817,3.0342405438423157,762025
2392,597.0129623947382,112,1,0,0.7442581521365533,0.16729457800284295,55.486914362226216,57.06970239537103,-254.1877737045288,0.07601172882797462,0.048690257993127616,3.0251473763159344,762137
2393,615.410987050846,173,1,0,0.7279024501588955,0.39790621650829566,74.09294635574253,75.81021137458052,-254.30257984668532,0.1670896907073225,0.049129666728263646,3.055459758449841,762310
2394,597.9955502125106,117,1,0,1.033623756868351,0.14039332707531635,59.11438985156198,57.87111376900958,-254.9261985844017,0.2941490652787889,0.04989490610284683,3.09816859726213,762427
2395,592.194437311348,116,1,0,1.4785741400667731,0.2989297143127306,69.4796591133907,68.01012061382163,-254.5153938819622,0.10958063464354852,0.05056313932712736,3.0367157603132315,762543
2396,598.6989582889212,127,1,0,1.0755080168801336,0.183878453406236,69.8937844328993,70.31278146908978,-254.18119163212813,-0.017450839515746108,0.05098023617596138,2.994107783310057,762670
2397,634.1085872606991,177,1,0,1.1112541709187362,0.393968802876346,69.45008174982448,70.33414199527374,-254.12455344334833,-0.11189582334610365,0.05076329826803531,2.962489287058512,762847
2398,597.5660713872811,124,1,0,1.1430144309517185,0.11769690533958245,62.22268879798151,60.499241144426406,-255.2060308148784,-0.03898852588909288,0.050194863079776685,2.9869448561822214,762971
2399,602.5570386422727,140,1,0,1.1927106105987808,0.3949814423698823,67.6889053957803,67.8814861706325,-253.97891006469726,-0.1639359876380435,0.05024175260748182,2.945247164794377,763111
2400,597.9395498755277,122,1,0,1.3551630677830107,0.13975653625710152,64.76170681343704,63.450985244063084,-254.0362144845431,-0.4728397799075627,0.049007511224414484,2.843264241687587,763233
2401,593.5937745125104,119,1,0,0.6521178681080192,0.38099452341445245,68.78789395244182,70.50979679973186,-254.27689303870963,-0.2759983080807103,0.04775466322272766,2.909198029702451,763352
2402,603.5345201306234,120,1,0,0.7189594804087427,0.12839091872582925,74.07636760870615,74.26300038496653,-255.07707951863605,-0.015857803565450013,0.04716429120550553,2.9947462956110638,763472
2403,599.6246206197106,117,1,0,0.7246712373707342,0.14360925425018903,61.05644937661978,62.774726924733216,-254.21638814812033,0.14506285628065085,0.04765337062442405,3.04757439580738,763589
2404,593.2351678587056,112,1,0,1.6144632150164924,0.37546103167134515,60.511181907994406,59.99717968702316,-254.2291898727417,0.1437099782217826,0.04790425463579595,3.0472827532461713,763701
2405,597.2828521784193,112,1,0,0.5456339176562993,0.1213122090664013,67.85194431883949,69.44768009866986,-254.4491239275251,0.15410668921789952,0.048312637322981446,3.0508278906345367,763813
2406,593.5780866306806,124,1,0,1.5002867234732626,0.39018641412122174,66.85994015970537,67.45662746890899,-254.71720074069114,-0.15201137187860667,0.04837870630886285,2.9498207415303876,763937
2407,605.9128695025596,141,1,0,1.7271045531451468,0.3882693118264438,61.762609008356186,62.638318826120795,-254.24888199610066,0.2846243126278228,0.04838993009311933,3.09402142856138,764078
2408,577.5767053843574,121,1,0,0.4103195931123893,0.2474477773009659,74.17620529616174,76.32392779263583,-254.71513354088648,-0.43556758893792297,0.04856661433153901,2.856057500051073,764199
2409,604.0557237640878,133,1,0,1.1263452807444616,0.04540716296389625,71.54618239582032,71.55584894624867,-254.49501771855176,-0.509100097742744,0.04710732173538746,2.8333418817448437,764332
2410,599.9944577120842,122,1,0,1.520725207738245,0.15546085432466733,59.813246758257755,60.60083715251235,-254.56818177270108,-0.0998864821540039,0.046196826351959194,2.967497925289342,764454
2411,599.8950119631468,125,1,0,1.0415046573058742,0.23808618310470722,80.42837003326416,81.69282968902588,-254.2061025390625,-0.038500858962535855,0.04601637843251229,2.9874891490936277,764579
2412,596.6013448083922,122,1,0,1.3756433838123405,0.242766569434632,68.49000996448954,66.81243425900819,-255.30438782738858,-0.16359580805922141,0.04575676248088235,2.946961066761955,764701
2413,598.6855441434715,114,1,0,1.2825434483156095,0.1145597905275339,62.48847826740198,63.23604290945488,-254.65336301033958,0.20923563186079264,0.045774924160357104,3.067787680709571,764815
2414,596.2337359794435,132,1,0,0.9353747474087946,0.38790631079242094,66.27499873710401,66.47732538165468,-254.89517130996242,0.011578992573600826,0.046071781127741844,3.003748099009196,764947
2415,595.6967634506764,142,1,0,1.0322930892349453,0.3949710881443919,74.52764018824402,76.62430535571676,-254.54239976909798,-0.15835038853258315,0.04573339331422893,2.948619657838848,765089
2416,595.2835472151871,129,1,0,1.4284968396785827,0.30881957488606165,68.53819110781647,69.45631687400876,-255.18577824082485,0.40363480985280153,0.04592600158711736,3.131095527678497,765218
2417,594.7224545260308,120,1,0,1.0205981699414495,0.20054426953076082,73.37125890254974,76.48500612576802,-254.29589818318684,0.6341940956190228,0.04731394952783982,3.2080021520455677,765338
2418,-194.0259450389687,63,0,1,-0.0019936919850971346,7.271809853377409,71.50901815626356,70.9511442487202,-254.4370606437562,0.17445017042614164,0.048509586070265086,3.057606299718221,765401
2419,595.8286675200932,131,1,0,1.5401104619280916,0.29561588979750014,69.47913570258454,69.10728913955106,-255.21614121298754,0.03624042524522497,0.04880326434628654,3.0119703798803665,765532
2420,577.1417125980917,135,1,0,0.4140647661114514,0.38502133634331154,71.10083441557708,71.36398341567428,-254.85907558865017,0.09761194895814966,0.048600978238715065,3.0322743980972855,765667
2421,-128.77024747109448,88,0,1,-0.05044353857714989,3.0317313603170497,71.66446639191021,70.19004521586679,-254.82829648798162,0.032037851294841276,0.04901142909445546,3.0106189765713434,765755
2422,-213.5561202433818,62,0,1,-0.0127213356181336,6.494408345472753,54.92949631906325,56.14929506855626,-256.30292412542525,-0.29716559114956087,0.048991439563612786,2.9014871851090462,765817
2423,596.7784154657568,134,1,0,0.9226668001274839,0.18062324106418898,63.275453282825985,65.31063258469995,-255.49342346191406,-0.1947694510332684,0.048460818910554274,2.9356579513692145,765951
2424,600.1950263346247,125,1,0,0.7311463205614623,0.15126826028502502,69.14030519866944,69.68056369781495,-255.388916015625,0.04933501863479614,0.04806561410427093,3.0162456226348877,766076
2425,597.7392055056348,107,1,0,0.8358376902485456,0.08079690656552535,75.32441046527613,73.13222555356604,-255.18853046738099,0.6510274495894663,0.04877981494798839,3.2157016134707725,766183
2426,495.0088887948562,116,1,0,0.20319255660163982,0.24716267187313284,82.25977743083033,84.84702951332619,-254.6974912183038,0.45242720643251105,0.05032503935669003,3.151357648701503,766299
2427,596.9224303268743,120,1,0,1.039191403073778,0.20916649395664016,72.25062030951182,75.89417930444081,-254.85821431477865,-0.002388730055342118,0.051076097320765255,2.9991716583569845,766419
2428,603.1387769894302,147,1,0,1.0328114032597213,0.3986250886912754,65.46872610624145,66.10453120056464,-255.76245013386213,-0.17784502629672183,0.05062483793415991,2.940275025205547,766566
2429,503.6702978633592,120,1,0,0.21434947825977257,0.16791076714993192,64.41376264095307,66.26864349047342,-256.8723790486654,-0.07235682082052032,0.0504395284379522,2.9757742285728455,766686
2430,603.2176696611411,150,1,0,0.7790056283843743,0.3954728294279768,69.37685523986816,68.77306670506795,-255.7580322265625,0.13484252747148276,0.05053529610236486,3.04513902982076,766836
2431,597.8253949425193,116,1,0,1.704913999210532,0.15792987208371861,72.11418665688613,71.9461243317045,-255.56779808833681,-0.23371958061410436,0.050445837900042534,2.921735173669355,766952
2432,596.4063139997272,133,1,0,0.8850318233254313,0.3838816927404525,69.93610139000684,70.25721953686019,-256.2651426845923,-0.24959577087845122,0.049710757554249654,2.916811822948599,767085
2433,595.4079433429924,111,1,0,1.64565033846648,0.1963349854152836,68.27190452438217,70.19527626896763,-256.27532381624786,-0.11309530334295453,0.04923512414097786,2.9624551223205016,767196
2434,496.4413490132428,112,1,0,0.22350919445951223,0.254962742848213,63.61807657991137,62.10085793052401,-255.84306212833948,-0.07624815098409142,0.048611880878784826,2.9746854411704198,767308
2435,545.2667841400495,167,1,0,0.29966359417404953,0.3901012094457459,71.1578682825237,70.49317725404293,-256.2131384204248,0.05044538755259828,0.04865850566211575,3.0166730166909224,767475
2436,594.6831117883108,115,1,0,1.5189851961718799,0.2997138512168425,89.15559914630393,89.04508817921514,-255.57881801439368,0.025546354444130608,0.048950862139463425,3.0084481280782946,767590
2437,594.0349044792773,111,1,0,0.7746497716796918,0.269071906640397,67.49829422031436,67.89876887175414,-255.7240815033784,-0.2791938166897576,0.04866195879541002,2.9076094154839045,767701
2438,594.6227576793988,112,1,0,2.0101957425155117,0.20878949358703436,54.57209151983261,54.71836822373526,-256.51610251835416,-0.1325842072089602,0.04823483250636075,2.9562837183475494,767813
2439,592.6126546543435,133,1,0,0.786017095905247,0.3475071371430151,91.97515805323322,91.73009466587153,-255.64708784289826,-0.11706515418407612,0.04774938994332364,2.961483537702632,767946
2440,593.430910278115,122,1,0,0.906650391239828,0.33382565639764367,74.7383967071283,75.90824761937876,-255.6519377661533,-0.13799720529283657,0.047324430228012505,2.9547306299209595,768068
2441,593.7740106450968,110,1,0,0.8986480473855152,0.2472845701184789,56.56490487185391,59.11597582210194,-256.3475103204901,-0.1288888106630607,0.04689639569683508,2.957831779393283,768178
2442,595.8017077184288,120,1,0,1.1893578135165812,0.22543849364572136,60.09709974129995,62.573039356867476,-256.04080390930176,0.16499824750547606,0.046912761063625415,3.053931299845378,768298
2443,614.0543416907551,168,1,0,0.6292446160452181,0.27868027546764534,85.04773070698693,88.86594537326268,-255.75243486676897,0.3909878792529482,0.04765772291769584,3.1286704440911612,768466
2444,594.7067242415891,121,1,0,2.2455443701087034,0.21090890105036558,73.4106409372377,74.1802133134574,-255.94780308747096,0.10185331244729767,0.04898138950802078,3.033743267216958,768587
2445,597.7779934074613,135,1,0,0.6524007844034343,0.21281567964727757,82.33998652564155,81.03219040058278,-255.8592498779297,-0.12331334675351778,0.048832400501878176,2.9591023798342104,768722
2446,594.1752199075643,120,1,0,1.4032455552561445,0.21081129052429484,66.36957982381185,67.45861613750458,-256.5542499542236,0.11867454623182615,0.04883992380152146,3.0393028438091276,768842
2447,568.0266468700155,114,1,0,0.39175832792409215,0.27293200389083505,74.08659126047502,71.11854303928844,-256.13078669497844,0.17843240728242354,0.04928398661707577,3.0592635535357293,768956
2448,601.3560020448781,120,1,0,0.5792733242337249,0.05645901950055169,71.88832551638285,73.76512495676677,-256.70458793640137,0.17169341314584016,0.0499195804198583,3.05721156001091,769076
2449,592.0253693178921,123,1,0,0.6418751263677378,0.3627928013103168,67.54372470359492,68.9305319359632,-256.21227481500887,-0.030863773108013276,0.050078437156308955,2.9896792105542933,769199
2450,595.9130215038238,120,1,0,0.9193242189620913,0.27173746653835734,73.61590487162272,73.37770439783732,-256.4459864298503,-0.10580798781787355,0.04990017330273986,2.9647030492623645,769319
2451,596.7616197374888,121,1,0,1.36626305692017,0.19847590839831056,69.59831523107103,68.33667356317693,-256.734837681794,-0.06604543950193184,0.04958466945354603,2.978003300911139,769440
2452,571.6042030628352,120,1,0,0.42494009892257323,0.317321462672731,65.42752933502197,66.32180054187775,-257.6610507965088,0.14707461812843878,0.04976932735492786,3.0489593029022215,769560
2453,599.806491647643,120,1,0,1.0841520882258169,0.12477370744715127,54.480781531333925,55.62650083700816,-256.60889129638673,-0.14239629997561376,0.04970776134481033,2.952524360020955,769680
2454,592.6816988525109,120,1,0,1.2110269338634945,0.3106599523514259,75.66709668636322,75.97569625377655,-257.049244817098,0.2427160905053218,0.04959664555887381,3.0808843692143757,769800
2455,591.9467342773953,126,1,0,1.9229611384009742,0.35681692093840073,66.94105602446056,70.52640875559004,-256.31029304625497,0.13496819614536232,0.05062585264917404,3.045118114304921,769926
2456,598.4013143035792,121,1,0,1.2947927547996358,0.14217084997826393,75.05656950138817,76.87033411293976,-256.87632297484345,-0.16827485045371962,0.05064679128079375,2.94362480187219,770047
2457,598.8155559042552,129,1,0,1.0472633254804422,0.1372056663729943,64.11314463800238,65.12980600105699,-257.28874845282974,0.015836594250890637,0.04987858966454979,3.005233348802079,770176
2458,503.0128935792494,157,1,0,0.30442677441676147,0.33167318401595725,66.0271373372169,68.5030671441631,-257.54248659170355,-0.051950538898729214,0.04986657840526028,2.982606092076393,770333
2459,596.7871358866427,120,1,0,2.0070571644386748,0.18036076188967173,72.5165005048116,76.67411801815032,-257.21987393697106,-0.3345918505763014,0.049751743922630945,2.8885830203692118,770453
2460,485.9246422329518,127,1,0,0.1923026132125905,0.07509424730775277,72.8623723082655,73.0974765687477,-257.4375663216658,-0.36305612947527816,0.048602806682896425,2.8799916590292622,770580
2461,-133.6175567954125,74,0,1,-0.01325140049086515,4.3086531491217634,80.32769816630595,81.85559658102088,-257.1110594465926,-0.25762370913415344,0.04770879004452679,2.915280809273591,770654
2462,594.7369055746135,129,1,0,0.7926095833284685,0.3801641816725497,78.11972321650778,79.97836101886838,-257.32111187129055,0.15425115389128527,0.04778764506643133,3.050655189410661,770783
2463,593.8375584586744,117,1,0,0.5261787757302803,0.13175765038132387,69.8503276140262,71.34413163274782,-257.5411180023454,-0.21947747077315283,0.047553840483355724,2.9278618229760065,770900
2464,582.4050845709062,124,1,0,0.4818497072631106,0.34594106907751465,79.00093830785444,81.46934032440186,-258.2754885765814,0.07224272858471639,0.047374213084338174,3.0236741323624887,771024
2465,596.2207588390847,130,1,0,0.7764555080474009,0.31738683374850934,76.34925671357375,79.55751543045044,-256.85059638390175,0.05472706908789965,0.047497476923924226,3.0179485981280987,771154
2466,593.3900453942679,116,1,0,0.9715925216599529,0.30625366722131714,69.79900279538384,68.20856244810696,-257.749136957629,0.5130190022675127,0.0482589314723837,3.169273008560312,771270
2467,597.9903359590721,114,1,0,1.9626243259454217,0.13943990903800313,64.20844423561765,65.31322827255516,-257.3557274801689,0.0703615698505912,0.04911680810414908,3.0233461124855174,771384
2468,305.01513327815803,140,1,0,0.16424530965758777,0.39911227538335925,65.85689401626587,66.4112612928663,-258.00721282958983,-0.2328140823702727,0.04891977118594306,2.9228027411869593,771524
2469,598.9415436095416,117,1,0,1.1341466846331703,0.15736349703795416,89.76300892463097,92.65360488239517,-256.9142797747229,0.2862353386341507,0.04868655387535054,3.094773563564333,771641
2470,459.08081736097,157,1,0,0.24708446194297062,0.3991582363874976,64.17967665726971,65.73939865865525,-257.7155657725729,-0.009475038345357414,0.049204279876248855,2.9968351072566524,771798
2471,591.4956542824083,116,1,0,1.1243681197548092,0.3895720024947907,60.40501187587606,61.071157619870945,-258.10265284571153,0.08093942168714671,0.04928864683185158,3.026889741420746,771914
2472,602.1886520696,127,1,0,0.7747097998609564,0.1103994016460972,59.7273118627353,61.1308410148921,-258.699735626461,-0.169004165164129,0.04943033360590146,2.9438347159408207,772041
2473,581.0490570975355,150,1,0,0.44703390677205457,0.1368723848208971,66.56860720952352,68.6684379641215,-258.38007578531904,0.06616142087926467,0.048905116741855936,3.021900563240051,772191
2474,604.1749350376557,125,1,0,0.8419814056142277,0.04000433780371013,64.30271005249024,64.61971851348876,-258.82572082519533,-0.22547509467601776,0.048948986887931825,2.9252581787109375,772316
2475,595.4194550070283,124,1,0,1.2447791987598094,0.32502037458104405,70.59106655274668,73.18478442776588,-257.79851987284997,0.10490102648374534,0.04874810188888542,3.0346884842841857,772440
2476,596.5310686574287,140,1,0,0.7185730795745253,0.2659403415048811,69.76513045855931,71.8081478868212,-258.5215541294643,-0.3659912945968764,0.04834763221442699,2.8791916472571235,772580
2477,598.097399695717,118,1,0,1.1257796987445317,0.18026753776166554,60.495976819830425,63.069896641424144,-258.55764162742486,-0.04225807981092041,0.047634044314845136,2.9861149808107794,772698
2478,602.5456958516149,124,1,0,1.6457921395354504,0.13175815844740543,69.37593996140265,68.49417691076955,-259.3248731551632,0.016414849928790522,0.0475151544556983,3.0053855046149223,772822
2479,572.4200038395995,142,1,0,0.44617998746140386,0.3222152209202961,71.90807055083799,73.49088584201436,-259.0377112375179,0.09834141942711783,0.04770060938218949,3.0323125174347783,772964
2480,595.5123797897013,126,1,0,0.6303022164947114,0.35684823069455773,85.31225583666847,87.155043057033,-257.7763438149104,0.2428012072803482,0.04799346611022003,3.0800221231248646,773090
2481,598.7892881128814,119,1,0,0.5695164019528369,0.15024716670219615,71.46164754659188,72.5364625914758,-258.94972934242054,0.1869864137608464,0.048755006222915245,3.0619062816395477,773209
2482,598.4974065847115,115,1,0,1.062611970683585,0.08340359788729164,77.9795262792836,78.17900988537332,-258.47825688901156,0.15891067013144494,0.04946563571043636,3.0527958517489227,773324
2483,597.3958707134475,118,1,0,1.0026032397550613,0.208470606479948,64.13536335250079,65.57012848126686,-258.7210459305068,0.30171514921269177,0.04998334064700846,3.1006895687620517,773442
2484,600.341386756061,120,1,0,1.3029568714617494,0.1565167529858273,76.02662886778513,75.73025561173758,-258.85348752339684,0.026342401436219614,0.05050344749664267,3.008796707789103,773562
2485,520.3552636415346,198,1,0,0.3040704549526516,0.3954104634969601,69.38278409206507,66.49634836659287,-258.99134549227625,0.014885003217543014,0.05045470096772969,3.0049745145470204,773760
2486,600.3318419642378,113,1,0,2.546186804351799,0.08319034458201281,77.50858552477001,77.27101921824227,-259.73860573557624,0.3877390342212356,0.05122444462195962,3.13036805760544,773873
2487,599.5392989724281,114,1,0,1.5211382837090144,0.15563179943195635,79.51940106509025,78.96235619093243,-259.23756502385726,0.2215937307643655,0.05211288276079454,3.074944596541555,773987
2488,600.4891509431252,123,1,0,1.0540131282868863,0.29938837823516073,69.91738038722093,69.92949494307604,-259.4144079937198,0.26951496696811383,0.05289759526286668,3.0915937908296662,774110
2489,599.205922855809,128,1,0,0.6803489230559769,0.2989670657355458,67.04051107913256,68.11384878307581,-259.1021100282669,-0.27116067163296975,0.052969037991715595,2.9077478367835283,774238
2490,494.6729345106736,160,1,0,0.2366488018391948,0.38932754519062085,95.34013794660568,94.57497714161873,-258.9473120689392,-0.30401279404759407,0.05176422081422061,2.8972951382398606,774398
2491,749.5767300509197,369,1,0,0.5205340505665583,0.3948937285625264,67.53515069077655,68.75461255567184,-259.28325601386507,-0.10328786082182151,0.05025888973377585,2.9653179600309874,774767
2492,475.9774475141785,128,1,0,0.15093373496777196,0.19631299240637667,76.22640345990658,75.5936389118433,-259.53482353687286,0.10299392565502785,0.050591983046615496,3.0343750715255737,774895
2493,597.3158350631284,117,1,0,1.756941488897771,0.14052446527500506,74.64861918718387,75.39457013056828,-259.29832823663696,-0.2009811333229399,0.05019582339968437,2.9327976214580045,775012
2494,-157.17705580729933,66,0,1,-0.08238982234169911,4.9103058333000895,102.08983114993933,102.12652083599207,-259.58106740315753,0.015220719530726925,0.0498744762417945,3.0050695086970474,775078
2495,599.3572369590934,120,1,0,1.757493491491519,0.09150332528315006,65.48751289844513,63.146791164080305,-260.01133308410647,-0.09499805274729928,0.049958622300376496,2.9683009485403695,775198
2496,595.948908776682,119,1,0,1.2926178834179098,0.2400130757878976,75.37151351896655,76.35805868902126,-259.91549297941833,0.020505890187596073,0.04977399855852127,3.0068076498368206,775317
2497,501.60888540179945,136,1,0,0.3205596244812915,0.3262576680862673,74.67826260538662,74.32327770485597,-259.90752859676587,-0.26392175983089733,0.04929693881422281,2.9122838290298687,775453
2498,601.6660704684041,122,1,0,0.9354902460354941,0.10673847965051833,67.81786376921858,72.51790074051404,-259.25240988809554,0.11893908905445552,0.04906906514260612,3.0394274015895655,775575
2499,596.8405570426455,127,1,0,0.7547613203028876,0.3442294036959673,91.57793072828157,94.16325041252797,-260.26268281711367,-0.14356668660138536,0.049202284328346176,2.9523390165464147,775702
2500,593.7370529500599,137,1,0,1.0643410938530338,0.39309073686134144,84.64566452833859,86.04135048998533,-259.6519982553747,0.08536416667438772,0.04906492674872823,3.0282060038434326,775839
2501,-122.27946046466886,77,0,1,-0.00613807229555785,3.533631675154339,61.47714692896063,64.02875839580189,-259.2040274483817,-0.10020113252587133,0.048926058189048396,2.9667671965314195,775916
2502,601.4298029375692,124,1,0,1.0569507058116847,0.10863756342269465,89.57804777545314,90.13762272557905,-259.85842120262885,0.00680175453664795,0.048797499388456345,3.002221049800996,776040
2503,431.6692219338839,117,1,0,0.09689275799118491,0.2558240015600793,81.25499938899635,80.84735005533594,-260.60084742358606,0.3335094375488086,0.049198236348282576,3.1107609822199893,776157
2504,560.1322507475406,125,1,0,0.3590113638855911,0.16850916883817596,72.42843463134766,74.19610311126709,-260.66387121582034,0.00770221009850502,0.049791536927223205,3.0025523262023928,776282
2505,483.1540583452283,116,1,0,0.31911188981091654,0.2826919617623519,65.5162710403574,65.2749040537867,-260.73900854176486,0.15689714676861105,0.050137415785213996,3.052365531181467,776398
2506,601.5637230343631,121,1,0,1.0962935851046804,0.12739954855849345,96.72027553999719,93.17825809983182,-258.99822998046875,0.5134713779057353,0.05070138106907695,3.172360467516686,776519
2507,555.3658868923951,126,1,0,0.3733456644336032,0.33662796040646964,83.08207533094618,84.20438247256808,-259.93743605840774,-0.5050847753291092,0.0511121019898426,2.8300991966610862,776645
2508,599.7439434780547,125,1,0,1.29797120266803,0.13230237694019756,75.81133171844482,79.02973432922363,-259.4564006347656,-0.16039820703864097,0.04995023274421692,2.946387376785278,776770
2509,594.6120661072221,116,1,0,1.7076108780625625,0.31955832071833334,59.19676158345979,59.45626315577277,-260.4804740116514,0.03599412360324942,0.04989834165136362,3.011990360144911,776886
2510,602.3253227158424,119,1,0,1.037420056797115,0.10204417027656537,74.28240573306043,77.91592230917026,-260.3896675430426,0.09763304854766662,0.050114573206470794,3.0325684727740887,777005
2511,599.207600904066,131,1,0,0.7500037071037307,0.08300452295582338,71.03560256958008,70.85519232276742,-261.00651480405384,0.09411237795503084,0.05034736930641509,3.0314750034390516,777136
2512,561.6330292006697,116,1,0,0.36111839336844964,0.25720818305873205,66.46961079794785,65.82635763595844,-260.47442179712755,0.029670006788239396,0.05064708485814004,3.009911806418978,777252
2513,598.8398454124501,130,1,0,0.8277575183822198,0.12624266111156549,84.29474810086764,85.7230095423185,-260.46504469651444,-0.1670586048410489,0.05022929236292839,2.944064107308021,777382
2514,594.1055886209117,125,1,0,1.0501932163810204,0.39550325062880487,77.06488162994384,79.18466445159912,-260.53148010253904,0.06976013380289078,0.05013746783137321,3.0232865905761717,777507
2515,598.0235729162048,122,1,0,1.9997943514619296,0.15744030132675746,81.95490435303235,84.06642590194453,-259.9805866929351,0.2531403167493886,0.05085776618025342,3.084752184445741,777629
2516,597.8606466027559,114,1,0,1.5595619684470128,0.1496768785287648,69.21902199795372,69.57484635135583,-261.0421138562654,-0.23150846242839307,0.05063515123829507,2.9223119271428963,777743
2517,601.4400822545947,127,1,0,1.0887280826440844,0.07121572929563263,74.76681198660783,76.55711749219519,-260.6107722004568,-0.3036797387217443,0.05000783620387551,2.8986239226784294,777870
2518,597.4928604855354,122,1,0,0.5698810415043735,0.144818926858869,74.29525050960603,75.79384447316654,-260.20871409431834,-0.09927391474608516,0.049304133952885375,2.9669900761275994,777992
2519,598.657873432938,124,1,0,0.6165967000240965,0.09735858015162689,71.34516815216311,72.26884092823151,-260.5696027201991,-0.21701582854673748,0.04892014658018466,2.928042625227282,778116
2520,606.1858359290885,130,1,0,0.7162693523702736,0.19812467374734988,90.5003759090717,90.35820635282076,-261.16495126577524,-0.06365625129009668,0.04844061686442448,2.9789631275030284,778246
2521,596.8717516382185,120,1,0,0.5074481909191082,0.14429889014894037,90.7029138803482,92.48953727086385,-261.00666224161785,0.2077165937672059,0.04873535114650925,3.0686666031678516,778366
2522,594.0156756136582,137,1,0,0.6758907420455806,0.38517933885884653,61.715498959061,62.30006891097466,-260.8055403215172,0.1413283807082768,0.04951763705071742,3.0468169094002158,778503
2523,598.3599205260249,122,1,0,1.177087777368974,0.1868211503857874,60.4221016539902,59.94494080152668,-261.7349732195745,-0.06308420466595009,0.04944319268841235,2.9790260791778564,778625
2524,599.2835921956505,115,1,0,1.6804971022903152,0.16908974664790064,67.54541464266569,69.60941494651463,-261.29425818401836,-0.18914693548627523,0.04903392574709395,2.9372689454451852,778740
2525,599.6167249998734,118,1,0,1.7750412392502035,0.141044940968842,89.7834499245983,90.56080396296615,-261.2697259935282,-0.15293435092573449,0.04845568054687169,2.949423280812926,778858
2526,-214.67665762648267,75,0,1,-0.0009963085016503337,4.734847761767117,66.06031902313232,66.16109614054362,-260.92802185058594,-0.18320872137943903,0.04811382954319318,2.9395752493540446,778933
2527,598.3982491431084,120,1,0,1.5657052055151575,0.15401931796641957,79.9797568321228,80.20110251903535,-261.67871538798016,-0.1419843158684671,0.04803076609969139,2.9532373706499735,779053
2528,595.6784489533915,123,1,0,0.5378622843853755,0.09202897512601985,61.51325816642947,62.76963684423183,-261.32739716816724,-0.24753538019409993,0.047514248124467647,2.9188338896123374,779176
2529,598.5144227390432,118,1,0,0.9782104580343343,0.17887345659254592,78.81808150824854,80.21025213952792,-261.631907317598,-0.07077857296345598,0.046686381385740584,2.9768306380611356,779294
2530,596.3150157321093,122,1,0,0.6965317876794734,0.22762768703509592,70.89406365253886,72.44008979641023,-261.4159285748591,0.14939560380871178,0.04675805327467254,3.048804648586961,779416
2531,595.8878039568674,126,1,0,1.002214185866737,0.38725869888095943,75.37763037000384,74.98871015367054,-261.4232554360041,0.2876954783227236,0.047428144526387016,3.0943929127284457,779542
2532,592.3334057240131,125,1,0,1.6766406927526751,0.38960894901222537,91.81818022155761,92.77908823394776,-260.89405334472656,0.33911568582057955,0.048392955482006075,3.1119014148712156,779667
2533,491.09885605988717,129,1,0,0.2532515827005092,0.13331614219205642,79.34904963471169,80.2958957760833,-260.67112672791,0.2725071696521238,0.04910600731192633,3.0904350594956744,779796
2534,596.1334112869464,134,1,0,1.1139878271645642,0.27423699814784336,65.15112394361354,66.83912531297598,-261.2986749677516,-0.3279664309472958,0.0493632379029669,2.891055455848352,779930
2535,596.7059560028006,120,1,0,0.8169357138443367,0.2268817622141288,65.74732616742452,69.00466735363007,-260.73278999328613,-0.34925381171827513,0.0481447107779483,2.884694665670395,780050
2536,593.9896713925584,122,1,0,0.7297878328015759,0.27386895739673767,68.48424717637359,71.7187843557264,-261.9597818343366,-0.07881635445796076,0.0476635463963278,2.974085350505641,780172
2537,601.1182372922681,134,1,0,1.5679208180594508,0.3962387753685589,91.74369282508964,94.30106224230866,-261.7287300451478,0.08830141526327204,0.04754447561702622,3.028980125242205,780306
2538,599.9004043693801,153,1,0,0.7348601150313547,0.3921170070946354,68.06899251501545,67.75056296080545,-261.4669903524561,0.2628579428054246,0.048429089726186265,3.086654636594984,780459
2539,592.7139725776808,177,1,0,0.40794354240111763,0.14451322046365941,68.86852713493305,69.26839056930973,-262.47950304968884,-0.02026961076646875,0.048821409880104714,2.9932791028319103,780636
2540,599.0453150635778,121,1,0,1.0967048700667283,0.11576116574106174,62.79910572304213,64.38022145357999,-262.04795257316147,-0.2321005901706613,0.048297893625399296,2.9233491282817745,780757
2541,450.2168759295402,117,1,0,0.16989384125729068,0.2756667266365548,68.03640938620282,71.09469183082254,-261.7149411714994,0.01855544462545305,0.04785099507779138,3.0060812408088617,780874
2542,595.34445143735,121,1,0,0.9148543238990603,0.303796293711268,64.74579309037894,64.71584806363445,-261.8692130096688,0.3970844361715573,0.04837193167652966,3.1311860498318,780995
2543,597.6329439200863,124,1,0,1.214955758336326,0.1903546173198742,65.54194056603217,66.31833594076095,-262.7075025496944,0.005498009748877057,0.049067464146402576,3.001792217454603,781119
2544,598.7631848094983,120,1,0,0.7907591147133087,0.17997459615010808,81.32163130442301,84.78654460112254,-261.63619639078775,0.12502814879020055,0.0494706223718822,3.041483728090922,781239
2545,600.5770173801022,120,1,0,0.993216516553441,0.24068361291775708,56.786487658818565,57.68297754923503,-261.4232083638509,-0.35981812377770744,0.049082021974027154,2.880633173386256,781359
2546,599.3637241650027,125,1,0,1.2174692105204554,0.1926798540502411,77.52487606811523,82.6586364440918,-261.33614794921874,-0.24064845192432405,0.04817491418123245,2.920586109161377,781484
2547,596.5027661855274,118,1,0,1.2353797973367493,0.19370247059255438,70.79102544461267,73.4009916903609,-261.7553135500116,0.1174994004669331,0.047912618871462545,3.0386757123268255,781602
2548,-144.71672135440463,72,0,1,-0.03772717717982493,3.899666073956756,68.93321992291345,69.89075484540727,-263.0792475806342,0.2722463442219628,0.04831863624147243,3.089847597810957,781674
2549,593.3993599217746,122,1,0,0.5000014214316634,0.19116445964016537,78.03543199476648,78.75478767957844,-262.4774289991035,0.3332713505589083,0.04870947169475868,3.1103264816471787,781796
2550,600.3734364415727,118,1,0,0.6274522549622363,0.12802330803650339,57.09810235944845,57.69616974006265,-262.8358365075063,-0.024096447658740867,0.049534539865740274,2.99196544542151,781914
2551,595.6469962068968,127,1,0,0.8425064439174483,0.338312097360483,70.57791686621238,70.99524823887141,-262.1779516024852,0.2108903643418485,0.0496220381886471,3.0702014175925667,782041
2552,602.3288715027446,146,1,0,0.5544106940061396,0.3941486284904799,74.32279563929937,73.51848196003534,-262.07185092037673,0.2821833258622313,0.05047620363431434,3.094326510821303,782187
2553,602.6155352138687,125,1,0,0.9153928489363972,0.03916202094485517,50.39627047729492,52.15215977478027,-262.46614501953127,-0.11354258322715759,0.05072856444120407,2.96189368057251,782312
2554,549.1575785899936,128,1,0,0.38361747080786635,0.39835318518736496,69.22781421244144,70.30913919210434,-262.08793234825134,0.3525220521551091,0.051081228768453,3.118451291695237,782440
2555,408.69201752467575,115,1,0,0.14844284843494637,0.21755696681269449,66.23569157641867,65.51226863031802,-262.3591236943784,0.015093798562884331,0.05181491452714671,3.005048708293749,782555
2556,598.6334308963776,117,1,0,1.3298665166596328,0.11280634080296306,68.59189802153497,66.72825034866985,-262.2483255761301,-0.2400942116211622,0.05134073839101017,2.919113466882298,782672
2557,441.6023180096014,118,1,0,0.09953074880565038,0.19267824567391031,70.70479032548808,71.18350002321147,-262.28546220165185,0.267788392412713,0.05118249028416003,3.0901364007238614,782790
2558,600.6956095981438,173,1,0,0.7450135438288594,0.3859645426719799,79.05971955426166,79.02706962100343,-262.4598769700596,0.011056536065705249,0.05182799098291838,3.003703636930168,782963
2559,598.7161847559406,135,1,0,1.3032275788948353,0.392408725636757,74.62487440462466,75.49552862379286,-261.85325927734374,-0.19156317779863322,0.051670440645129594,2.935396915011936,783098
2560,546.9183771383972,226,1,0,0.38548505449682224,0.39735938389925485,72.42693182852416,72.42855029823505,-262.14887311817273,0.18850573298183426,0.05149453102025838,3.063552946116017,783324
2561,591.171342172061,152,1,0,0.44727823940809286,0.38980367402967725,68.60862202393382,69.01246584716596,-262.6663428858707,0.237843734726898,0.0527049954490442,3.080683830537294,783476
2562,596.8537393940647,114,1,0,1.7995602907310948,0.22942157565477683,73.54999953822086,74.85990835490979,-262.4908376325641,-0.2473716781589023,0.05283121356185068,2.915909438802485,783590
2563,597.5283775336949,120,1,0,1.1256464146240084,0.14853938992058086,68.83665146827698,68.1165105899175,-262.670738474528,0.007074920181185007,0.05224176322420438,3.002369787295659,783710
2564,599.7324839865183,119,1,0,0.8661917612935166,0.1336262572159005,85.23721815157337,85.98229574155407,-261.2435979762999,-0.32719144826175783,0.05195360806058435,2.8893144210847486,783829
2565,594.9980744656093,122,1,0,0.5452198686231924,0.20781705478319765,76.50373147745601,80.20927177491735,-261.47677262102974,-0.1592626197752161,0.05143042965257754,2.946370544980784,783951
2566,595.8609203746187,140,1,0,0.7385073483131362,0.2078545993549888,74.65645708356585,76.79513365200587,-262.1590919494629,-0.09708599903221642,0.05071064624935388,2.9673744440078735,784091
2567,557.7915853228908,130,1,0,0.3284985767754586,0.394298255593056,96.43057778431819,97.05113775546734,-261.7590335552509,-0.2783618700905488,0.05043420258622903,2.9068740056111264,784221
2568,588.2816606288711,116,1,0,0.4525363026627087,0.05079839589348448,107.20440118066196,107.18624357519478,-262.52664934355636,-0.4475545736736265,0.04930518667117275,2.851280600860201,784337
2569,598.3772276075763,117,1,0,1.0545099503953606,0.1347234087896462,66.99648566938873,67.70472423031799,-261.94713142590643,0.0006314976156776787,0.04853688677151998,3.000180782415928,784454
2570,597.201157613215,126,1,0,0.7958768712881941,0.30006738206604194,60.35503123298524,59.8903941199893,-261.57252393450057,0.07968022686148447,0.048841451102542496,3.026357295021178,784580
2571,455.3989079785663,148,1,0,0.24509784471091023,0.2180617394723854,88.95829049960987,92.20739652659442,-262.27357400430213,0.05810983801210249,0.049099321678482195,3.019233268660468,784728
2572,596.4060125354104,114,1,0,2.0145021397888216,0.1945902642474608,71.78328417895133,76.69482187639203,-261.5851287841797,-0.0596879248327592,0.048920788328375736,2.9802001087289107,784842
2573,598.044792401558,126,1,0,0.6190298287024067,0.1022431963027509,77.59322548669482,75.7838544845581,-262.56590174114893,-0.28464911159660133,0.048740767090330046,2.90588056662726,784968
2574,600.4703337174399,117,1,0,0.9339545936743378,0.07378390041429612,53.66654272976085,54.28924317645212,-261.13096931653143,-0.3626573146281079,0.04761614656855918,2.8808137657295942,785085
2575,601.0634069891786,115,1,0,0.900438413700237,0.05563153347814442,54.252166947074556,54.4020786534185,-262.18808036472484,0.0818413206740566,0.047340401067681934,3.026788425445557,785200
2576,598.4178406823602,137,1,0,1.2912775635227915,0.21852853356421942,66.58661714261466,66.26276442256287,-262.6237359708243,0.18163446766616653,0.047554722015004956,3.0596252062024862,785337
2577,575.4499735338991,116,1,0,0.39319321431754134,0.07362737336303109,78.03652465754541,77.6906789253498,-262.57121474167394,0.3228642231110355,0.048431567269666444,3.106417608672175,785453
2578,558.3816965894123,130,1,0,0.40387259987076507,0.2990016157975499,70.9941770700308,73.31479160602277,-262.0745689978966,-0.09332341726582784,0.04858186462750802,2.969120456622197,785583
2579,597.1764407951841,130,1,0,1.010345785951257,0.08657238440569923,71.70677520311796,71.70308295763456,-262.0082470233624,-0.03241401426494121,0.04843720369614088,2.9892861788089458,785713
2580,597.5649540704335,116,1,0,1.6694068695105606,0.16632433578299202,71.55300689565725,72.56440577835872,-262.5779254518706,0.14432725175444422,0.048570059111406064,3.047698384728925,785829
2581,595.9478962522605,133,1,0,0.8685735836175463,0.19651650220996686,68.50415411210598,70.66330336807366,-261.811864981974,-0.058509826912243566,0.0485910910244723,2.98060975755964,785962
2582,461.60150803984703,265,1,0,0.2635517400992694,0.3989876611555203,64.80511571416315,65.76025882576997,-261.6571373705594,-0.362365425012584,0.04739776544694631,2.880978987351903,786227
2583,594.2778396386896,132,1,0,0.6729612585596946,0.2370252426922298,64.90598698818323,67.31100593913685,-262.70170500784207,0.1122542971067808,0.04671334771608764,3.0365936105901543,786359
2584,593.8986039966902,111,1,0,1.3453033742512965,0.296742597456167,89.92126867792628,92.94526136243665,-261.9642567677541,0.4393384515702187,0.04723159428518098,3.1439123690665305,786470
2585,595.7014633101085,137,1,0,0.8812998784368151,0.2798509293638931,73.89878380907713,73.07188115502797,-262.407101930493,0.3467356390489714,0.0483294281918202,3.114373172286653,786607
2586,612.0188059251144,140,1,0,0.8516886134493711,0.3977468371501767,73.85610772541591,72.68627597945077,-261.32331248692105,-0.016846962619040694,0.04886406880936452,2.9943935803004673,786747
2587,597.1878354445888,119,1,0,1.6152494970478113,0.1506640009606386,65.34887303424483,67.94281595694919,-261.339881704635,0.2200893315353564,0.04917287410182111,3.072994773127452,786866
2588,594.0119740090075,117,1,0,0.9221126839493898,0.34619636319818614,70.18055126809666,68.27892190167027,-262.2778848501352,-0.1289711958832211,0.04943728271839965,2.957097165604942,786983
2589,595.1344918461693,135,1,0,0.685962418454862,0.3930513443987869,73.02077273616085,76.9377368149934,-261.26867336697046,-0.22807066937287648,0.04893093404394609,2.9244640244377984,787118
2590,593.6295083751274,135,1,0,1.1926022404230345,0.3589360765551453,66.32469529399165,67.3813990275065,-261.86821017795137,-0.012867397787394347,0.04835304413680677,2.9957404154318352,787253
2591,592.8814885234846,141,1,0,0.8362831170038434,0.36173409712282917,79.95155084894058,81.08508693072812,-262.103871230538,-0.18946577502903364,0.048123960720097766,2.937542328597806,787394
2592,-181.39872603830906,57,0,1,-0.0162282046471669,6.926650314365799,63.18823981703373,61.63379575495134,-262.0338303415399,-0.3938980346970391,0.047636430187706365,2.8706361034460235,787451
2593,598.322881910222,118,1,0,1.387722319291658,0.11359615722395712,70.78600172269142,74.59218893212787,-261.43251516051214,-0.22739146372019234,0.046869968616608845,2.925576159509562,787569
2594,594.3220883081513,127,1,0,1.1551570748861075,0.2897834853897341,66.51072387995683,65.34537470059132,-262.16836127333755,-0.08175150096768469,0.04673657583908772,2.9733028768554446,787696
2595,597.8261712384616,119,1,0,0.582291878751744,0.24151361864459325,68.1045999126274,67.07772861608937,-261.5387934837021,0.050540245537246974,0.046615339158212435,3.016460777330799,787815
2596,596.037126527085,117,1,0,0.776252731570457,0.2436611270186264,72.98103652041182,77.01872984568278,-261.7821802644648,-0.29218634450410164,0.0462916935993056,2.9049038988912206,787932
2597,590.3347122112856,124,1,0,0.542768308276821,0.3106933785293098,76.48314762115479,76.2403082463049,-261.91259974818075,-0.008637298319128251,0.045820449719265584,2.997188322005733,788056
2598,597.5769642464777,126,1,0,1.0880172508443224,0.21590876378673265,78.81442010970343,77.54157047423105,-261.25838494679283,0.3875138875510957,0.046210154595356136,3.126032840637934,788182
2599,562.7107394478664,124,1,0,0.4120858342496294,0.3663734082237852,68.41209419312015,69.27553992117605,-261.7977991411763,0.13019399200716325,0.04692499880348482,3.0425751170804425,788306
2600,599.6364499898426,121,1,0,1.0755394753274057,0.10090938560341692,68.35950694596472,70.36063930416896,-262.4797124941487,0.018052554512319487,0.04737480689794564,3.005869227007401,788427
2601,596.8395632282449,123,1,0,1.6179178003159742,0.10944522485581396,67.57009708590624,68.79135838950553,-262.0469253664094,-0.143129090044072,0.04722023821943175,2.9531234842005785,788550
2602,596.8801125814311,118,1,0,0.7979029796965201,0.18037573076749053,70.98578095840196,70.74272496013317,-261.38682931156484,0.09535427290504261,0.04706558187381696,3.0311839459306102,788668
2603,598.1605804467625,120,1,0,1.206875089866009,0.13244824178594544,78.04493296146393,78.39321758747101,-262.1755367279053,0.37410260693480574,0.047650618478655815,3.1228137254714965,788788
2604,594.2932533803563,117,1,0,1.3510279479560032,0.2653115327100338,82.10893636687189,83.83416338863536,-262.6782680413662,-0.012076142124640636,0.04825681193262084,2.9959640543685,788905
2605,596.1876760606094,136,1,0,0.9496104379708195,0.39111060315264645,73.40804351778591,73.74919010611141,-262.7937853196088,0.418885745382046,0.048809978042674416,3.138510090463302,789041
2606,593.4261874729129,121,1,0,1.2572612452359109,0.3060650995590011,90.69514521291433,94.4322658964425,-261.6595817124548,0.06999462338025905,0.04941313227346121,3.0232658366526453,789162
2607,595.7122341381482,119,1,0,1.0403291762371523,0.1840066583308332,69.60801764896938,72.12568373640045,-262.3698272705078,-0.2726043345046644,0.04916935680168016,2.909443027832929,789281
2608,598.653922169819,188,1,0,0.6023753856405487,0.39082967924898415,67.71078189890436,69.46538093242239,-261.73644256591797,-0.017658057464088533,0.04861419065360059,2.9940932316983,789469
2609,594.0334555850518,134,1,0,0.8603128228813643,0.3939929707212318,78.372561440539,81.5384285627906,-262.19719468301804,0.16673274610691996,0.04890021148012645,3.05525639163914,789603
2610,359.98124590934606,161,1,0,0.08301533097150582,0.19825573257303106,59.91465705966357,61.071870181871496,-262.10101697459726,0.18677328658862885,0.04944457500154928,3.0621398250508753,789764
2611,592.5968872371095,118,1,0,1.1278069716805006,0.3441648437956117,87.21543328236726,87.94755217988612,-261.54413850428693,0.44949254898701685,0.05036106563599433,3.1505138914463884,789882
2612,592.7683046913661,115,1,0,0.8714575573305827,0.3843059012228283,86.67728576660156,88.33412891056227,-261.2389899212381,0.1782681638131971,0.05143064762587133,3.0600420516470206,789997
2613,596.394124925635,128,1,0,0.5667848286349663,0.320250277245059,69.17428208142519,69.31157287210226,-261.8187313079834,-0.3608408131694887,0.051230125420261174,2.8785489220172167,790125
2614,445.68465759565885,119,1,0,0.1353290571200178,0.12585647948154746,88.10399735875491,89.38875060522255,-262.26890358804656,0.014642137595835854,0.05050480885415518,3.004879083953986,790244
2615,593.9546688520813,113,1,0,1.0407379561612027,0.28690615637745676,83.25291833624375,87.47705621634964,-261.5139958204421,0.3708913576813926,0.05112228232674894,3.12462952917656,790357
2616,595.2634969277677,125,1,0,0.9541812595156887,0.3910398761128343,71.14911100006104,70.30689419555664,-261.7721915283203,0.24696833933889867,0.05203024193644524,3.083502752304077,790482
2617,598.1148570477363,122,1,0,1.442091937051774,0.09775872595846022,73.07658143903389,70.3143645192756,-261.66575835181067,0.2603429009313466,0.052616262503090455,3.08840434473069,790604
2618,593.5947664922659,135,1,0,1.453682069687094,0.39646190218863286,86.08902819598163,88.90314989443179,-261.2486433241102,0.21950703021828774,0.053550042074035714,3.0748976442548965,790739
2619,575.2216035781732,126,1,0,0.4435633690115538,0.394478479493609,83.64428141003563,85.65143946238926,-262.29602583627855,0.29211925576248815,0.05422412225651362,3.1002062615894137,790865
2620,596.2233391069551,118,1,0,1.1577352435839132,0.16250627569710785,74.25375582808155,73.22587983891115,-262.35121284096925,0.10968393024246571,0.05509950182700561,3.037760675963709,790983
2621,596.7087150890216,123,1,0,0.9244167818990869,0.1557220393909439,77.0078263631681,76.42964577093358,-261.91494416027535,-0.11027391011092236,0.054991192267677645,2.961965056938854,791106
2622,458.94390690274514,128,1,0,0.20557199554724737,0.3967986795643381,71.78669360280037,71.18196456879377,-261.3819110393524,-0.03847952507203445,0.05455490041640587,2.986724568530917,791234
2623,594.6837692146157,127,1,0,1.473112567846513,0.3834790710233567,79.7060768998514,80.82093322934128,-262.57495369498184,-0.0921978325121046,0.054556618055959384,2.96827537806954,791361
2624,595.5079192429018,117,1,0,1.197084429669761,0.21418246846331684,59.88801165523692,61.963754001845665,-261.9964539617555,-0.5145372975394766,0.05369437291708767,2.8240438506134553,791478
2625,596.7555029135876,119,1,0,1.0289953235361278,0.1794728378884235,72.58334641496674,72.01046457210509,-261.1121043998654,-0.4094333258308783,0.05257299896173116,2.861141262935991,791597
2626,594.7009703496211,132,1,0,1.2827306931411484,0.3967324468954892,84.71137783021638,83.45700379573938,-261.62766843853575,-0.28775977507007844,0.05119306074850487,2.903060125582146,791729
2627,554.2545748922865,600,0,0,0.9067640375989099,0.6152804540126868,78.59919607798258,78.50242635250092,-261.57302383422854,0.18051699244106809,0.05160183967401584,3.061015699307124,792329
2628,568.9463508281224,122,1,0,0.42600873366779374,0.1461961061327403,70.15658645160863,69.13422088154027,-261.8846080342277,0.21959158985829744,0.05371464969071209,3.075028112677277,792451
2629,-188.6403132563829,60,0,1,-0.037429758757550724,6.718642546365064,54.84786817232768,56.57912661234538,-261.19971923828126,0.22733560192088287,0.05405714965114991,3.077923623720805,792511
2630,457.7071332451183,147,1,0,0.165523678961777,0.15188084233869917,86.64336937625391,88.4516690182848,-261.52176868672274,-0.0959661817621617,0.054322591317551475,2.9670675725353006,792658
2631,596.0575167254012,142,1,0,0.6949337022274,0.3972191696527934,61.0423453089217,62.135726445157765,-261.85555407027124,0.05083831452148061,0.0542192055096089,3.017373392279719,792800
2632,595.278307029089,120,1,0,1.194875001525029,0.2366916150479651,66.30255080858866,66.02796045144399,-261.94930699666344,-0.05736107769577454,0.054121728396664064,2.980297154188156,792920
2633,599.0267253123025,115,1,0,0.9568673359033553,0.12796701647404873,75.0223219830057,75.61678224646526,-261.3858971637228,-0.14808861888621164,0.053837171941995624,2.9493173080941903,793035
2634,595.9944361459118,118,1,0,0.8722199077217446,0.22023558117173556,79.11022913658013,77.19298020863937,-262.74991607666016,0.16161233382457393,0.053671205921445864,3.0552765878580384,793153
2635,593.0266070845757,115,1,0,0.8331101576370454,0.30591217190511155,90.60682742077371,96.21317905757738,-261.7010966425357,0.30600353333613145,0.05441639021686886,3.105115160734757,793268
2636,598.4214316324133,142,1,0,1.1177277936358587,0.3870886309400909,67.59057725986965,69.09365319534086,-261.30081907460385,-0.12062338876052642,0.054790033447280735,2.958448843217232,793410
2637,598.6354677301606,122,1,0,1.65551386870909,0.11278565366858705,65.59230720801432,65.22613597307048,-262.74241225445854,-0.41156466372433254,0.05402271928968,2.8590217496528,793532
2638,595.8159795605534,123,1,0,2.400923599170521,0.2193420848660528,70.66814762983864,72.13756061181789,-262.31367678758573,-0.21893490787322928,0.052769882892205466,2.925485413248946,793655
2639,596.5038055040334,122,1,0,0.6532220238564354,0.1864788902072109,66.67597367333585,67.73475746248589,-261.7399337018122,-0.28816356592368886,0.05216415931821847,2.9024270303913804,793777
2640,594.2074014280992,115,1,0,1.896394282092725,0.22190672993927948,63.023137200396995,63.13765526647153,-262.3648265009341,0.13172075424505317,0.051850911100273546,3.044476720561152,793892
2641,563.4578616590417,145,1,0,0.44562664553000864,0.3024602780677302,77.85569813826989,74.89003991094128,-261.8351742448478,0.2067870848137757,0.05231850306535589,3.0700851604856294,794037
2642,591.3522285646014,123,1,0,0.7310957911939746,0.3812728158244455,69.00571782802179,69.45687317266697,-262.71831704736724,0.27727692613635607,0.052978367370560886,3.0944600919397867,794160
2643,595.8520667644318,154,1,0,0.7616752602034684,0.3974039998113719,91.99096404112778,93.23139232164854,-262.52738308596923,0.14981793081266925,0.05404924228787422,3.0512555187398736,794314
2644,583.5507148939794,127,1,0,0.505738776656064,0.33664931989840186,81.23442185018945,83.32671164715384,-262.2707723782757,-0.24127411097288132,0.0541901611906337,2.917306122817392,794441
2645,588.5835524551521,144,1,0,0.5239681126054075,0.39002446534007496,76.69058893124263,77.59110648764505,-262.8168943193224,-0.4289521183301177,0.052869849243304796,2.8541516164938607,794585
2646,594.5146190893538,121,1,0,0.9354509895961703,0.2816068829815888,63.679713446246694,63.82220495239762,-262.62615512816376,-0.03288083003202746,0.05184668616568747,2.988870197091221,794706
2647,-136.3027667826455,92,0,1,-0.05007729116144488,3.4158768994743647,77.07544687519903,75.23872053104898,-262.3421521394149,0.5060419896617532,0.05219918214108633,3.171478779419609,794798
2648,551.7012700296658,120,1,0,0.3212718750155012,0.3941174140337938,80.19196585814159,80.4308024485906,-262.83692474365233,0.2895941702028116,0.05357386913771431,3.0987527787685396,794918
2649,596.8687413181651,121,1,0,1.075739286328212,0.19249949432657146,89.03983155557933,91.90236537712664,-262.6616808678493,-0.07013777277070629,0.05383759823219835,2.9759807094069552,795039
2650,594.2226281470196,121,1,0,1.0111312767700327,0.2510272939426504,94.23894603981459,91.98813080590618,-262.60640722858017,0.03904553582845641,0.05368690494417159,3.013336333361539,795160
2651,601.3045228283055,119,1,0,1.3512855825378625,0.12857018173843807,69.01368415255506,66.81040100289994,-262.228998520795,-0.18824495478462772,0.0534277636902172,2.935667134132706,795279
2652,593.8080875706557,118,1,0,0.8541422601396061,0.30433817231089294,82.84993916042781,84.3989272521714,-261.74114563505526,-0.10616167315865978,0.052915444629172144,2.9638220071792603,795397
2653,594.9810339645683,115,1,0,1.3897161783221574,0.30320523810801353,68.2592457646909,72.18313244529392,-262.54615478515626,-0.09067602419982786,0.05283352479986522,2.9691647882046905,795512
2654,589.801827960585,115,1,0,1.3691158200482727,0.377306290879553,66.62584472324538,67.73289679651675,-262.53810809591545,-0.09673768508693446,0.05238824230821236,2.9671462411465854,795627
2655,592.7605986604156,117,1,0,0.8768312792704582,0.3006022109455067,73.70293534107698,73.63602097829182,-261.83568123059393,0.06981223972880432,0.05252784834458278,3.0236424727317615,795744
2656,596.3871157737,114,1,0,1.306449171902954,0.22636567846699787,61.59913978242037,65.57405288595902,-262.40257785194797,0.18243059274135975,0.052806570603136434,3.061995638044257,795858
2657,596.2745895299565,117,1,0,1.2191844661341442,0.2562876191970632,61.257915553883606,63.586527857006104,-262.77723693847656,0.3520497656148723,0.053564041407189816,3.120259421503442,795975
2658,448.86662715745683,141,1,0,0.15693053514948874,0.3974858462605108,84.4182467832633,83.09728597411028,-262.89432336252634,0.40490961726094393,0.05473356228982303,3.1394127886346044,796116
2659,596.2479285559847,120,1,0,1.3080260008422249,0.22586418694160165,83.70017015139261,81.81194144090017,-262.49257876078286,-0.4272865281129877,0.05531445760279894,2.8525143384933473,796236
2660,593.8505443745371,132,1,0,1.2036197895830454,0.25025014648885985,61.79167612393697,62.18481413523356,-262.6330961747603,-0.3626345057802444,0.053854923328441204,2.875884832757892,796368
2661,606.6948428302042,149,1,0,1.1148893544431546,0.3990986444197411,63.05306858344366,63.51165318329062,-262.6416228633599,-0.10190726911661609,0.05283127435101759,2.9652881878334405,796517
2662,591.2715139869078,122,1,0,0.5385221266789233,0.2682140118650941,76.18170563901057,76.2714581567733,-261.5878851218302,-0.1468654587925946,0.052659516909816226,2.9501056221664927,796639
2663,405.43115084663594,166,1,0,0.11835520700199231,0.259119376274683,81.24864278356713,78.38433016926409,-263.37223622885097,-0.4607544311557908,0.05121036962303052,2.844658452344228,796805
2664,593.3687174424532,117,1,0,1.0702759055061168,0.3037196091358697,70.59902758476062,67.94870069291856,-262.6801472199269,-0.18248966743803433,0.05021839149487324,2.9389599123571672,796922
2665,596.4967323398475,118,1,0,0.9650770030402696,0.1492727586443128,76.88992783174676,79.7713028293545,-262.4879019785736,-0.11761105988742941,0.049998801391003496,2.9607555906651384,797040
2666,596.2162558545211,123,1,0,1.2039268227555167,0.2542582721119418,91.97090062862489,89.51568022006896,-262.4810272464907,0.0531736532362496,0.04981399097336017,3.0176921336631466,797163
2667,597.857835046224,128,1,0,0.6987495452535981,0.269875531247931,70.26506741344929,71.62395099550486,-262.19206976890564,0.17106163047719747,0.04983214024105109,3.057067083194852,797291
2668,596.8235952912905,123,1,0,0.6975762084017643,0.2690040287993989,73.89106063532635,75.55304970004694,-262.1233339387227,0.3087843651088273,0.0506515769757391,3.103541581611323,797414
2669,399.5713466229921,137,1,0,0.2079772286922379,0.3804125689169008,76.3289941523197,77.08153597281797,-263.02862404036694,0.783363364636898,0.05230016013892898,3.2655848255992805,797551
2670,594.3429968094688,112,1,0,0.7460492891802846,0.24821562623270926,76.01892898763928,77.97958254814148,-263.3707903453282,0.3720470084143536,0.05453581858559379,3.1275921123368398,797663
2671,593.1886618070857,115,1,0,0.7915702233155308,0.2831767341997277,69.34169504746147,69.82241318744161,-262.36340000318444,-0.08769944971022399,0.054760159163371375,2.969795214611551,797778
2672,600.0241471342413,158,1,0,1.0061955676587395,0.39880906418848483,66.53415578528296,68.61543127253086,-262.2913508354863,0.008636493000048625,0.05468561509742013,3.0029479823535,797936
2673,597.9958734762938,118,1,0,1.2814565467750314,0.26901149721152934,75.73876127146058,74.28111907991313,-262.2983765682932,0.2296182990342505,0.055062372900419314,3.0790308633093106,798054
2674,594.1844814722227,119,1,0,1.2045308317520838,0.37695143869506914,81.80210224920963,80.80250699179513,-262.6787104245995,0.08125913046112582,0.055258996283807676,3.0280553713566114,798173
2675,-250.04738460287462,75,0,1,-0.05383627658244894,4.546623410678833,88.31365409851074,86.7790334701538,-261.9598596191406,-0.1904333936671416,0.05539062390724818,2.934166539510091,798248
2676,593.39359802474,136,1,0,0.6989522234792549,0.3186347039518325,76.17308246388154,77.63906666110543,-261.44726887871235,-0.09159882913124473,0.05475384112009231,2.968334462712793,798384
2677,611.6072456736539,156,1,0,0.9046976657261085,0.39395514508485047,68.96649004251529,67.82046990516858,-262.8621218754695,-0.15002854032298693,0.054533027208004244,2.9483819970717797,798540
2678,599.4951247660176,124,1,0,0.7571812826357831,0.39326067036866375,73.99752370772823,77.63957828860129,-262.5228590196179,-0.314349269704713,0.05373327310888037,2.892384196481397,798664
2679,381.31146605631443,125,1,0,0.07166761922949305,0.11210968146870424,79.97873159790039,80.34713328552246,-262.3194718017578,-0.29344632488489153,0.053086028307676315,2.9001368465423583,798789
2680,596.3162386679171,141,1,0,0.9166630757265106,0.3959896624458868,82.45582449351642,82.98870442437787,-263.3178239105441,-0.31308251143770016,0.051952813851072435,2.8941527393692774,798930
2681,596.0761248213439,122,1,0,0.8472105607488243,0.23162072133743128,63.0701419017354,64.41682669373809,-263.15568942711,-0.2934452367671689,0.050822882164941456,2.901404785328224,799052
2682,593.3519117435402,151,1,0,1.1427370957642728,0.38654114242623294,71.93064757214476,74.42301314398154,-262.6844795681783,-0.007192872365973643,0.050377663743022265,2.9975738493812005,799203
2683,576.7232744988786,120,1,0,0.4326487097776178,0.15971774644930786,88.27566412289937,86.9323518673579,-263.53968404134116,-0.46295671761035917,0.04984470667938391,2.8455739895502727,799323
2684,599.7420218245575,136,1,0,1.57050241972995,0.33940658947951996,77.60496886337505,76.78038983485278,-262.38033799564136,0.08907330731916077,0.048784244148170244,3.029333358301836,799459
2685,593.2865645547618,127,1,0,0.7279788536676925,0.364899337119261,55.67499288423794,55.021661247794086,-262.618535680095,0.04411079502833171,0.049396961956746935,3.014656524958573,799586
2686,595.1005492045069,134,1,0,1.0114975699249307,0.33497053318242226,78.43757152557373,78.69048089411721,-262.4304736692514,0.26154401100504754,0.04983274591391656,3.0871665975940763,799720
2687,597.0301480028528,120,1,0,0.9787037639525595,0.2079403055966152,77.19344511826833,78.78502082029978,-261.7767556508382,0.038567141319314636,0.05038922646393378,3.012883977095286,799840
2688,597.3145704355373,121,1,0,0.7869721912014341,0.24852110499847072,74.34926096072867,76.5324113309876,-261.81395803404246,0.21919000111828166,0.050644334898261,3.07345288844148,799961
2689,591.9800859922445,112,1,0,1.2525763551813265,0.3453538328912282,83.41888290643692,85.53323245900017,-262.80649975367953,-0.01077138785538929,0.05113045741537852,2.9963351041078568,800073
2690,594.8235478075253,125,1,0,1.013219735225725,0.2720636293033392,65.55320467376708,65.46103546142578,-262.6205869140625,-0.08420213541388512,0.05073272889852524,2.971711025238037,800198
2691,566.6864053969256,116,1,0,0.41244527281460375,0.3690620610965774,62.58922592524824,62.66764374437003,-262.41473204514074,0.4609460323599392,0.05141472899965171,3.1551248883378915,800314
2692,467.9573878578009,123,1,0,0.16602656085444506,0.22669471560347898,87.05160120832241,92.25082484299574,-262.6235547569709,-0.354339966505039,0.05178723632683599,2.8804615183574396,800437
2693,-311.5021846786334,71,0,1,-0.003923471034229631,5.5098223261185995,59.59625554420579,60.32365674032292,-262.4493292150363,-0.1385735108608931,0.05074862831495178,2.9534353202497456,800508
2694,594.0637987025776,120,1,0,0.9825743920641803,0.2247594256714878,60.04818393389384,62.29185630480448,-262.7314774831136,0.104484873265028,0.05077300875758131,3.035021122296651,800628
2695,596.2354560351537,124,1,0,0.600017340934644,0.26229677104691523,72.0510732435411,75.18665529835609,-262.7906907604587,0.09256150309116609,0.05122092080813262,3.031118837095076,800752
2696,592.8462862735713,126,1,0,0.9177130499460376,0.39248124365780945,77.83428112665813,79.26541951346019,-263.2436735365126,-0.11215115208474416,0.05103641316767723,2.9622666987161788,800878
2697,595.2267520154435,123,1,0,1.7181145027949387,0.3026206569761518,71.17531231360707,70.80228944328742,-263.2218532407187,-0.2902755526507773,0.050778476385081685,2.902697694980032,801001
2698,594.2096762985209,129,1,0,1.1569186483511589,0.28334660449074817,69.53934293939162,71.5832731631375,-262.989231198333,-0.12286798748397088,0.04987015910157862,2.9589977726455805,801130
2699,592.7144432970465,130,1,0,0.85490721748663,0.36469171341925277,78.44553194779616,80.39877711076002,-262.2269317626953,-0.2859976068139076,0.04926218207065876,2.904967087965745,801260
2700,597.256947632959,136,1,0,1.2936995880923743,0.20656510318190474,62.855776211794684,65.72085983612958,-263.3063274832333,-0.18329521815073402,0.048409070710048956,2.939391620018903,801396
2701,571.6457721651983,129,1,0,0.41725020270560387,0.09735941154285326,81.57218340940254,80.97940585409948,-262.8694850714632,0.07977368422718935,0.04862706103297167,3.02621418191481,801525
2702,580.6583334311318,156,1,0,0.47930954456615205,0.39665311160533046,90.00570052098006,90.46387561773642,-262.56524951641376,-0.14706246342318943,0.04815740639773699,2.951485901306837,801681
2703,595.848957862866,119,1,0,1.0752161365411803,0.19212707815792146,62.41762243799803,61.18452040888682,-263.1473733597443,-0.14644633474595406,0.04789526726142699,2.9517932919894947,801800
2704,589.9091803466002,139,1,0,0.9712444086301373,0.3888396609768012,62.319435160794704,61.393138295454946,-263.3452026586738,-0.06000678619142059,0.04730281416031954,2.980286805749797,801939
2705,605.1858169715362,163,1,0,0.8583942456892399,0.39390547788935076,80.47468092397678,82.02946741888128,-263.1770567162637,0.7177990849581233,0.04809516188374326,3.237070101170452,802102
2706,581.355298079259,178,1,0,1.1207300958781485,0.2640228716734967,68.19779341944148,68.01667177543212,-262.07967908194894,0.12885622855987441,0.05006408982313751,3.0430212891503667,802280
2707,600.2472656144164,148,1,0,1.2126513161725432,0.3989033576511819,68.95757787292068,69.08378436758711,-263.0318242665884,-0.2903636909668913,0.050186195310104535,2.903052027161057,802428
2708,594.3375610564519,123,1,0,1.6771284370073802,0.30986952943902674,72.83225651872837,73.24397241390818,-263.2138504400486,-0.20021590793399308,0.049277505284644724,2.9334896328003426,802551
2709,598.7468530736892,135,1,0,0.9563306807032965,0.3900188207801705,72.70377277091697,74.17449734299271,-263.35013156467016,-0.0756688863866859,0.04865341114777106,2.974894975732874,802686
2710,593.4196316472071,118,1,0,2.270376147645445,0.29281230064735797,58.82705025753732,59.09818516747426,-262.5557697102175,-0.34190510532234686,0.04830901277393608,2.8871497501761225,802804
2711,461.19257420146727,134,1,0,0.24075027603867005,0.1795240818291569,74.52118572548254,77.07651274951536,-261.7727408337949,-0.20935052066151774,0.04753788165859322,2.931243981888045,802938
2712,592.4554165153806,118,1,0,0.922391122726645,0.3240988704086862,70.31666794469801,72.49628593962072,-262.5579184839281,0.4553489793028872,0.047573542506512946,3.1496306880045744,803056
2713,593.2539889840457,114,1,0,0.5809615522715235,0.1607159541745912,74.85952294500251,75.94768841224804,-262.77409804494755,0.7257027647605068,0.04910166689047688,3.2408148865950737,803170
2714,531.3784499703972,131,1,0,0.4060636155416504,0.2862680469573976,69.11603206168604,70.49047488292665,-262.84219185632605,0.42009684338255693,0.05078484453545272,3.140829919858743,803301
2715,623.6091822425819,199,1,0,0.9074096580859294,0.38549198377554816,61.23799841128402,61.008907457092896,-263.16326996309675,-0.060048048070926764,0.05144132531467994,2.9797691508154176,803500
2716,592.261815068822,121,1,0,1.1441427429516762,0.3776161192686769,76.26750298965075,75.17839861310217,-262.70370306850464,-0.03354885700074109,0.050960042136759795,2.988704389777065,803621
2717,593.7999388960154,124,1,0,1.0691142509223783,0.3987685055932424,67.64456960462755,64.52554941946461,-263.15685149162044,-0.16219924606623187,0.05074555682198655,2.9455593420613195,803745
2718,585.1735316531074,129,1,0,0.5222237348938601,0.33282101110028156,83.35786831286526,88.49214540525924,-262.857623551243,0.07428118543222893,0.050754245515017546,3.024818023045858,803874
2719,604.5499674501676,132,1,0,0.8317516799613501,0.39084453639410227,64.5847997159669,62.82459837740118,-263.20450441765064,0.0482483738045575,0.050884940322827206,3.0161867810018137,804006
2720,596.6102543225395,135,1,0,0.6157892189823497,0.30131594975679504,72.73396487059416,73.00877824006257,-263.4461483425564,-0.03320141757527987,0.05095001892359168,2.988837793138292,804141
2721,598.4921860087177,124,1,0,2.2907188747013834,0.3918986232069701,85.82684489219419,87.1086414860141,-263.34193395799207,0.016639206858892596,0.05069614327963321,3.005545371963132,804265
2722,367.3411619019673,123,1,0,0.04602633945221518,0.23094803102220332,60.49563535054525,64.55164644194812,-262.86167386683024,0.1766385217992271,0.05093079923493106,3.0593565847815536,804388
2723,593.9024637029421,122,1,0,1.636564058159984,0.3304742413726336,61.96116803904049,63.535427734500075,-263.3135456022669,0.0287270350381732,0.05142729213369674,3.0096712346936836,804510
2724,597.0480128865171,110,1,0,0.7598080372651771,0.1178346873808466,79.79022080681541,79.4880798773332,-262.8269755970348,0.025518659959462557,0.051534113084728064,3.0085995760830966,804620
2725,593.5888781890105,114,1,0,1.6437658810298112,0.2471948018832416,68.66915053652043,69.08809298799748,-263.2185861687911,-0.17421869201618329,0.05151205362850114,2.9412854491618643,804734
2726,664.8489886598003,288,1,0,0.598634946896431,0.3435727403557182,74.57925609416432,75.0587712890572,-263.4903251330058,-0.3786372410508597,0.04933199691327496,2.87369681811995,805022
2727,594.0448770437029,126,1,0,1.0432277602582984,0.22714085964019298,70.29587468646821,70.04768128622146,-262.55545734223864,0.19816006779197662,0.04846523767189374,3.065515433038984,805148
2728,592.1829531772598,118,1,0,1.1998268446354374,0.38557234539364754,72.28610832408323,72.27705376835193,-263.5999841205144,0.03333914740863493,0.04915923827280432,3.0110378992759577,805266
2729,595.8788470042975,128,1,0,0.9882721205755972,0.27079266922262835,75.0270712301135,74.82596606761217,-263.6586332321167,-0.1352596576907672,0.04884946814854629,2.955156171694398,805394
2730,594.7108673891948,125,1,0,0.9249337512155308,0.21838188515041257,75.93062384033203,75.42000511169434,-263.37065466308593,-0.2017227596640587,0.048467972576618196,2.93334948348999,805519
2731,595.1071803635853,121,1,0,1.32309099112339,0.1957195214715443,88.80519245872813,88.89310863589452,-263.3149279129407,-0.26111634254209265,0.04768243275028615,2.914101289323539,805640
2732,596.3578481335437,118,1,0,0.8849510075711531,0.23993335966526583,70.37504766755185,72.49576725394039,-264.0326280755512,0.09832452714316926,0.047437213171841734,3.032249648692244,805758
2733,598.0532772336774,114,1,0,1.8348107018237638,0.11534023027001851,74.5356353542261,72.97604286461545,-262.6710499545984,0.2482754991373472,0.048001039903937726,3.0816966504381416,805872
2734,596.5221892403965,114,1,0,1.6623314493839465,0.12983428512551268,51.50435691967345,51.32035047966137,-262.71380320766514,0.34941299226984646,0.04864420578406568,3.1155943159471478,805986
2735,597.6719162629269,122,1,0,0.8990044194672617,0.32633785968695206,90.77979251204944,92.58935659439837,-263.1985534918113,0.7273844831974291,0.050322467247482204,3.242939986166407,806108
2736,594.3401353362572,140,1,0,1.0575708339165844,0.3904154465146661,76.32725408417838,76.75985136713301,-263.8778151375907,-0.04641404516462769,0.051614619365760256,2.9842969349452426,806248
2737,597.2661125507246,120,1,0,0.9679083493389983,0.10245450553812188,73.8555184841156,77.69111701647441,-262.76198183695476,-0.08832014380022883,0.051136166385064526,2.9702948073546094,806368
2738,598.7726331208439,119,1,0,1.7621444632573025,0.10703215324694615,80.10992642410663,80.49682272582496,-262.83887411165637,-0.3239314401475321,0.05052732857836395,2.891460775327282,806487
2739,584.0820055054962,111,1,0,0.47012993312265006,0.11926626810688779,56.415812406454,60.42292887026125,-263.5808684203002,-0.3570777011011635,0.049601701063078804,2.881083076064651,806598
2740,595.9889481964267,116,1,0,0.5766960434188502,0.09453304736350811,69.71488888510342,73.5340976468448,-263.7587407868484,-0.49388569930632564,0.04855474993458082,2.8366933074490777,806714
2741,598.2903674957415,122,1,0,1.455281502414231,0.25347923337492073,83.59849270054552,83.84560524049353,-263.24057782282597,-0.04604672518421392,0.04776527970785,2.9848276865286905,806836
2742,566.1962758856639,129,1,0,0.3915446987224105,0.2896683741746761,79.84325631459554,81.64204686926317,-263.45047470211057,0.35102081847514294,0.04809493932497594,3.115681149238764,806965
2743,596.6871975175393,115,1,0,0.6096600822061866,0.20966213534000486,65.80018112348473,67.33166068533193,-263.1155788255775,0.25400033476560013,0.04918394545498102,3.0841696511144225,807080
2744,596.2873938884707,116,1,0,1.3237016999309685,0.17871405405290738,61.75834265248529,63.453231433342246,-263.57621975602774,0.10299580396506293,0.04956029021534426,3.0342562198638916,807196
2745,601.9645792455046,129,1,0,1.086718775002311,0.39549214226032153,62.00156180063883,60.30506100765494,-262.70216901912244,0.19030824725249018,0.049749245304007865,3.0633932675502096,807325
2746,598.5671607466511,126,1,0,1.3750108891752983,0.24634767958544654,78.5985446960207,79.94108281816754,-263.47759694901725,-0.15289720088716538,0.05003178776020095,2.948951906628079,807451
2747,597.470871162872,112,1,0,1.0127524429838182,0.1399513240786415,73.16500621182578,74.58547115325928,-263.51581736973355,-0.2118043123544859,0.04944862654831793,2.929497229201453,807563
2748,595.5456122697925,114,1,0,1.8841563648056452,0.2231449350227095,78.12350784268295,77.78738134785702,-263.10805591784026,0.22331601871471657,0.049504310709604045,3.0742501689676653,807677
2749,594.0793723427502,125,1,0,1.0693965289022227,0.34011024271466794,67.86124446868897,66.7496710281372,-263.8666380615234,-0.2063138073682785,0.04962368634343147,2.9313257904052734,807802
2750,598.5449833058434,121,1,0,1.120123648758799,0.09955329168935048,67.90448987188418,66.55665200603895,-263.8854887150536,-0.0027580373297052935,0.04909322573995787,2.999059231813289,807923
2751,595.2943675538536,119,1,0,1.89501602719786,0.2725383293079403,79.27254691244174,80.53512085185332,-263.50350875213365,0.08358055807086599,0.04931297156364978,3.0277489313558372,808042
2752,-129.63161600226312,70,0,1,-0.05503458123033367,4.577657454315738,78.04522523880004,77.60475940704346,-264.44095306396486,-0.19624424002000262,0.04928828861032213,2.9347931691578455,808112
2753,569.7453955111542,205,1,0,0.35097738664765554,0.3942579650584306,76.07650820569295,76.1629581451416,-263.25538337521436,-0.13391488323487888,0.048691309788605065,2.955625384028365,808317
2754,595.8166519311833,132,1,0,1.0794462577998067,0.16022566472648647,81.41916660829024,81.76515690485637,-262.75899991122157,-0.011120944791896776,0.04862736354610234,2.996292527877923,808449
2755,419.34821535549986,140,1,0,0.1954005132905956,0.1966086016953762,66.49470440319607,65.3515481540135,-263.26133204868864,-0.3636297945997545,0.04780766253492662,2.8803344811711993,808589
2756,598.3949736437698,119,1,0,1.448740132178602,0.10428554446647026,63.59761935322224,65.45857886306378,-262.9927250196954,-0.072022180847761,0.04726056241187729,2.9764055244061125,808708
2757,569.2763027646229,133,1,0,0.4511428016463781,0.30885184578735003,88.65324699430538,87.907352999637,-262.9995936343544,-0.1296407199723828,0.04686429712893371,2.957640266059933,808841
2758,631.3482613799679,209,1,0,0.518738125239172,0.39648515498495335,77.44093779057407,77.19175110593366,-263.01359769830293,0.12426986436595756,0.046800791575577844,3.0405873328304747,809050
2759,545.061362965735,131,1,0,0.29900964367437616,0.24453074360861277,67.0529599590156,68.13742802889293,-262.5133336190959,0.23935313730408217,0.04756444928641538,3.0785510321609846,809181
2760,594.1370072208929,134,1,0,1.3207976839415623,0.3864035015121122,59.292993182566626,59.559091895373896,-263.2116905326274,0.32653270639590365,0.04813464586414508,3.1077576181781827,809315
2761,585.7832579912141,135,1,0,0.4931711912089074,0.3922011288606903,63.60813860716643,62.046662683840154,-263.266372567636,0.30562863256092426,0.04932676429549853,3.1016266911118118,809450
2762,598.2477311822093,113,1,0,0.9956714646301535,0.12202008577272096,70.95994234507063,72.31530993807633,-262.5237614454421,0.08809522025089349,0.05019942951281514,3.0294171434588137,809563
2763,599.3981987889516,128,1,0,0.7875105843210597,0.08451964391749561,76.10065253078938,73.96115966886282,-263.35728347301483,-0.36691172467544675,0.0497747095359955,2.8776957597583532,809691
2764,524.5109922934924,134,1,0,0.29885526896486114,0.17601433239783346,60.83651806703254,60.17009688847101,-262.79569437966416,0.30554136870178716,0.04948012814370554,3.1016593958014873,809825
2765,598.4122567994351,118,1,0,0.6694251546990274,0.11597380314853473,89.14617960331803,88.85833724070403,-262.293265003269,-0.3347243289068594,0.04972429371486276,2.8884712053557573,809943
2766,579.0623586667596,125,1,0,0.47506234082426685,0.25639931507925373,56.6182815246582,58.98669706726074,-262.8183962402344,0.13897875593602657,0.049331982970237734,3.0461850605010987,810068
2767,598.940792552761,112,1,0,1.214439137604603,0.14424302503512393,71.88774532079697,72.41181417022433,-262.26764242989674,-0.021842422928395017,0.04964727868459055,2.9927049598523547,810180
2768,599.2536519392629,118,1,0,1.4111791105204072,0.049667019410172576,73.95569404505066,73.65526306831231,-262.6771542823921,0.38066515184433786,0.049838168199284605,3.1270003520836265,810298
2769,598.0357573859087,119,1,0,0.6908876438152741,0.21237475065441389,83.73219754515576,83.4742119733025,-262.40722810120144,0.17004372235857138,0.05092384046366235,3.057055270972372,810417
2770,599.2453544195185,117,1,0,0.973886059442512,0.08902824845186938,71.14248412694687,76.26211808685564,-262.87829042092346,0.5606831773860842,0.05176071316385881,3.189418122299716,810534
2771,596.9921187540285,119,1,0,1.731486191059161,0.11142107033509954,71.6669786677641,74.45042955574868,-263.2370013068704,0.49510264005355475,0.0534329580597016,3.168988838917067,810653
2772,597.8729743503959,119,1,0,1.3435684331728728,0.07840930710021708,70.70811061698849,71.93239070187096,-263.52361765629104,0.2005985014203216,0.05461175833680049,3.068958767321931,810772
2773,596.6671299093537,133,1,0,0.587053536535349,0.39641691991717526,76.90373257945355,78.83375861232442,-262.5750517881006,-0.31536533481868584,0.054676425020049386,2.891599144254412,810905
2774,600.1024976414727,125,1,0,0.666718483088806,0.1671584381807479,62.13088327026367,62.66636158752441,-263.30189123535155,-0.0657408742159605,0.05363958323001861,2.9774672470092773,811030
2775,448.6193038750502,129,1,0,0.17555183428887722,0.17652386722932728,69.63342902457067,72.13053658211878,-262.74015938219173,-0.21469341339760048,0.053410880671915156,2.926742758861808,811159
2776,595.6352877712358,112,1,0,1.267487009602771,0.21284218716105446,74.05429974624089,71.52147681372506,-261.9509360449655,-0.056439686100929976,0.0525661615455257,2.9806856087275913,811271
2777,594.7152278659971,125,1,0,0.5511590061908942,0.18670079067004308,89.52432668304444,91.66989847564697,-262.0491864013672,-0.30995152428746225,0.05245123860239983,2.8949050846099853,811396
2778,-167.14036818874325,73,0,1,-0.08708552040521611,4.6930260852481265,51.4498788363313,51.144381849733115,-261.8853046992054,-0.17560133858494562,0.05167228381519448,2.9407212930182887,811469
2779,594.0821880335182,118,1,0,0.9434267006625072,0.31530823233891997,74.29298963385114,74.97550460847758,-262.51361588300284,-0.2845053315415221,0.05115889148565672,2.904307793762724,811587
2780,596.7257470184869,117,1,0,0.6026089867796918,0.14686166277350318,71.23419896150247,71.3908084885687,-262.8271742600661,0.10650149140602504,0.05115718521878251,3.035614374356392,811704
2781,592.7133209794241,118,1,0,1.3356285501518463,0.3052123697514972,82.14792918350737,82.68694897021277,-262.8613189438642,-0.2337129696951074,0.05079161047430362,2.921618118124493,811822
2782,596.383089189442,121,1,0,0.9274889603292613,0.15902643105463413,66.39899489505233,66.11520363673691,-261.62683988208613,-0.25692658335709373,0.04998328268897435,2.9142279999315246,811943
2783,569.4625101104239,117,1,0,0.41591801727908306,0.22711671218885354,68.39218768910465,69.42815477420122,-261.86914884127106,0.08020308717257446,0.04964082070395478,3.0266997712290187,812060
2784,595.3541934530895,110,1,0,1.556659949527514,0.30421961730383956,85.4541995828802,87.27155636874112,-261.69480507590555,-0.12328888668932698,0.04958739250221036,2.9589287194338714,812170
2785,336.0867419114401,123,1,0,0.07935441815345023,0.291555593700889,79.18918736000371,79.5792832258271,-261.79250465951316,0.1409216518324565,0.04968242371469978,3.046919491232895,812293
2786,600.0033137334179,123,1,0,0.7060589442211453,0.13821934036963218,82.38983764493368,81.68281099272937,-261.37171390192293,-0.20967978487412134,0.049750262401937466,2.9301604236044536,812416
2787,600.2609832297694,122,1,0,0.8823679850080844,0.12269528508678483,77.84223018708776,81.03773815905461,-261.5909538894403,-0.2873121968730063,0.048806596974857515,2.9047841576279185,812538
2788,599.3445191768691,122,1,0,0.954437113507938,0.15464688132451263,100.97021879915332,99.85169416959168,-260.9959661765177,0.035774568981323085,0.048426080495119095,3.0118074827506893,812660
2789,596.9922151956481,129,1,0,0.6314217685001297,0.34702156264682754,76.81418467676917,76.73095646200254,-261.83768752933474,0.3014230520803799,0.048961699615384255,3.099873004957687,812789
2790,595.478561093669,120,1,0,1.6884858217976797,0.33735441686982315,72.87053547700246,73.79856544335684,-261.7294427235921,-0.046932286800195774,0.04936020439490676,2.9843796610832216,812909
2791,595.7739354835028,113,1,0,1.846638629694663,0.19230786829337096,62.71738939369674,62.533486872647714,-262.4123136807332,-0.4551253579886614,0.04885259705834684,2.849280013447314,813022
2792,593.9778569201028,130,1,0,1.3389079036445546,0.31474716153068055,58.10287444041325,57.05788638775165,-262.1505105825571,-0.33653854137429823,0.04754972503735469,2.889407119384179,813152
2793,552.9225044227544,115,1,0,0.35415786441579034,0.3983926619143026,77.3564850434013,80.31759053935176,-262.1966741147249,-0.20729722633309985,0.046766399624555005,2.9322323508884596,813267
2794,596.348534681948,138,1,0,1.1990499192625526,0.39945687805707325,72.1016915431921,70.23158969049868,-262.3138584745103,-0.2881046505239995,0.04611309434192768,2.9063087183496226,813405
2795,-146.31412291263752,75,0,1,-0.025987383658491292,4.051688644615484,66.48418640136718,66.4389265314738,-262.94439392089845,-0.4655073721706867,0.04534297366937001,2.8494798882802326,813480
2796,597.8182526760697,125,1,0,1.1591058032419292,0.13742215063434202,70.34375981140137,70.60789696502685,-261.71830102539064,-0.18079875972867013,0.044620287984609604,2.941812385559082,813605
2797,519.0649427760638,132,1,0,0.18331497101516914,0.3964631828801135,54.032359759012856,56.810368198336974,-262.88689503525245,0.062210943324096275,0.04437387635874929,3.019966452410727,813737
2798,596.9325139885917,121,1,0,1.1489777031066626,0.29780632884713215,74.36096355343653,76.90464759858186,-262.16528862566986,0.02991155266361542,0.04457089548145444,3.0096086726700966,813858
2799,599.2746053877611,121,1,0,0.8704612721329855,0.11328512396742535,82.46347986174024,86.31183820519566,-261.7012247132861,0.357750343297385,0.045109319631472106,3.115375337521892,813979
2800,595.5308054981982,140,1,0,1.2043495620978835,0.39035590473294113,74.22902806145804,74.49007722990854,-261.96087123325896,0.2596395854439054,0.04572284729885204,3.0842450227056233,814119
