episode,total_steps,train_reward,train_success,train_collision,train_steps,train_final_distance,train_min_clearance,train_path_length,alpha,eval_reward_mean,eval_success_rate,eval_collision_rate,eval_steps_mean,eval_final_distance_mean,eval_min_clearance_mean,eval_path_length_mean,best_score
1,320,-407.52905774116516,0.0,0.0,320,16.783288955688477,3.9208908081054688,9.72924906964181,0.19999998807907104,-761.2544302746653,0.0,0.0,420.0,25.247043132781982,3.63594012260437,25.328951695453725,-2031.43706628402
2,640,-361.96903797984123,0.0,0.0,320,15.287816047668457,3.899374485015869,5.202076591114746,0.19999998807907104,,,,,,,,
3,960,-173.59510481730103,0.0,0.0,320,10.582179069519043,3.792581558227539,10.287136550585274,0.19999998807907104,,,,,,,,
4,1280,-438.88005044311285,0.0,0.0,320,17.668865203857422,3.921626567840576,8.5219329923857,0.1841510534286499,,,,,,,,
5,1600,-138.5991890821606,0.0,0.0,320,9.799798011779785,1.857227087020874,6.020651140715927,0.1676512509584427,,,,,,,,
6,1920,-296.2402457892895,0.0,0.0,320,13.452616691589355,3.8926339149475098,5.641704738838598,0.15298709273338318,,,,,,,,
7,2240,-431.2023974061012,0.0,0.0,320,17.252864837646484,3.8820228576660156,7.1055228601326235,0.14061573147773743,,,,,,,,
8,2560,-520.5077325701714,0.0,0.0,320,19.771682739257812,4.010140419006348,9.16940115293255,0.13095322251319885,,,,,,,,
9,2880,-545.3598119318485,0.0,0.0,320,20.104385375976562,3.9297566413879395,9.397672118153423,0.12315245717763901,,,,,,,,
10,3200,-177.61640460044146,0.0,0.0,320,11.701277732849121,0.5984463691711426,26.164601835014764,0.11685192584991455,-344.3019248098135,0.0,1.0,57.65,7.320678853988648,-0.0436894029378891,4.249429134617094,-667.1984686951619
11,3520,-557.7292000129819,0.0,0.0,320,15.877598762512207,0.07502233982086182,36.80913757404778,0.11258387565612793,,,,,,,,
12,3592,-278.157692046836,0.0,1.0,72,4.758144378662109,-0.12752068042755127,6.664856791263446,0.111800916492939,,,,,,,,
13,3664,-414.63011717796326,0.0,1.0,72,4.7965407371521,-0.10762220621109009,6.387491445988417,0.11091360449790955,,,,,,,,
14,3721,-334.94142550975084,0.0,1.0,57,7.253273010253906,-0.11753588914871216,4.096900587901473,0.1099759042263031,,,,,,,,
15,3781,-333.92357237264514,0.0,1.0,60,7.391158580780029,-0.0010739564895629883,4.089910693815909,0.10906822234392166,,,,,,,,
16,4101,-158.81899187876843,0.0,0.0,320,11.175427436828613,0.8042082786560059,34.82323023863137,0.1073957085609436,,,,,,,,
17,4155,-318.089093670249,0.0,1.0,54,7.38433837890625,-0.01737987995147705,4.095586909912527,0.1071997582912445,,,,,,,,
18,4214,-347.59671399742365,0.0,1.0,59,7.313445091247559,-0.05611836910247803,4.195574802113697,0.1071612685918808,,,,,,,,
19,4271,-332.3237073235214,0.0,1.0,57,7.189698696136475,-0.10583311319351196,4.276045454898849,0.10712045431137085,,,,,,,,
20,4326,-322.5779099408537,0.0,1.0,55,7.2976837158203125,-0.042914390563964844,4.010694714495912,0.10702668875455856,-328.39843056933023,0.0,1.0,56.2,7.337886691093445,-0.05418507754802704,4.098475834226702,-646.6695740355178
21,4383,-318.34196093305945,0.0,1.0,57,7.358850955963135,-0.022382676601409912,4.076223238371313,0.10693313181400299,,,,,,,,
22,4440,-327.3151117870584,0.0,1.0,57,7.163214206695557,-0.09569579362869263,4.227521471737418,0.10687514394521713,,,,,,,,
23,4512,-316.26062207855284,0.0,1.0,72,4.770606517791748,-0.1290847659111023,6.539883847581223,0.1070709377527237,,,,,,,,
24,4568,-328.30116717517376,0.0,1.0,56,6.806097030639648,-0.03616875410079956,4.503407333046198,0.1074301078915596,,,,,,,,
25,4640,-424.65234334021807,0.0,1.0,72,4.862160682678223,-0.0398942232131958,6.525045221904293,0.10774866491556168,,,,,,,,
26,4696,-322.9231314677745,0.0,1.0,56,7.099421977996826,-0.05946493148803711,4.213562250835821,0.1079394742846489,,,,,,,,
27,4755,-331.2103066444397,0.0,1.0,59,6.80961799621582,-0.04093813896179199,4.495249517727643,0.10800609737634659,,,,,,,,
28,4812,-321.40025105979294,0.0,1.0,57,6.925856113433838,-0.012629270553588867,4.287527204258367,0.10814464837312698,,,,,,,,
29,4868,-328.42816966585815,0.0,1.0,56,7.060863494873047,-0.07143336534500122,4.188163749873638,0.10811404883861542,,,,,,,,
30,4924,-314.3503257855773,0.0,1.0,56,7.235786437988281,-0.03544199466705322,4.170572499977425,0.10813474655151367,-322.56363809946924,0.0,1.0,55.2,7.2760731935501095,-0.05984932780265808,4.064047847269103,-638.1125782344491
31,4981,-336.2322259545326,0.0,1.0,57,7.212396144866943,-0.11852067708969116,4.084324199706316,0.10816780477762222,,,,,,,,
32,5037,-331.2757254932076,0.0,1.0,56,7.193113803863525,-0.10506069660186768,4.1320751663297415,0.10807441174983978,,,,,,,,
33,5095,-315.7197022535838,0.0,1.0,58,7.17838191986084,-0.046188294887542725,4.298217557137832,0.10773304849863052,,,,,,,,
34,5152,-328.3145321570337,0.0,1.0,57,7.2160468101501465,-0.08301562070846558,4.198937939945608,0.10737159103155136,,,,,,,,
35,5209,-333.378489241004,0.0,1.0,57,7.165926456451416,-0.018718063831329346,4.068280822364613,0.10739140957593918,,,,,,,,
36,5268,-343.3503947528079,0.0,1.0,59,7.161929130554199,-0.04042559862136841,4.142956989584491,0.10758297145366669,,,,,,,,
37,5327,-349.56359977833927,0.0,1.0,59,6.966954708099365,-0.03376448154449463,4.403156188083813,0.10739197582006454,,,,,,,,
38,5647,-62.36679317895323,0.0,0.0,320,3.154606819152832,0.0924997329711914,30.695074134273455,0.10678964108228683,,,,,,,,
39,5709,-358.8042971501127,0.0,1.0,62,6.866146087646484,-0.00019121170043945312,4.526793546974659,0.10720757395029068,,,,,,,,
40,6029,-279.147464257665,0.0,0.0,320,7.5584797859191895,0.019524216651916504,33.110464877216145,0.10937505960464478,-351.558467782801,0.0,1.0,58.05,6.935220003128052,-0.024597737193107604,4.381359481124673,-638.1125782344491
41,6086,-326.1049590520561,0.0,1.0,57,7.204133987426758,-0.05545496940612793,4.231471881037578,0.10991833359003067,,,,,,,,
42,6406,-192.00384270679206,0.0,0.0,320,7.079074382781982,0.10478043556213379,33.47633521258831,0.11381389945745468,,,,,,,,
43,6461,-313.7830822169781,0.0,1.0,55,7.29874324798584,-0.013499200344085693,4.140591758303344,0.11475245654582977,,,,,,,,
44,6516,-335.7850364819169,0.0,1.0,55,7.240509033203125,-0.0962187647819519,4.11481769871898,0.11578818410634995,,,,,,,,
45,6570,-315.2878209464252,0.0,1.0,54,7.286628246307373,-0.011765122413635254,4.0764658285770565,0.1171623021364212,,,,,,,,
46,6624,-311.89277282729745,0.0,1.0,54,7.318430423736572,-0.0016924142837524414,4.114656717516482,0.11853600293397903,,,,,,,,
47,6678,-327.03047716617584,0.0,1.0,54,7.326925277709961,-0.05264747142791748,4.0113455737009645,0.12004772573709488,,,,,,,,
48,6731,-325.76765625178814,0.0,1.0,53,7.142719268798828,-0.07109588384628296,4.234481795458123,0.12149261683225632,,,,,,,,
49,6784,-328.635297998786,0.0,1.0,53,7.224612712860107,-0.06416428089141846,4.020004585618153,0.12320143729448318,,,,,,,,
50,6837,-309.8850229717791,0.0,1.0,53,7.343847274780273,-0.0007770657539367676,4.084278100868687,0.12463583797216415,-326.4464515092783,0.0,1.0,53.65,7.274638700485229,-0.06221649944782257,4.0826815921464,-638.1125782344491
51,6890,-323.6550615131855,0.0,1.0,53,7.243485450744629,-0.08084231615066528,4.141050999052823,0.12611138820648193,,,,,,,,
52,6944,-337.15038638189435,0.0,1.0,54,7.217501163482666,-0.1203305721282959,4.08073916239664,0.12745796144008636,,,,,,,,
53,6998,-327.8911542063579,0.0,1.0,54,7.247566223144531,-0.11197274923324585,4.238797201542184,0.1290418952703476,,,,,,,,
54,7052,-335.3617447782308,0.0,1.0,54,7.239263534545898,-0.12552881240844727,4.117945380043238,0.13097882270812988,,,,,,,,
55,7106,-343.3417843170464,0.0,1.0,54,7.268798828125,-0.1263725757598877,4.123516057617962,0.13274116814136505,,,,,,,,
56,7160,-326.88588088098913,0.0,1.0,54,7.289735794067383,-0.11009395122528076,4.213684533955529,0.134426087141037,,,,,,,,
57,7213,-317.23504395596683,0.0,1.0,53,7.349233150482178,-0.04612863063812256,4.078154663089663,0.13627898693084717,,,,,,,,
58,7265,-313.04597155796364,0.0,1.0,52,7.331598281860352,-0.02908945083618164,4.0570370513014495,0.13799965381622314,,,,,,,,
59,7317,-312.6937706377357,0.0,1.0,52,7.3629584312438965,-0.013502299785614014,4.015918897464871,0.13960109651088715,,,,,,,,
60,7371,-323.70933989062905,0.0,1.0,54,7.335623264312744,-0.04594308137893677,4.163923895917833,0.14155158400535583,-325.37196450764316,0.0,1.0,53.0,7.3083740234375,-0.08458823561668397,4.129116721602623,-637.4632352840622
61,7425,-313.6015673521906,0.0,1.0,54,7.390687465667725,-0.005130171775817871,4.173381840344518,0.14366139471530914,,,,,,,,
62,7478,-323.1908840481192,0.0,1.0,53,7.336709976196289,-0.06483930349349976,4.105864991666749,0.14571410417556763,,,,,,,,
63,7532,-336.34591197036207,0.0,1.0,54,7.269671440124512,-0.1307094693183899,4.25356683251448,0.14777052402496338,,,,,,,,
64,7586,-335.83414049912244,0.0,1.0,54,7.270285606384277,-0.11621516942977905,4.24167322809808,0.1499643474817276,,,,,,,,
65,7639,-324.8009715266526,0.0,1.0,53,7.304675579071045,-0.09801799058914185,4.220066803041846,0.1522739827632904,,,,,,,,
66,7692,-339.5445818901062,0.0,1.0,53,7.288079261779785,-0.10584545135498047,4.097993268864229,0.15484073758125305,,,,,,,,
67,7750,-333.75292985886335,0.0,1.0,58,7.183718204498291,-0.01661282777786255,4.511565400986001,0.15677738189697266,,,,,,,,
68,7807,-336.9275979916565,0.0,1.0,57,7.262645244598389,-0.06955891847610474,4.339001324959099,0.15892121195793152,,,,,,,,
69,8127,-548.1786873210222,0.0,0.0,320,21.20162010192871,1.0305185317993164,37.660180035280064,0.17220604419708252,,,,,,,,
70,8447,-290.7654699794948,0.0,0.0,320,14.544842720031738,0.4905052185058594,35.78657239302993,0.18465615808963776,-472.2771759194555,0.0,0.0,420.0,17.341502571105956,0.5854146182537079,50.05641624606214,-637.4632352840622
71,8767,-284.2500979267061,0.0,0.0,320,13.99062442779541,0.7862284183502197,36.02605799888261,0.199204221367836,,,,,,,,
72,9087,-354.7317571621388,0.0,0.0,320,16.083114624023438,0.7732175588607788,35.93788683717139,0.2153773456811905,,,,,,,,
73,9407,-328.9684620788321,0.0,0.0,320,15.208549499511719,0.7956256866455078,35.98788655200042,0.23159970343112946,,,,,,,,
74,9727,-289.135600724956,0.0,0.0,320,14.114574432373047,1.3808329105377197,36.16215548152104,0.24659118056297302,,,,,,,,
75,10047,-93.87164669507183,0.0,0.0,320,6.984203338623047,1.2923893928527832,35.80139705399051,0.2615000307559967,,,,,,,,
76,10367,40.29964651912451,0.0,0.0,320,5.719664096832275,1.749572992324829,35.92158614262007,0.2701318860054016,,,,,,,,
77,10687,57.2507658964023,0.0,0.0,320,5.162456512451172,1.4535341262817383,35.707194285001606,0.27390196919441223,,,,,,,,
78,11007,93.63692176528275,0.0,0.0,320,3.8111860752105713,1.833949089050293,36.04619920090772,0.2746448218822479,,,,,,,,
79,11327,153.34703626530245,0.0,0.0,320,2.049112558364868,1.9896955490112305,35.35532268881798,0.26708701252937317,,,,,,,,
80,11647,154.43924872763455,0.0,0.0,320,1.953129768371582,2.223926305770874,34.881209643092006,0.2586003839969635,-220.54642767572076,0.0,0.0,420.0,11.779978370666504,2.1991766929626464,46.796326482016596,-637.4632352840622
81,11967,103.00611046794802,0.0,0.0,320,3.1876723766326904,2.3790669441223145,34.38163836346939,0.252230703830719,,,,,,,,
82,12287,146.03531312104315,0.0,0.0,320,2.052135944366455,2.343672752380371,33.48219649679959,0.24955958127975464,,,,,,,,
83,12607,-100.9300830103457,0.0,0.0,320,8.514470100402832,2.533400297164917,31.18942285492085,0.25217828154563904,,,,,,,,
84,12927,-147.05094324192032,0.0,0.0,320,9.71563720703125,2.693256378173828,29.83225550292991,0.25804299116134644,,,,,,,,
85,13247,-378.03360935719684,0.0,0.0,320,15.998746871948242,2.6765997409820557,26.968783546006307,0.26190707087516785,,,,,,,,
86,13567,-348.8604358518496,0.0,0.0,320,15.172574996948242,2.9026265144348145,27.340528471628204,0.25588032603263855,,,,,,,,
87,13887,-213.72654359508306,0.0,0.0,320,11.491622924804688,2.8779168128967285,29.17429031105712,0.2530536651611328,,,,,,,,
88,14207,-15.717593135428615,0.0,0.0,320,6.361575603485107,2.060969114303589,30.016224486287683,0.2522766888141632,,,,,,,,
89,14527,-545.5095929950476,0.0,0.0,320,20.74619483947754,2.297940731048584,26.58477204758674,0.2538546919822693,,,,,,,,
90,14847,63.97871541790664,0.0,0.0,320,4.481863975524902,1.4961395263671875,29.25706000428181,0.2524080276489258,-13.816333614179166,0.0,0.0,420.0,2.244165164232254,1.431229591369629,41.707993681257356,-637.4632352840622
91,15167,-112.3042684495449,0.0,0.0,320,8.9944429397583,2.3512821197509766,26.748210626887158,0.24946922063827515,,,,,,,,
92,15487,84.55691867694259,0.0,0.0,320,3.993638038635254,0.6715058088302612,29.00690342905,0.24754485487937927,,,,,,,,
93,15807,-244.38441450917162,0.0,0.0,320,13.01072883605957,2.3086953163146973,18.32631694735028,0.24438759684562683,,,,,,,,
94,16127,-246.1274845204316,0.0,0.0,320,12.971327781677246,2.294004201889038,18.056964602321386,0.2451682686805725,,,,,,,,
95,16447,20.04196590790525,0.0,0.0,320,5.7552080154418945,2.052631139755249,25.422334117116407,0.24659423530101776,,,,,,,,
96,16767,-133.45526779117063,0.0,0.0,320,9.723992347717285,1.894601821899414,5.492229221388698,0.2438937872648239,,,,,,,,
97,17087,-299.9518063417636,0.0,1.0,320,2.2132630348205566,-0.061280906200408936,28.09181500878185,0.2368747889995575,,,,,,,,
98,17407,107.3543595932424,0.0,0.0,320,3.4130499362945557,1.1847341060638428,28.47721901535988,0.23523421585559845,,,,,,,,
99,17727,91.7701320531778,0.0,0.0,320,3.832943916320801,1.328249454498291,27.498868480091915,0.24158021807670593,,,,,,,,
100,18047,-81.40904819499701,0.0,0.0,320,8.489269256591797,1.295304536819458,5.00251303287223,0.23459292948246002,-120.8623537676527,0.0,0.0,420.0,8.345973014831543,1.1374562978744507,3.7748057409349713,-637.4632352840622
101,18367,-137.39017810032237,0.0,0.0,320,5.965383052825928,0.23291528224945068,20.30877628456801,0.2403675764799118,,,,,,,,
102,18652,-364.508779943455,0.0,1.0,285,5.6978068351745605,-0.057192444801330566,24.591825866140425,0.2425730675458908,,,,,,,,
103,18972,49.59569012990687,0.0,0.0,320,5.316126823425293,1.60676908493042,20.334981401450932,0.2525690197944641,,,,,,,,
104,19240,-302.6636411435902,0.0,1.0,268,3.3547372817993164,-0.055122315883636475,22.702788585913368,0.24975287914276123,,,,,,,,
105,19560,-12.653042630758137,0.0,0.0,320,6.507070541381836,1.5271520614624023,14.546143470564857,0.24788877367973328,,,,,,,,
106,19819,-366.1812764732167,0.0,1.0,259,5.820005893707275,-0.03888094425201416,22.03393460949883,0.24715864658355713,,,,,,,,
107,20139,-126.79621262161527,0.0,0.0,320,9.75869083404541,1.7735989093780518,8.932491560932249,0.2391287386417389,,,,,,,,
108,20459,47.052260922733694,0.0,0.0,320,5.381962299346924,1.0390160083770752,21.43820106377825,0.23452861607074738,,,,,,,,
109,20779,-33.67104078922421,0.0,0.0,320,7.473167419433594,1.7900352478027344,21.431457207072526,0.22828342020511627,,,,,,,,
110,21099,6.3221149649471045,0.0,0.0,320,6.224092960357666,1.1510441303253174,17.831240305211395,0.22392606735229492,-342.6089404509729,0.0,0.75,402.0,6.136590504646302,0.09191899299621582,24.432244454865575,-637.4632352840622
111,21419,40.84450863022357,0.0,0.0,320,5.3972039222717285,0.7469364404678345,16.463787544053048,0.2279975861310959,,,,,,,,
112,21739,94.18372373469174,0.0,0.0,320,2.311002492904663,0.08161556720733643,21.325432027922943,0.23025807738304138,,,,,,,,
113,22059,-126.32208890188485,0.0,0.0,320,10.0460786819458,1.8482966423034668,24.340377116110176,0.23246712982654572,,,,,,,,
114,22379,73.54558326210827,0.0,0.0,320,4.39402961730957,2.107553005218506,19.998216188745573,0.2373986393213272,,,,,,,,
115,22699,20.00281040230766,0.0,0.0,320,5.908566951751709,1.7422938346862793,13.746188220568001,0.23860330879688263,,,,,,,,
116,23019,-243.4138248306699,0.0,0.0,320,13.262508392333984,2.477165460586548,23.66511607496068,0.23921377956867218,,,,,,,,
117,23339,-217.3596541741863,0.0,0.0,320,12.350152015686035,1.88704252243042,16.11181212682277,0.2451551854610443,,,,,,,,
118,23659,60.63679941231385,0.0,0.0,320,5.219265937805176,2.246351480484009,20.13415002846159,0.2509119510650635,,,,,,,,
119,23979,-102.9312616395764,0.0,0.0,320,9.375493049621582,2.3792567253112793,13.09647720050998,0.24627187848091125,,,,,,,,
120,24299,-329.1671042554808,0.0,0.0,320,15.372299194335938,2.3857779502868652,17.981812788988464,0.23711566627025604,-301.021823216273,0.0,1.0,357.55,1.2525713980197906,-0.06363940834999085,22.459656002535485,-637.4632352840622
121,24619,-257.99282393977046,0.0,0.0,320,13.620311737060547,2.5283477306365967,18.307189882732928,0.23457710444927216,,,,,,,,
122,24939,133.35580981930252,0.0,0.0,320,3.1647965908050537,1.9832758903503418,20.202450049342588,0.2342330664396286,,,,,,,,
123,25259,120.75964663363993,0.0,0.0,320,3.5225980281829834,2.4520092010498047,20.432504774071276,0.23376289010047913,,,,,,,,
124,25579,-715.7872551437467,0.0,0.0,320,25.782840728759766,1.7419722080230713,27.631743556819856,0.23747526109218597,,,,,,,,
125,25899,68.42519157088827,0.0,0.0,320,3.2436137199401855,0.9752281904220581,19.80359819624573,0.24803800880908966,,,,,,,,
126,26219,80.98363884398714,0.0,0.0,320,4.79490852355957,1.3112874031066895,21.27420285437256,0.2481515258550644,,,,,,,,
127,26539,-90.34238095174078,0.0,0.0,320,8.13924503326416,1.1100800037384033,24.003948470344767,0.2496003359556198,,,,,,,,
128,26859,43.20838931319304,0.0,0.0,320,5.836008071899414,1.4082608222961426,21.412031420739368,0.25101014971733093,,,,,,,,
129,27179,-7.677582188975066,0.0,0.0,320,7.354291915893555,1.2642581462860107,21.908531971508637,0.24127957224845886,,,,,,,,
130,27499,148.43259434611537,0.0,0.0,320,2.934351682662964,1.3257241249084473,21.516189918620512,0.23849044740200043,-300.1172915784584,0.0,0.0,420.0,11.087555742263794,0.12289345860481263,35.97778193176491,-637.4632352840622
131,27819,18.720247318502516,0.0,0.0,320,5.52628755569458,1.0366816520690918,21.316605192841962,0.2352011352777481,,,,,,,,
132,28139,97.49028809997253,0.0,0.0,320,3.058154821395874,0.9232231974601746,20.003548031672835,0.2336575835943222,,,,,,,,
133,28459,52.59849813953042,0.0,0.0,320,3.6388564109802246,0.7690349221229553,20.723312583053485,0.23539721965789795,,,,,,,,
134,28779,82.75408399058506,0.0,0.0,320,2.610246181488037,0.7306566834449768,20.772384028648958,0.23902393877506256,,,,,,,,
135,29099,-101.51218259893358,0.0,0.0,320,7.42727518081665,0.5962135195732117,22.990801650099456,0.24037401378154755,,,,,,,,
136,29419,-282.62845028936863,0.0,0.0,320,7.425936222076416,0.10712242126464844,24.474480081582442,0.2364177256822586,,,,,,,,
137,29614,-264.928776178509,0.0,1.0,195,1.2355090379714966,-0.005587220191955566,14.33053720695898,0.23465493321418762,,,,,,,,
138,29811,-210.46793475747108,0.0,1.0,197,1.8670986890792847,-0.05478346347808838,14.002734335605055,0.23380690813064575,,,,,,,,
139,30005,-235.19075931422412,0.0,1.0,194,2.1199429035186768,-0.06393933296203613,14.064641733188182,0.23118740320205688,,,,,,,,
140,30251,-214.7132143289782,0.0,1.0,246,1.2134501934051514,-0.07501119375228882,20.22443566424772,0.22548380494117737,-263.8154225412145,0.0,1.0,183.55,3.4198187470436094,-0.025847259163856506,12.949919296358711,-637.4632352840622
141,30416,-265.69731196621433,0.0,1.0,165,3.6724414825439453,-0.08622884750366211,12.425941283116117,0.22294361889362335,,,,,,,,
142,30584,-244.95107018388808,0.0,1.0,168,3.9020285606384277,-0.0008422136306762695,12.58350043790415,0.22039400041103363,,,,,,,,
143,30904,-156.62966459430754,0.0,0.0,320,9.740579605102539,1.0212106704711914,31.652197513030842,0.21473799645900726,,,,,,,,
144,31224,-146.89716318948194,0.0,0.0,320,11.329168319702148,1.2584044933319092,32.230021031340584,0.21319949626922607,,,,,,,,
145,31544,-186.73346107359976,0.0,0.0,320,12.497673034667969,1.111065149307251,32.73946160473861,0.21545636653900146,,,,,,,,
146,31864,-231.32337484625168,0.0,0.0,320,13.762866020202637,1.385296106338501,33.73607616242953,0.21568331122398376,,,,,,,,
147,32184,-199.06640999484807,0.0,0.0,320,12.767051696777344,0.9454824924468994,32.51213866029866,0.2149035781621933,,,,,,,,
148,32504,-190.7631783336401,0.0,0.0,320,12.555448532104492,1.3932948112487793,32.060868004802614,0.21516792476177216,,,,,,,,
149,32824,-231.5696018137969,0.0,0.0,320,13.81973648071289,1.5191900730133057,33.25201822887175,0.21862980723381042,,,,,,,,
150,33144,-218.95106678828597,0.0,0.0,320,13.481284141540527,1.474567174911499,33.15034504060168,0.21925434470176697,-500.3898718188255,0.0,0.0,420.0,19.782049083709715,1.447268009185791,44.898963265831114,-637.4632352840622
151,33464,-195.0005773899611,0.0,0.0,320,12.014655113220215,1.2697319984436035,30.771976803895086,0.2111474573612213,,,,,,,,
152,33784,-287.2462635934353,0.0,0.0,320,12.144204139709473,1.1747055053710938,29.795574118150398,0.20627228915691376,,,,,,,,
153,34104,-292.5912784440443,0.0,0.0,320,12.169590950012207,0.29836803674697876,29.08974570175633,0.2048688679933548,,,,,,,,
154,34424,-163.51775412634015,0.0,0.0,320,9.422868728637695,0.6426953673362732,26.79203801159747,0.2037394493818283,,,,,,,,
155,34637,-198.86087835486978,0.0,1.0,213,1.1227937936782837,-0.012079834938049316,15.932575069833547,0.20256641507148743,,,,,,,,
156,34864,-615.1050294451416,0.0,1.0,227,3.4355931282043457,-0.03668344020843506,15.657084997976199,0.2039235681295395,,,,,,,,
157,35071,-369.98254691809416,0.0,1.0,207,2.396315574645996,-0.0020870566368103027,14.008516303263605,0.20406021177768707,,,,,,,,
158,35250,-242.44465181883425,0.0,1.0,179,1.9504790306091309,-0.02520996332168579,13.468016086611897,0.20364104211330414,,,,,,,,
159,35449,-231.56318494677544,0.0,1.0,199,1.8068535327911377,-0.049053847789764404,14.346567776286975,0.20365262031555176,,,,,,,,
160,35649,-235.74500946700573,0.0,1.0,200,1.7361842393875122,-0.04258781671524048,14.35785048129037,0.2029656171798706,-242.2347986400593,0.0,1.0,200.75,2.142638695240021,-0.033321455121040344,14.60978475167649,-637.4632352840622
161,35843,-218.41849360987544,0.0,1.0,194,1.7568820714950562,-0.008594155311584473,14.089943021303043,0.2065868228673935,,,,,,,,
162,36041,-223.12395728379488,0.0,1.0,198,2.1421234607696533,-0.008051872253417969,14.396667808759958,0.20675019919872284,,,,,,,,
163,36221,-205.78459117840976,0.0,1.0,180,2.1189353466033936,-0.03027033805847168,14.49914035690017,0.20756377279758453,,,,,,,,
164,36409,-297.6698015141301,0.0,1.0,188,2.14988112449646,-0.06624436378479004,14.764355561928824,0.20587065815925598,,,,,,,,
165,36609,-197.43646892160177,0.0,1.0,200,1.4227534532546997,-0.0133628249168396,15.604193994542584,0.2021445631980896,,,,,,,,
166,36797,-232.6211070716381,0.0,1.0,188,1.923484444618225,-0.06066322326660156,13.381311687408015,0.20203034579753876,,,,,,,,
167,36984,-210.43674677424133,0.0,1.0,187,1.847739815711975,-0.043671607971191406,13.711743848398328,0.2022823840379715,,,,,,,,
168,37171,-213.5386535882717,0.0,1.0,187,1.7920211553573608,-0.07125657796859741,13.986323936842382,0.20081020891666412,,,,,,,,
169,37368,-185.52494687587023,0.0,1.0,197,1.8157861232757568,-0.03413611650466919,15.066910242196172,0.1990390568971634,,,,,,,,
170,37560,-195.76586609892547,0.0,1.0,192,1.6443870067596436,-0.05479860305786133,14.563665905967355,0.19549201428890228,-432.9798768873443,0.0,1.0,261.25,2.3176659286022185,-0.052499827742576596,20.93091841248097,-637.4632352840622
171,37750,-203.60556232184172,0.0,1.0,190,1.4899786710739136,-0.05912071466445923,14.545578517951071,0.19165056943893433,,,,,,,,
172,37931,-177.15196799859405,0.0,1.0,181,1.7596303224563599,-0.025285780429840088,13.833429711405188,0.189533069729805,,,,,,,,
173,38120,-185.360095590353,0.0,1.0,189,1.7136213779449463,-0.05384248495101929,14.281061290297657,0.18622632324695587,,,,,,,,
174,38314,-196.481865827227,0.0,1.0,194,1.7945783138275146,-0.07083112001419067,13.975870709866285,0.18386836349964142,,,,,,,,
175,38634,-250.33742024376988,0.0,0.0,320,7.144478797912598,0.09135031700134277,25.123191465390846,0.18613499402999878,,,,,,,,
176,38954,-328.64877759385854,0.0,0.0,320,7.5904645919799805,0.023046910762786865,24.048255367204547,0.18944813311100006,,,,,,,,
177,39274,-308.40764641948044,0.0,0.0,320,11.778085708618164,0.2962852120399475,27.743289532139897,0.18927039206027985,,,,,,,,
178,39594,-227.9443841688335,0.0,0.0,320,7.202572822570801,0.21405553817749023,23.76087696896866,0.18962490558624268,,,,,,,,
179,39760,-286.37140212766826,0.0,1.0,166,3.3732242584228516,-0.017288923263549805,12.332176654832438,0.19125644862651825,,,,,,,,
180,40080,-104.88301187148318,0.0,0.0,320,7.257839679718018,0.4197348356246948,23.82880826620385,0.19227546453475952,-313.9533718296734,0.0,0.15,380.9,6.844162583351135,0.15735061168670655,28.32710697778966,-637.4632352840622
181,40258,-378.2455579920206,0.0,1.0,178,2.2421061992645264,-0.01138615608215332,12.732017923844978,0.191480353474617,,,,,,,,
182,40578,62.8850102443248,0.0,0.0,320,3.644876480102539,0.4950554370880127,18.687272281153128,0.19037508964538574,,,,,,,,
183,40898,51.31061856914312,0.0,0.0,320,5.826226711273193,0.6737715005874634,22.80833808449097,0.19219763576984406,,,,,,,,
184,41218,57.111406266805716,0.0,0.0,320,3.9010045528411865,0.5886507630348206,20.860919588711113,0.18766066431999207,,,,,,,,
185,41538,124.09628229122609,0.0,0.0,320,3.4798223972320557,1.2700963020324707,19.93333636666648,0.1865329146385193,,,,,,,,
186,41858,105.84894494060427,0.0,0.0,320,2.8219101428985596,1.0833499431610107,22.03047615196556,0.1832800656557083,,,,,,,,
187,42178,79.20350949885324,0.0,0.0,320,3.7715113162994385,0.949131429195404,21.23703619162552,0.18349719047546387,,,,,,,,
188,42498,44.51076897402527,0.0,0.0,320,3.843268394470215,0.38746780157089233,21.868034644518048,0.18743176758289337,,,,,,,,
189,42818,109.01504585426301,0.0,0.0,320,4.15643310546875,0.7999359369277954,22.7961950188037,0.18745183944702148,,,,,,,,
190,43138,36.211366140050814,0.0,0.0,320,6.212255954742432,0.568050742149353,22.47103330679238,0.1856781542301178,-244.052508947975,0.0,0.0,420.0,10.02721290588379,0.20814021229743956,33.227579085610344,-637.4632352840622
191,43458,65.68459368660115,0.0,0.0,320,5.415369033813477,0.9323395490646362,22.38812020700425,0.18283680081367493,,,,,,,,
192,43778,140.99905580841005,0.0,0.0,320,3.420180082321167,1.473921775817871,19.46674499940127,0.18478065729141235,,,,,,,,
193,44098,177.03538167476654,0.0,0.0,320,1.8330808877944946,1.783233880996704,20.818655692739412,0.18377965688705444,,,,,,,,
194,44418,71.9927921006456,0.0,0.0,320,5.268537521362305,0.907596230506897,21.60213083634153,0.17962206900119781,,,,,,,,
195,44738,15.384513673372567,0.0,0.0,320,6.776162624359131,2.006920099258423,28.371857283171266,0.18353669345378876,,,,,,,,
196,45058,161.47072683647275,0.0,0.0,320,0.6959682703018188,1.0114655494689941,22.243772418005392,0.1820557862520218,,,,,,,,
197,45378,23.234651937615126,0.0,0.0,320,6.674455642700195,1.7689554691314697,28.8163958247751,0.17890265583992004,,,,,,,,
198,45698,89.52947082556784,0.0,0.0,320,4.752161502838135,0.7010272741317749,20.787837728392333,0.18285177648067474,,,,,,,,
199,46018,-3.6577817108482122,0.0,0.0,320,7.54162073135376,1.2569100856781006,29.365809699054807,0.18579815328121185,,,,,,,,
200,46338,-104.72310237667989,0.0,0.0,320,10.333123207092285,0.9659163951873779,30.529444876825437,0.1851045936346054,-406.20416315313196,0.0,0.0,420.0,17.286146259307863,2.451737678050995,39.61585002220236,-637.4632352840622
201,46658,-106.10687025100924,0.0,0.0,320,10.346346855163574,2.0288116931915283,30.140075100120157,0.18271824717521667,,,,,,,,
202,46978,-102.03186211921275,0.0,0.0,320,10.30577278137207,1.7218852043151855,30.866092941723764,0.18591582775115967,,,,,,,,
203,47298,-92.16501329594757,0.0,0.0,320,10.042156219482422,1.6900177001953125,30.83984444872476,0.1872544288635254,,,,,,,,
204,47618,-26.75542163476348,0.0,0.0,320,8.120771408081055,1.9960284233093262,30.349269390804693,0.18974986672401428,,,,,,,,
205,47938,7.063353864476085,0.0,0.0,320,7.174188613891602,1.2939910888671875,30.261319908313453,0.19185598194599152,,,,,,,,
206,48258,-11.273140267468989,0.0,0.0,320,7.794037342071533,2.0838823318481445,28.57910300185904,0.19510230422019958,,,,,,,,
207,48578,27.846905705984682,0.0,0.0,320,6.642334938049316,0.9439706802368164,28.58866961952299,0.19379539787769318,,,,,,,,
208,48898,26.324802100192755,0.0,0.0,320,6.568517684936523,0.7784947156906128,28.37844531540759,0.19474318623542786,,,,,,,,
209,49179,-282.2987244799733,0.0,1.0,281,3.347881555557251,-0.061730027198791504,24.365857505472377,0.19003614783287048,,,,,,,,
210,49499,-32.542027581017464,0.0,0.0,320,8.407770156860352,0.9849239587783813,30.294641236541793,0.19406923651695251,-272.04630898328617,0.0,1.0,273.7,3.6329750180244447,-0.03231560587882996,24.1652285129996,-637.4632352840622
211,49819,-13.6700792722404,0.0,0.0,320,7.818596839904785,0.7599314451217651,30.090778218582273,0.19232749938964844,,,,,,,,
212,50139,40.063910878729075,0.0,0.0,320,6.342283725738525,0.5361365079879761,30.217083138413727,0.1925732046365738,,,,,,,,
213,50432,-293.65903995744884,0.0,1.0,293,3.606719732284546,-0.07737189531326294,26.12930104089901,0.18704286217689514,,,,,,,,
214,50716,-285.815901579801,0.0,1.0,284,3.302745819091797,-0.04526001214981079,23.964779930189252,0.1859039068222046,,,,,,,,
215,51002,-256.38956886995584,0.0,1.0,286,3.5732581615448,-0.0014145970344543457,25.751602559816092,0.1850762516260147,,,,,,,,
216,51276,-364.8930740696378,0.0,1.0,274,3.1390790939331055,-0.06781256198883057,23.616812344873324,0.18779033422470093,,,,,,,,
217,51558,-360.34366730600595,0.0,1.0,282,3.132688522338867,-0.0570642352104187,23.465682972688228,0.18290628492832184,,,,,,,,
218,51848,-350.0964551875368,0.0,1.0,290,3.148394823074341,-0.06097149848937988,23.114427850116044,0.17903997004032135,,,,,,,,
219,52168,137.3881781846285,0.0,0.0,320,3.4960789680480957,0.5896718502044678,26.514031620696187,0.18099893629550934,,,,,,,,
220,52475,-459.0095700486563,0.0,1.0,307,3.1793737411499023,-0.053055644035339355,22.649444499518722,0.17653769254684448,-371.27144231428974,0.0,0.0,420.0,12.955228853225709,0.12935363054275512,35.4095200317679,-637.4632352840622
221,52782,-365.0119171887636,0.0,1.0,307,3.2816402912139893,-0.0257948637008667,22.19149726908654,0.17297665774822235,,,,,,,,
222,53102,167.05534840375185,0.0,0.0,320,2.504882335662842,0.7459723353385925,23.67007739166729,0.17267204821109772,,,,,,,,
223,53422,160.74114443268627,0.0,0.0,320,0.8828974962234497,0.5793042778968811,19.499767639441416,0.17847448587417603,,,,,,,,
224,53742,204.995000641793,0.0,0.0,320,1.2947643995285034,0.7212806940078735,18.03560032066889,0.1779872477054596,,,,,,,,
225,54062,211.87921126082074,0.0,0.0,320,0.5790526866912842,0.9836026430130005,18.41257477272302,0.1824752688407898,,,,,,,,
226,54382,2.014839339070022,0.0,0.0,320,2.3606317043304443,0.2692132592201233,15.513826049864292,0.18204554915428162,,,,,,,,
227,54702,-32.65490878163837,0.0,0.0,320,2.0335965156555176,0.23011988401412964,15.845799523871392,0.17370179295539856,,,,,,,,
228,55022,-250.56006887822878,0.0,0.0,320,1.4712564945220947,0.08982312679290771,14.791821880964562,0.1761772632598877,,,,,,,,
229,55342,31.32517946115695,0.0,0.0,320,1.857306718826294,0.31830668449401855,16.51602082536556,0.1744261085987091,,,,,,,,
230,55662,-80.66857363306917,0.0,0.0,320,2.0674831867218018,0.20461714267730713,16.624082867754623,0.17472264170646667,31.508007315086434,0.0,0.0,420.0,1.600868147611618,0.4022061228752136,20.55764534205082,-637.4632352840622
231,55982,-303.4386996709509,0.0,0.0,320,1.7236381769180298,0.06315374374389648,16.126544346334413,0.1766779124736786,,,,,,,,
232,56302,-199.07422636123374,0.0,0.0,320,1.6220234632492065,0.10201859474182129,16.632758422289044,0.17501166462898254,,,,,,,,
233,56478,-316.3282113559544,0.0,1.0,176,4.2689995765686035,-0.04386425018310547,8.210967648308724,0.17350319027900696,,,,,,,,
234,56672,-300.3690994582139,0.0,1.0,194,4.250141143798828,-0.010380685329437256,8.395146280294284,0.1751013845205307,,,,,,,,
235,56844,-295.4754486962629,0.0,1.0,172,4.337332248687744,-0.040158629417419434,8.27836758759804,0.17369459569454193,,,,,,,,
236,57004,-310.34612771868706,0.0,1.0,160,4.300098896026611,-0.04924541711807251,7.9281719592399895,0.17447473108768463,,,,,,,,
237,57179,-301.7052998188883,0.0,1.0,175,4.401008129119873,-0.011348247528076172,7.894691915484145,0.17175613343715668,,,,,,,,
238,57370,-346.1065774317831,0.0,1.0,191,4.464159965515137,-0.04424041509628296,7.7818032102659345,0.17409645020961761,,,,,,,,
239,57557,-329.998476319015,0.0,1.0,187,4.533154487609863,-0.018146216869354248,7.747176744043827,0.1756000518798828,,,,,,,,
240,57877,138.79967109230347,0.0,0.0,320,0.7852790951728821,0.5245583057403564,16.834582455689088,0.17352719604969025,91.48190136371377,0.0,0.0,420.0,1.4758585095405579,0.6216035842895508,18.667309268680402,-637.4632352840622
241,58031,-301.8561571203172,0.0,1.0,154,3.9549505710601807,-0.012465894222259521,8.549075435148552,0.17160288989543915,,,,,,,,
242,58351,165.0067314086482,0.0,0.0,320,0.6071582436561584,0.45972543954849243,15.829085927223787,0.17096015810966492,,,,,,,,
243,58512,-298.5182065628469,0.0,1.0,161,4.389842510223389,-0.05659353733062744,8.433527893619612,0.16783827543258667,,,,,,,,
244,58832,154.78620753021096,0.0,0.0,320,0.7536339163780212,0.4335821270942688,15.808878218522295,0.16693706810474396,,,,,,,,
245,59152,165.77787718293257,0.0,0.0,320,0.8415088653564453,0.5924646258354187,15.060238112113439,0.1630251556634903,,,,,,,,
246,59472,166.87211610702798,0.0,0.0,320,0.746315062046051,0.8962929844856262,17.197279137559235,0.16030560433864594,,,,,,,,
247,59792,217.2282372256741,0.0,0.0,320,0.9367290735244751,1.2428169250488281,19.852181121474132,0.16178461909294128,,,,,,,,
248,60112,114.45346213504672,0.0,0.0,320,0.861617386341095,0.2849329113960266,13.86063984897919,0.16298693418502808,,,,,,,,
249,60432,207.86154183000326,0.0,0.0,320,1.6506577730178833,0.7352692484855652,21.72234939225018,0.15778334438800812,,,,,,,,
250,60752,224.4586987234652,0.0,0.0,320,0.7907426357269287,1.470506191253662,18.054324852360878,0.156992569565773,-304.0154144558037,0.0,0.0,420.0,11.863763159513473,0.19725824892520905,36.356584030610975,-637.4632352840622
251,61072,-171.71350029110909,0.0,0.0,320,9.664593696594238,0.24573659896850586,18.325839219614863,0.1598755270242691,,,,,,,,
252,61392,178.96582145802677,0.0,0.0,320,2.308664083480835,0.5786530375480652,27.13711124402471,0.16269730031490326,,,,,,,,
253,61712,185.75538562517613,0.0,0.0,320,2.01275897026062,1.1649417877197266,22.18080735579133,0.1628408133983612,,,,,,,,
254,62032,200.1237402637489,0.0,0.0,320,0.9940470457077026,0.8391574025154114,19.830163231352344,0.16699571907520294,,,,,,,,
255,62352,-14.295019009150565,0.0,0.0,320,6.840745449066162,0.681074857711792,12.113856791518629,0.16595648229122162,,,,,,,,
256,62672,10.154837980400771,0.0,0.0,320,6.223825931549072,1.6375172138214111,6.134624574799091,0.16586020588874817,,,,,,,,
257,62992,-178.73912106174976,0.0,0.0,320,11.009387969970703,1.7540500164031982,6.92050328082405,0.16109415888786316,,,,,,,,
258,63312,22.277213017834583,0.0,0.0,320,5.91013765335083,1.378171682357788,6.345518296351656,0.16079629957675934,,,,,,,,
259,63632,-145.82141933310777,0.0,0.0,320,10.015113830566406,2.222378730773926,5.3562671665567905,0.165387824177742,,,,,,,,
260,63952,-113.96995005430654,0.0,0.0,320,9.35583209991455,1.920403003692627,6.325679711357225,0.16442735493183136,-173.21917954224628,0.0,0.0,420.0,9.237125992774963,1.1754244148731232,10.121028303688945,-637.4632352840622
261,64272,-147.30550026148558,0.0,0.0,320,10.06312370300293,2.1510491371154785,5.274687956931302,0.163835346698761,,,,,,,,
262,64592,-139.00449181883596,0.0,0.0,320,9.934258460998535,1.9426405429840088,5.294710878282785,0.165170818567276,,,,,,,,
263,64912,-78.79429054324282,0.0,0.0,320,8.174206733703613,1.0586824417114258,4.73541075232788,0.16177189350128174,,,,,,,,
264,65232,28.661794523708522,0.0,0.0,320,5.735533237457275,1.2469463348388672,6.349013410275802,0.16548272967338562,,,,,,,,
265,65552,-1108.3752838931978,0.0,0.0,320,7.731134414672852,0.11494255065917969,15.152651983313262,0.16907550394535065,,,,,,,,
266,65865,-375.3116392381489,0.0,1.0,313,5.923640251159668,-0.05165344476699829,12.946892214706168,0.16409316658973694,,,,,,,,
267,66106,-359.93128671497107,0.0,1.0,241,6.042271137237549,-0.05017721652984619,12.166937361005694,0.16172970831394196,,,,,,,,
268,66426,61.24860957590863,0.0,0.0,320,5.178432464599609,0.396340012550354,13.014352292986587,0.15839329361915588,,,,,,,,
269,66746,116.56784834247082,0.0,0.0,320,3.4985435009002686,1.3967399597167969,11.98704357794486,0.16449344158172607,,,,,,,,
270,67066,96.054372485145,0.0,0.0,320,4.1489176750183105,1.1309394836425781,12.964300461113453,0.16293305158615112,-367.181888505051,0.0,1.0,316.55,5.499108839035034,-0.05495467483997345,15.373507994646207,-637.4632352840622
271,67386,124.8296867897734,0.0,0.0,320,3.4445583820343018,1.036877155303955,12.681416310369968,0.16313332319259644,,,,,,,,
272,67706,105.45704278536141,0.0,0.0,320,3.6906816959381104,1.4336471557617188,13.197894245444331,0.16358903050422668,,,,,,,,
273,68026,138.14999443059787,0.0,0.0,320,2.944528341293335,1.0995745658874512,14.149503974127583,0.16763117909431458,,,,,,,,
274,68346,143.65352524537593,0.0,0.0,320,2.8782567977905273,1.0330188274383545,14.339412815577816,0.16770990192890167,,,,,,,,
275,68666,117.60531730973162,0.0,0.0,320,3.570188522338867,2.1942429542541504,12.876626177690923,0.16503944993019104,,,,,,,,
276,68986,112.63639350590529,0.0,0.0,320,3.65859317779541,2.244218349456787,12.990941093536094,0.16254082322120667,,,,,,,,
277,69306,172.65479402174242,0.0,0.0,320,2.071493148803711,1.1173782348632812,14.552640533307567,0.16018179059028625,,,,,,,,
278,69626,126.88568236492574,0.0,0.0,320,1.034450650215149,0.8694217801094055,17.35484495665878,0.16210892796516418,,,,,,,,
279,69946,-142.2304114047438,0.0,0.0,320,8.412622451782227,1.0839824676513672,25.40559143689461,0.16122488677501678,,,,,,,,
280,70266,-33.816662393830484,0.0,0.0,320,5.1531171798706055,0.6987082362174988,22.10149283078499,0.16168931126594543,-421.0839790197286,0.0,0.0,420.0,15.092942571640014,0.8850624322891235,35.77295790077187,-637.4632352840622
281,70586,-104.93520423909649,0.0,0.0,320,7.323903560638428,0.8035500645637512,25.09604131593369,0.15871873497962952,,,,,,,,
282,70906,-106.82804512907751,0.0,0.0,320,7.5434184074401855,0.8897340893745422,24.470046462491155,0.1592666655778885,,,,,,,,
283,71226,-144.86085882410407,0.0,0.0,320,8.656024932861328,1.0712018013000488,26.67464097822085,0.15648263692855835,,,,,,,,
284,71546,-198.59798179659992,0.0,0.0,320,9.985115051269531,1.0540976524353027,27.51695728627965,0.15354640781879425,,,,,,,,
285,71866,14.232338811270893,0.0,0.0,320,4.353976726531982,0.7457001805305481,21.874789669178426,0.15060846507549286,,,,,,,,
286,72186,-103.99348296248354,0.0,0.0,320,7.879319667816162,1.1114075183868408,25.288320881081745,0.14899910986423492,,,,,,,,
287,72506,-96.50867557432503,0.0,0.0,320,7.442659378051758,1.007540225982666,23.958607400069013,0.14576485753059387,,,,,,,,
288,72826,-131.87321551679634,0.0,0.0,320,8.35331916809082,1.0259606838226318,25.60028695850633,0.1446371227502823,,,,,,,,
289,73146,-66.81903639715165,0.0,0.0,320,6.585343360900879,0.9223384261131287,23.65143602481112,0.14306095242500305,,,,,,,,
290,73466,-77.33452169876546,0.0,0.0,320,6.827449321746826,0.971194326877594,23.621957825263962,0.1421545296907425,-55.6860650434046,0.0,0.0,420.0,5.313245701789856,0.6937552779912949,24.0063046459778,-637.4632352840622
291,73786,-102.24115180596709,0.0,0.0,320,7.34868860244751,0.9807912707328796,23.629401084035635,0.14038829505443573,,,,,,,,
292,74106,94.45609420649998,0.0,0.0,320,3.868781805038452,0.8316736221313477,8.636654586531222,0.1368303894996643,,,,,,,,
293,74426,-89.54963900707662,0.0,0.0,320,7.196227550506592,1.0171458721160889,23.74082362256013,0.13772475719451904,,,,,,,,
294,74746,179.33346288709436,0.0,0.0,320,1.8832708597183228,0.4896698594093323,10.609658162342384,0.13703714311122894,,,,,,,,
295,75066,-71.24775831773877,0.0,0.0,320,6.466591835021973,1.0127646923065186,22.72398828389123,0.13661740720272064,,,,,,,,
296,75386,158.8701867684722,0.0,0.0,320,1.1927541494369507,0.48275822401046753,13.656002253526822,0.13872958719730377,,,,,,,,
297,75706,227.49434441234916,0.0,0.0,320,0.6015843749046326,1.1836295127868652,18.377831385238096,0.138739213347435,,,,,,,,
298,76026,229.58720370847732,0.0,0.0,320,0.6684850454330444,1.0409512519836426,18.46819948614575,0.14023606479167938,,,,,,,,
299,76346,193.2507025822997,0.0,0.0,320,0.9344173073768616,0.8017316460609436,20.130377053981647,0.1404086798429489,,,,,,,,
300,76666,190.40874962229282,0.0,0.0,320,0.9799813032150269,0.6566870808601379,20.741524195065722,0.13680562376976013,208.45342968399927,0.0,0.0,420.0,0.7396766483783722,1.4270454168319702,22.58139661081368,-637.4632352840622
301,76986,215.1793892197311,0.0,0.0,320,1.0830159187316895,1.1748995780944824,19.5827193998266,0.136662557721138,,,,,,,,
302,77306,208.6406058111461,0.0,0.0,320,0.5860191583633423,0.6586583256721497,20.3563918559812,0.1378781795501709,,,,,,,,
303,77626,196.65213212743402,0.0,0.0,320,0.5686399340629578,0.45736604928970337,20.5889269602485,0.1379116177558899,,,,,,,,
304,77946,181.06401490233839,0.0,0.0,320,0.6835477948188782,0.4298775792121887,20.789087447803468,0.13980582356452942,,,,,,,,
305,78266,197.72329260408878,0.0,0.0,320,0.9100464582443237,0.5313650965690613,21.198412608820945,0.13922610878944397,,,,,,,,
306,78586,-83.331683492288,0.0,0.0,320,0.7222532033920288,0.21481221914291382,20.766790004214272,0.13925738632678986,,,,,,,,
307,78906,199.1772581934929,0.0,0.0,320,1.00374174118042,0.5506427884101868,19.537321048788726,0.1415567249059677,,,,,,,,
308,79226,76.12467657402158,0.0,0.0,320,0.9462245106697083,0.34357184171676636,19.52432968444191,0.14403283596038818,,,,,,,,
309,79546,38.497289043385535,0.0,0.0,320,1.1797164678573608,0.296408474445343,21.078114803880453,0.14459723234176636,,,,,,,,
310,79866,-69.77657132595778,0.0,0.0,320,1.1980003118515015,0.24540072679519653,20.36438863002695,0.14260117709636688,-334.66608106545175,0.0,0.0,420.0,0.36742488890886305,0.20077292919158934,21.11120759820333,-637.4632352840622
311,80186,64.95277514029294,0.0,0.0,320,1.154977560043335,0.33321279287338257,19.327822520630434,0.14198614656925201,,,,,,,,
312,80506,-233.6314359009266,0.0,0.0,320,1.313456654548645,0.17350709438323975,20.223977495916188,0.1423497051000595,,,,,,,,
313,80826,-153.94354949332774,0.0,0.0,320,1.3812047243118286,0.1924353837966919,20.762802576413378,0.14157389104366302,,,,,,,,
314,81146,-362.8584978086874,0.0,0.0,320,1.585595965385437,0.12796437740325928,20.33825853979215,0.14196278154850006,,,,,,,,
315,81466,-204.18647586740553,0.0,0.0,320,1.363708734512329,0.13709527254104614,21.631108508910984,0.14203117787837982,,,,,,,,
316,81786,-167.93261641450226,0.0,0.0,320,1.407921552658081,0.18915927410125732,20.909721152856946,0.14200633764266968,,,,,,,,
317,82106,-618.6086187353358,0.0,0.0,320,1.2095733880996704,0.024504005908966064,21.083410868188366,0.14411941170692444,,,,,,,,
318,82426,-6.212381788529456,0.0,0.0,320,1.8116533756256104,0.2767654061317444,20.93300370965153,0.14236095547676086,,,,,,,,
319,82746,-432.1622250492219,0.0,0.0,320,1.3998688459396362,0.08537781238555908,20.845887383678928,0.14127673208713531,,,,,,,,
320,83066,124.31609328556806,0.0,0.0,320,1.7327629327774048,0.41827696561813354,19.72703375131823,0.14575263857841492,151.87384214068297,0.0,0.0,420.0,0.4682117626070976,0.45426538586616516,22.24849272897118,-637.4632352840622
321,83386,-77.39524790307041,0.0,0.0,320,1.9391679763793945,0.23748475313186646,20.95118906768039,0.14708858728408813,,,,,,,,
322,83706,148.6832959856838,0.0,0.0,320,2.1582765579223633,0.6230394244194031,20.66196358948946,0.14869192242622375,,,,,,,,
323,84026,153.88887930801138,0.0,0.0,320,2.1174402236938477,0.6482223868370056,20.77965709171258,0.14971111714839935,,,,,,,,
324,84346,158.6225686967373,0.0,0.0,320,1.8695142269134521,0.6178759932518005,20.34300250466913,0.15274427831172943,,,,,,,,
325,84666,171.6720654927194,0.0,0.0,320,1.6801804304122925,0.5654239058494568,20.061261722818017,0.15251776576042175,,,,,,,,
326,84986,199.7682407228276,0.0,0.0,320,1.148162603378296,0.73934406042099,19.888002941850573,0.15484769642353058,,,,,,,,
327,85306,200.57884326018393,0.0,0.0,320,1.1547033786773682,1.0321109294891357,19.691520725376904,0.15330521762371063,,,,,,,,
328,85626,205.6963638634188,0.0,0.0,320,0.9816241264343262,1.250967025756836,19.183227087603882,0.14978846907615662,,,,,,,,
329,85946,212.81943739700364,0.0,0.0,320,0.9133419990539551,1.0970687866210938,18.50687004928477,0.15121310949325562,,,,,,,,
330,86266,188.7766215223819,0.0,0.0,320,1.362954020500183,1.0236787796020508,19.634525650879368,0.15030960738658905,603.5239274126245,1.0,0.0,403.15,0.24793486073613166,1.224102246761322,21.769326204946264,2534.752338649588
331,86586,215.7424548594281,0.0,0.0,320,0.7777720093727112,1.2245817184448242,18.82947390177287,0.1520291566848755,,,,,,,,
332,86906,218.82594609912485,0.0,0.0,320,0.9000982046127319,1.5379958152770996,18.411487244535238,0.15455162525177002,,,,,,,,
333,87226,224.08235832396895,0.0,0.0,320,1.2239265441894531,1.7663674354553223,19.338146164722275,0.15296664834022522,,,,,,,,
334,87546,223.05687726195902,0.0,0.0,320,1.2674576044082642,1.6948654651641846,19.496727590449154,0.15459147095680237,,,,,,,,
335,87866,218.33246272499673,0.0,0.0,320,1.4385056495666504,1.7336697578430176,18.255098914494738,0.15346847474575043,,,,,,,,
336,88186,198.93726395908743,0.0,0.0,320,1.253198504447937,1.6835856437683105,19.90904949977994,0.15218165516853333,,,,,,,,
337,88506,205.54770211176947,0.0,0.0,320,1.6689826250076294,1.6615605354309082,19.178691474488005,0.15184542536735535,,,,,,,,
338,88826,215.56725714425556,0.0,0.0,320,1.4314606189727783,1.4025397300720215,19.04270992835518,0.1517145335674286,,,,,,,,
339,89146,203.2691270923242,0.0,0.0,320,1.1637250185012817,1.4310896396636963,19.810899457894266,0.1487617790699005,,,,,,,,
340,89466,209.4032309819013,0.0,0.0,320,1.5593266487121582,1.56496262550354,19.683763707289472,0.14585623145103455,189.81324290680058,0.0,0.0,420.0,1.4592028617858888,1.711452805995941,19.162968250142875,2534.752338649588
341,89786,210.5429773903452,0.0,0.0,320,1.4222371578216553,1.7936198711395264,17.892107743537053,0.1461012214422226,,,,,,,,
342,90106,213.93767664954066,0.0,0.0,320,1.4742249250411987,1.6635191440582275,19.743106942623854,0.1464267522096634,,,,,,,,
343,90426,209.5654638861306,0.0,0.0,320,1.5530915260314941,1.6114113330841064,19.292820223374292,0.14404956996440887,,,,,,,,
344,90746,206.30223191482946,0.0,0.0,320,1.6335456371307373,1.8545277118682861,18.893052134197205,0.14638610184192657,,,,,,,,
345,91066,212.12215971108526,0.0,0.0,320,1.3469254970550537,1.7083468437194824,19.607462907442823,0.14624600112438202,,,,,,,,
346,91386,210.26101104868576,0.0,0.0,320,1.5248901844024658,1.6306145191192627,19.09409594302997,0.14871297776699066,,,,,,,,
347,91706,211.22682205867022,0.0,0.0,320,1.5962753295898438,1.7527663707733154,19.228551936568692,0.14563444256782532,,,,,,,,
348,92026,213.72616278519854,0.0,0.0,320,1.5355427265167236,1.7523627281188965,19.028769055148587,0.14505170285701752,,,,,,,,
349,92346,216.1003723103786,0.0,0.0,320,1.34353768825531,1.7005858421325684,18.062553372699767,0.14556410908699036,,,,,,,,
350,92666,217.40876636840403,0.0,0.0,320,1.32933509349823,1.6254386901855469,18.079589447472245,0.14154639840126038,195.39222705856082,0.0,0.0,420.0,1.3729774534702301,1.6654113054275512,19.16116652897326,2534.752338649588
351,92986,208.00023542810231,0.0,0.0,320,1.4898147583007812,1.6465034484863281,18.626871710876003,0.14035481214523315,,,,,,,,
352,93306,210.70143663417548,0.0,0.0,320,1.600487470626831,1.7898571491241455,18.9549763512332,0.13879777491092682,,,,,,,,
353,93626,215.025246841833,0.0,0.0,320,1.4112167358398438,1.7171518802642822,18.079178585205227,0.13780677318572998,,,,,,,,
354,93946,217.75434103934094,0.0,0.0,320,1.396468997001648,1.667123794555664,18.302898806519806,0.13759282231330872,,,,,,,,
355,94266,225.26460900669917,0.0,0.0,320,1.2820444107055664,1.6227428913116455,18.443568716757,0.13818448781967163,,,,,,,,
356,94586,161.67336936108768,0.0,0.0,320,1.3695447444915771,1.1755335330963135,18.47834468865767,0.14056959748268127,,,,,,,,
357,94906,152.73365033161826,0.0,0.0,320,1.3635109663009644,1.1240394115447998,18.96799109946005,0.14213091135025024,,,,,,,,
358,95226,149.9597514559282,0.0,0.0,320,1.3915287256240845,1.0953929424285889,19.122078457381576,0.14498315751552582,,,,,,,,
359,95546,234.85071511031128,0.0,0.0,320,1.0375627279281616,1.6761293411254883,18.667443612241186,0.14606985449790955,,,,,,,,
360,95866,158.76838647737168,0.0,0.0,320,1.3665004968643188,1.1223833560943604,18.912065682467073,0.1431625485420227,166.94422221845906,0.0,0.0,420.0,0.887757009267807,1.2719942569732665,18.56915121889324,2534.752338649588
361,96186,186.37023831025,0.0,0.0,320,1.1176904439926147,1.1873421669006348,18.917359380284324,0.14636024832725525,,,,,,,,
362,96506,163.90756608964875,0.0,0.0,320,1.3297802209854126,1.0965583324432373,18.501483940752223,0.1440487802028656,,,,,,,,
363,96826,173.9870240369928,0.0,0.0,320,1.0031169652938843,1.118471384048462,17.8409060332051,0.14380896091461182,,,,,,,,
364,97146,173.5560908120824,0.0,0.0,320,1.0127389430999756,1.0781669616699219,18.419763279729523,0.14347252249717712,,,,,,,,
365,97466,180.10866822022945,0.0,0.0,320,0.9969984292984009,1.164064645767212,17.93734981009038,0.13940240442752838,,,,,,,,
366,97786,186.03367413952947,0.0,0.0,320,0.8474573493003845,1.2895760536193848,17.36285511915048,0.13931672275066376,,,,,,,,
367,98106,188.62740240432322,0.0,0.0,320,0.8646493554115295,1.257544994354248,17.629147530533373,0.14362898468971252,,,,,,,,
368,98426,196.6465014051646,0.0,0.0,320,0.974581778049469,1.2397196292877197,17.51688577811001,0.14532475173473358,,,,,,,,
369,98746,189.40364205092192,0.0,0.0,320,0.9186134934425354,1.2469019889831543,17.458871937007643,0.1443115472793579,,,,,,,,
370,99066,197.7928781961091,0.0,0.0,320,0.9474477767944336,1.1976008415222168,17.970477226539515,0.14323690533638,145.69858849751762,0.0,0.0,420.0,0.6857681185007095,1.0923208355903626,17.001507133863925,2534.752338649588
371,99386,173.78360297251493,0.0,0.0,320,0.906728982925415,1.1797370910644531,17.26849422097439,0.14139914512634277,,,,,,,,
372,99706,189.51052704174072,0.0,0.0,320,0.9380609393119812,1.2293245792388916,17.94704436417669,0.14039966464042664,,,,,,,,
373,100026,166.09748594276607,0.0,0.0,320,0.8202793002128601,1.1204886436462402,17.377392200913164,0.13997668027877808,,,,,,,,
374,100346,168.92401986941695,0.0,0.0,320,0.8058287501335144,1.0575244426727295,17.17879145871848,0.14103618264198303,,,,,,,,
375,100666,189.89629520848393,0.0,0.0,320,0.7295523881912231,1.188448190689087,17.031395866186358,0.14206267893314362,,,,,,,,
376,100986,184.84154673479497,0.0,0.0,320,0.7108253836631775,1.070627212524414,17.037416233681142,0.14274050295352936,,,,,,,,
377,101306,184.9716866032686,0.0,0.0,320,0.7668646574020386,1.1329991817474365,16.531136035744566,0.1400706022977829,,,,,,,,
378,101626,174.1194431828335,0.0,0.0,320,0.7476992011070251,1.1525640487670898,16.660631248378195,0.13937722146511078,,,,,,,,
379,101946,175.97150206007063,0.0,0.0,320,0.8668705821037292,1.1565334796905518,16.88074320612941,0.13974685966968536,,,,,,,,
380,102266,188.872412443161,0.0,0.0,320,0.8149251937866211,1.0550591945648193,16.79506364269764,0.13643473386764526,206.537362035361,0.0,0.0,420.0,0.7934699147939682,1.191095757484436,17.766214168618898,2534.752338649588
381,102586,189.09382667951286,0.0,0.0,320,0.8163893222808838,1.129565954208374,17.49347130151,0.13626141846179962,,,,,,,,
382,102906,166.3256251080893,0.0,0.0,320,0.7842963337898254,1.097224473953247,16.46067338445573,0.13625864684581757,,,,,,,,
383,103226,185.71338612562977,0.0,0.0,320,0.6687688231468201,0.9563614726066589,16.576354148157407,0.13664352893829346,,,,,,,,
384,103546,170.3290579764871,0.0,0.0,320,0.7799085974693298,1.1039001941680908,17.28653451340506,0.1353960782289505,,,,,,,,
385,103866,169.09653211804107,0.0,0.0,320,0.7795417904853821,1.0091731548309326,17.062859049765393,0.13544006645679474,,,,,,,,
386,104186,165.56683567306027,0.0,0.0,320,0.7793006896972656,1.000953197479248,16.88042649277486,0.13362635672092438,,,,,,,,
387,104506,167.20351725351065,0.0,0.0,320,0.8192183971405029,1.0141911506652832,17.324462629156187,0.13153529167175293,,,,,,,,
388,104826,161.69986233499367,0.0,0.0,320,0.8811054229736328,1.0250020027160645,16.573494167474564,0.13162361085414886,,,,,,,,
389,105146,159.08320073713548,0.0,0.0,320,0.8904377818107605,0.9160247445106506,17.169622325105593,0.13341663777828217,,,,,,,,
390,105466,151.57957568974234,0.0,0.0,320,0.946968674659729,0.985399067401886,17.435593391768634,0.13274487853050232,141.22801323146558,0.0,0.0,420.0,0.7930864930152893,0.9659729123115539,17.077436875068088,2534.752338649588
391,105786,153.41956016258337,0.0,0.0,320,1.1207633018493652,0.9238360524177551,17.640937246382236,0.13252440094947815,,,,,,,,
392,106106,149.74459349783137,0.0,0.0,320,0.9516850709915161,0.9589982628822327,17.375297388527542,0.13261932134628296,,,,,,,,
393,106426,150.9236759757623,0.0,0.0,320,1.0943135023117065,0.9724796414375305,17.334199231758248,0.13282975554466248,,,,,,,,
394,106746,138.53775736893294,0.0,0.0,320,1.0935485363006592,0.8295543789863586,17.360156598500907,0.130610391497612,,,,,,,,
395,107066,164.47559111844748,0.0,0.0,320,1.0594737529754639,0.9190760254859924,18.071902942145243,0.12986566126346588,,,,,,,,
396,107386,153.57874193787575,0.0,0.0,320,1.0168229341506958,0.9852152466773987,17.46105863689445,0.12679074704647064,,,,,,,,
397,107706,143.92112354841083,0.0,0.0,320,1.1894335746765137,0.9865480065345764,17.63540709298104,0.12823542952537537,,,,,,,,
398,108026,160.94427743554115,0.0,0.0,320,1.3909562826156616,1.044750452041626,18.246170595753938,0.12671403586864471,,,,,,,,
399,108346,191.16450743097812,0.0,0.0,320,1.3614965677261353,1.1146392822265625,18.922622106969357,0.1266387552022934,,,,,,,,
400,108666,158.4452363080345,0.0,0.0,320,1.4993515014648438,1.129178524017334,18.309811457176693,0.12708903849124908,162.03687213640515,0.0,0.0,420.0,0.9301662594079971,0.9765051901340485,19.106826836723485,2534.752338649588
401,108986,181.30264878971502,0.0,0.0,320,1.5010656118392944,1.173088788986206,18.358616851037368,0.12587454915046692,,,,,,,,
402,109306,184.8890807167627,0.0,0.0,320,1.5007731914520264,1.1590931415557861,17.81181547639426,0.1256488710641861,,,,,,,,
403,109626,148.06069727247814,0.0,0.0,320,1.4527232646942139,1.115091323852539,18.34640743723139,0.12300162762403488,,,,,,,,
404,109946,168.71314035716932,0.0,0.0,320,1.2516522407531738,1.0149762630462646,18.326016693376005,0.12326669692993164,,,,,,,,
405,110266,169.11391382291913,0.0,0.0,320,1.4068602323532104,1.0688960552215576,18.320828218595125,0.12196262925863266,,,,,,,,
406,110586,182.76713561848737,0.0,0.0,320,1.4902764558792114,1.075322151184082,18.9178643792402,0.12057206779718399,,,,,,,,
407,110906,156.38679431239143,0.0,0.0,320,1.0818637609481812,0.9984028935432434,18.346096995985135,0.12235990166664124,,,,,,,,
408,111226,201.27297870535403,0.0,0.0,320,0.9963583946228027,0.9106780886650085,18.64986499864608,0.12194866687059402,,,,,,,,
409,111546,201.59567424235865,0.0,0.0,320,1.2988228797912598,1.0261611938476562,18.98327568755485,0.11984825879335403,,,,,,,,
410,111866,206.32318249810487,0.0,0.0,320,0.9295996427536011,0.9694618582725525,19.03942701476626,0.12346667796373367,186.79759564832202,0.0,0.0,420.0,0.7573332399129867,1.0058029890060425,19.29401280362945,2534.752338649588
411,112186,203.41786326095462,0.0,0.0,320,0.982235312461853,0.9840031266212463,19.3129684405867,0.12543028593063354,,,,,,,,
412,112506,203.9922673944384,0.0,0.0,320,1.289283037185669,1.051445722579956,19.59236842324026,0.12512221932411194,,,,,,,,
413,112826,187.1165433023125,0.0,0.0,320,1.07326078414917,0.9912030100822449,19.068498784588883,0.1249241754412651,,,,,,,,
414,113146,193.40197754185647,0.0,0.0,320,0.9387028217315674,0.9977821707725525,18.958500444190577,0.12567271292209625,,,,,,,,
415,113466,203.58012058679014,0.0,0.0,320,0.8038775324821472,1.0220043659210205,18.713552139233798,0.12203194200992584,,,,,,,,
416,113786,203.15274748322554,0.0,0.0,320,0.8248093724250793,0.9947271943092346,19.119311642833054,0.11992108821868896,,,,,,,,
417,114106,199.78976678755134,0.0,0.0,320,1.001021146774292,0.9851643443107605,18.490514922887087,0.11702171713113785,,,,,,,,
418,114426,195.0256885997951,0.0,0.0,320,0.8855428695678711,0.9529144167900085,18.92980845971033,0.11749661713838577,,,,,,,,
419,114746,204.66187259089202,0.0,0.0,320,0.8114174008369446,0.9813408255577087,18.93231167108752,0.11808040738105774,,,,,,,,
420,115066,162.08267681906,0.0,0.0,320,0.7405464053153992,0.9787113070487976,18.360300964443013,0.11722679436206818,145.73270495663382,0.0,0.0,420.0,0.9175282210111618,1.0174608826637268,19.499509844969726,2534.752338649588
421,115386,183.00501075433567,0.0,0.0,320,0.7165287137031555,1.017162799835205,18.45628962153569,0.1174226850271225,,,,,,,,
422,115706,156.448581547942,0.0,0.0,320,0.7369045615196228,0.9679945111274719,18.248476986773312,0.11820845305919647,,,,,,,,
423,116026,197.79167658369988,0.0,0.0,320,0.8831124901771545,0.9525201916694641,19.183377602137625,0.1161370724439621,,,,,,,,
424,116346,198.29794035758823,0.0,0.0,320,0.9454905986785889,0.9428055882453918,19.04107192833908,0.11881280690431595,,,,,,,,
425,116666,202.38980729784817,0.0,0.0,320,0.8437875509262085,0.992152988910675,18.367411078186706,0.1200856864452362,,,,,,,,
426,116986,161.88028746237978,0.0,0.0,320,1.0789523124694824,0.9654332995414734,17.541986025869846,0.11798157542943954,,,,,,,,
427,117306,165.9405654973816,0.0,0.0,320,0.8570372462272644,0.92925626039505,17.23770061112009,0.11907006800174713,,,,,,,,
428,117626,176.66438567452133,0.0,0.0,320,0.9667173624038696,0.9430844187736511,16.715740931686014,0.11437707394361496,,,,,,,,
429,117946,163.48345305398107,0.0,0.0,320,0.99845951795578,0.9719986319541931,16.997979106614366,0.11716018617153168,,,,,,,,
430,118266,185.46830644179136,0.0,0.0,320,0.6075924634933472,0.9184303879737854,17.432201464427635,0.11732107400894165,147.6119004867709,0.0,0.0,420.0,0.8182912081480026,0.8233065485954285,16.915427449718116,2534.752338649588
431,118586,166.91820902982727,0.0,0.0,320,0.8803009390830994,0.9450749754905701,16.650934813544154,0.11603839695453644,,,,,,,,
432,118906,169.67556314799003,0.0,0.0,320,0.9108930826187134,0.90907222032547,16.761959755560383,0.11614296585321426,,,,,,,,
433,119226,169.25604896433651,0.0,0.0,320,1.023905873298645,0.8747473359107971,16.19378209541901,0.11447250097990036,,,,,,,,
434,119546,176.77645787177607,0.0,0.0,320,0.7619206309318542,0.906047523021698,16.670453449478373,0.11610930413007736,,,,,,,,
435,119866,182.63902392005548,0.0,0.0,320,0.6230255365371704,0.9220651984214783,16.98562034475617,0.1154714822769165,,,,,,,,
436,120186,169.98802276421338,0.0,0.0,320,0.9954107999801636,0.8877100348472595,16.932185297599062,0.11585421115159988,,,,,,,,
437,120506,171.7030635427218,0.0,0.0,320,0.6944712996482849,0.8743571639060974,17.156279949238524,0.11644188314676285,,,,,,,,
438,120826,182.31016872357577,0.0,0.0,320,0.5671921372413635,0.8474448323249817,16.32029118714854,0.11504321545362473,,,,,,,,
439,121146,181.70061028329656,0.0,0.0,320,0.7065238952636719,0.9580681920051575,16.666445228038356,0.11170002073049545,,,,,,,,
440,121466,182.49805004475638,0.0,0.0,320,0.6774761080741882,0.9873574376106262,16.379589286865667,0.11179465055465698,163.89160450335766,0.0,0.0,420.0,0.700992414355278,0.970249205827713,17.930752247592316,2534.752338649588
441,121786,171.62455088552088,0.0,0.0,320,0.9031736850738525,0.9741986393928528,17.874634586740285,0.11244591325521469,,,,,,,,
442,122106,167.35618146508932,0.0,0.0,320,0.9483376145362854,0.8649080395698547,16.998897918034345,0.10996106266975403,,,,,,,,
443,122426,180.00663606077433,0.0,0.0,320,0.9681413769721985,0.8290541768074036,17.792059542494826,0.1090361624956131,,,,,,,,
444,122746,173.2186469612643,0.0,0.0,320,0.75334233045578,0.9086055159568787,17.504893511650153,0.10947085171937943,,,,,,,,
445,123066,189.52586759609403,0.0,0.0,320,0.5930288434028625,1.057967185974121,17.109564396901987,0.10890169441699982,,,,,,,,
446,123386,190.12851802213117,0.0,0.0,320,0.7823943495750427,1.0842604637145996,17.252956565935165,0.10878421366214752,,,,,,,,
447,123706,222.89347634231672,0.0,0.0,320,0.9589276909828186,0.9805105328559875,17.800653097219765,0.10967057198286057,,,,,,,,
448,124026,215.5300118115847,0.0,0.0,320,0.9406538605690002,1.0563685894012451,17.61877330217976,0.11047790199518204,,,,,,,,
449,124346,180.95152631413657,0.0,0.0,320,1.0294986963272095,1.05610990524292,16.67365602683276,0.11098241060972214,,,,,,,,
450,124666,178.7893314412795,0.0,0.0,320,0.8878970742225647,1.0615129470825195,16.462271557655185,0.1087580993771553,179.9501410904457,0.0,0.0,420.0,0.8671469956636428,1.1116183280944825,18.310919425287285,2534.752338649588
451,124986,196.4139925672207,0.0,0.0,320,1.0644557476043701,1.0529682636260986,16.792641997919418,0.10967417806386948,,,,,,,,
452,125306,186.20581629755907,0.0,0.0,320,0.7850611209869385,1.1069862842559814,16.59715871885419,0.11058389395475388,,,,,,,,
453,125626,201.83293963503093,0.0,0.0,320,0.9374064207077026,1.0524260997772217,14.93928720196709,0.10977565497159958,,,,,,,,
454,125946,204.22693166974932,0.0,0.0,320,0.7842747569084167,1.1305031776428223,16.07481265044771,0.11147736012935638,,,,,,,,
455,126266,227.0540183056146,0.0,0.0,320,0.9255796670913696,1.1501765251159668,16.1912848361535,0.11001361161470413,,,,,,,,
456,126586,191.27325798524544,0.0,0.0,320,0.9654226303100586,1.132455825805664,16.796661652857438,0.10959915816783905,,,,,,,,
457,126906,184.29867454711348,0.0,0.0,320,0.999376118183136,1.094085931777954,17.023039459832944,0.10825165361166,,,,,,,,
458,127226,224.00449199788272,0.0,0.0,320,1.0985932350158691,1.154573678970337,17.109554920811206,0.10518210381269455,,,,,,,,
459,127546,223.60799352638423,0.0,0.0,320,0.9950805306434631,1.2496087551116943,16.961199605837464,0.10440779477357864,,,,,,,,
460,127866,230.49357919953763,0.0,0.0,320,0.9458526968955994,1.2143158912658691,16.554836817085743,0.10566086322069168,206.23900744552958,0.0,0.0,420.0,0.7697795391082763,1.167550528049469,17.36493427513051,2534.752338649588
461,128186,186.10344168299343,0.0,0.0,320,0.9224513173103333,0.9571899771690369,16.62195176584646,0.10477031767368317,,,,,,,,
462,128506,224.40678223525174,0.0,0.0,320,0.9874650239944458,1.2039756774902344,16.80767170956824,0.10370585322380066,,,,,,,,
463,128826,236.7471413037274,0.0,0.0,320,0.8378287553787231,1.2701363563537598,16.53200024686521,0.1049981489777565,,,,,,,,
464,129146,232.517237450229,0.0,0.0,320,0.941413938999176,1.241220235824585,16.83235172345303,0.10428405553102493,,,,,,,,
465,129466,226.43237852258608,0.0,0.0,320,0.9991123676300049,1.2724053859710693,16.825811750954017,0.10447929054498672,,,,,,,,
466,129786,210.52103910967708,0.0,0.0,320,0.9312199950218201,1.227980375289917,16.53336341981776,0.10449418425559998,,,,,,,,
467,130106,201.0262043394614,0.0,0.0,320,0.8796480894088745,1.1612825393676758,16.691205750685185,0.10649305582046509,,,,,,,,
468,130426,240.2933724746108,0.0,0.0,320,0.7554298639297485,1.1876859664916992,16.408976654172875,0.10582832247018814,,,,,,,,
469,130746,233.89152781580924,0.0,0.0,320,0.7934613227844238,1.3121981620788574,16.215935606276616,0.10595372319221497,,,,,,,,
470,131066,203.6808428512304,0.0,0.0,320,0.7612994909286499,1.125981330871582,16.20542403543368,0.10416681319475174,214.9364748693566,0.0,0.0,420.0,0.8632955014705658,1.2653568625450133,17.152666766627227,2534.752338649588
471,131386,243.65308171720244,0.0,0.0,320,0.7623246908187866,1.3098156452178955,16.091631521238014,0.10522501915693283,,,,,,,,
472,131706,237.67749122995883,0.0,0.0,320,0.7604396939277649,1.2686357498168945,16.506968531932216,0.10472916066646576,,,,,,,,
473,132026,213.09276095428504,0.0,0.0,320,0.7545241713523865,1.172227144241333,16.370563210104592,0.1056838408112526,,,,,,,,
474,132346,196.61080199480057,0.0,0.0,320,0.6998668909072876,1.0389375686645508,14.995238959265407,0.1063724160194397,,,,,,,,
475,132666,193.13253169506788,0.0,0.0,320,0.8020529747009277,1.0254499912261963,14.566832250915468,0.10483623296022415,,,,,,,,
476,132986,219.77459728252143,0.0,0.0,320,0.7051900625228882,1.0997347831726074,13.97790190478554,0.10547564178705215,,,,,,,,
477,133306,191.6492122123018,0.0,0.0,320,0.8130848407745361,1.0258281230926514,14.347660827334039,0.10550861805677414,,,,,,,,
478,133626,197.17600459745154,0.0,0.0,320,0.5798203349113464,1.031371831893921,15.318961510551162,0.10387251526117325,,,,,,,,
479,133946,204.8012843853794,0.0,0.0,320,0.6534507274627686,1.0633292198181152,15.548939950182103,0.10192127525806427,,,,,,,,
480,134266,212.97104192338884,0.0,0.0,320,0.8314562439918518,1.0925726890563965,13.813065606693272,0.10261040925979614,225.9897095052642,0.0,0.0,420.0,0.7005791872739792,1.5074224472045898,15.992506580881308,2534.752338649588
481,134586,210.61017263983376,0.0,0.0,320,0.7641744017601013,1.12785005569458,15.993356258957647,0.10557039082050323,,,,,,,,
482,134906,219.65463504195213,0.0,0.0,320,0.7545852065086365,1.2556133270263672,13.539769377413904,0.10679539293050766,,,,,,,,
483,135226,227.85143210552633,0.0,0.0,320,0.7916904091835022,1.1846675872802734,13.623798189655645,0.10604202002286911,,,,,,,,
484,135546,192.6332861429546,0.0,0.0,320,0.7863827347755432,1.042893886566162,15.028514196979813,0.10311499983072281,,,,,,,,
485,135866,241.85251702318783,0.0,0.0,320,0.8007886409759521,1.4713921546936035,14.618455521253054,0.1020321473479271,,,,,,,,
486,136186,232.82130566984415,0.0,0.0,320,0.6619654893875122,1.358684778213501,14.06100453590625,0.10151170194149017,,,,,,,,
487,136506,206.99932754435576,0.0,0.0,320,0.6173321008682251,1.1013624668121338,14.709779429947957,0.09944064170122147,,,,,,,,
488,136826,201.966654148011,0.0,0.0,320,0.7733281254768372,1.1748778820037842,15.591775527165737,0.10087452828884125,,,,,,,,
489,137146,201.89466971345246,0.0,0.0,320,0.7436133623123169,1.2061011791229248,16.150742387399077,0.10121681541204453,,,,,,,,
490,137466,225.24550499208272,0.0,0.0,320,0.7494142055511475,1.1429612636566162,13.687104083335726,0.10044800490140915,189.23723700165866,0.0,0.0,420.0,0.7195359826087951,1.1742241740226746,15.276419195967174,2534.752338649588
491,137786,204.4618834753055,0.0,0.0,320,0.7202984094619751,1.1750483512878418,16.12778774322942,0.10015816986560822,,,,,,,,
492,138106,228.0528214480728,0.0,0.0,320,0.6625815629959106,1.1283304691314697,13.399822857885738,0.10274586081504822,,,,,,,,
493,138426,203.48322175815701,0.0,0.0,320,0.7701676487922668,1.1447622776031494,16.433554171118885,0.10304613411426544,,,,,,,,
494,138746,206.614069187548,0.0,0.0,320,0.6764126420021057,1.1167304515838623,16.08652950404212,0.10383116453886032,,,,,,,,
495,139066,207.21992074302398,0.0,0.0,320,0.7340336441993713,1.1572391986846924,15.22388639813289,0.10338740795850754,,,,,,,,
496,139386,207.47061803983524,0.0,0.0,320,0.69694983959198,1.117342233657837,16.09125869453419,0.10464683920145035,,,,,,,,
497,139706,236.13602644950151,0.0,0.0,320,0.5448232889175415,1.0671708583831787,13.080267410317902,0.10411693155765533,,,,,,,,
498,140026,227.88806786946952,0.0,0.0,320,0.6596872210502625,1.116349220275879,13.2248374614137,0.10381725430488586,,,,,,,,
499,140346,200.11273181671277,0.0,0.0,320,0.7076696157455444,1.0535478591918945,16.0259974427172,0.10270493477582932,,,,,,,,
500,140666,204.9985456848517,0.0,0.0,320,0.6334083080291748,1.1230618953704834,15.924239710438997,0.10430262982845306,205.02919043117436,0.0,0.0,420.0,0.7416889905929566,1.046390676498413,13.269730300001175,2534.752338649588
501,140986,235.77786992676556,0.0,0.0,320,0.5926914215087891,1.0305900573730469,13.355857349728467,0.10477589070796967,,,,,,,,
502,141306,237.55303857289255,0.0,0.0,320,0.5932571291923523,1.2773642539978027,13.581141223374289,0.10373649001121521,,,,,,,,
503,141626,233.12540318071842,0.0,0.0,320,0.504002571105957,0.9213176369667053,13.15632565782289,0.10379859060049057,,,,,,,,
504,141946,233.22374522686005,0.0,0.0,320,0.4897933304309845,0.9210414290428162,13.311514361819718,0.1042097881436348,,,,,,,,
505,142266,231.55716105923057,0.0,0.0,320,0.48575037717819214,0.964292585849762,13.348365819401806,0.1023687943816185,,,,,,,,
506,142586,228.9787499299273,0.0,0.0,320,0.5116592049598694,0.9738497138023376,13.196056551882066,0.10118916630744934,,,,,,,,
507,142906,242.94563812576234,0.0,0.0,320,0.49100324511528015,0.9963099360466003,13.186227038298966,0.09873884171247482,,,,,,,,
508,143226,232.76920504495502,0.0,0.0,320,0.5191713571548462,0.9783578515052795,13.171833657484967,0.0995524674654007,,,,,,,,
509,143546,226.37839115876704,0.0,0.0,320,0.47232553362846375,0.8914720416069031,13.385598386215861,0.09932307153940201,,,,,,,,
510,143866,236.47643682919443,0.0,0.0,320,0.4262309670448303,0.9223836064338684,13.234509791887831,0.10056489706039429,186.97309360677755,0.0,0.0,420.0,0.5481379300355911,1.0254853963851929,15.545784584188368,2534.752338649588
511,144186,225.44518149085343,0.0,0.0,320,0.561174213886261,0.9829844832420349,13.24137473279552,0.09947974234819412,,,,,,,,
512,144506,223.9505912065506,0.0,0.0,320,0.5714789628982544,0.9668951630592346,13.359479914826807,0.09901253134012222,,,,,,,,
513,144826,227.25860408321023,0.0,0.0,320,0.5739268660545349,0.9963855147361755,13.743324065988418,0.09836658090353012,,,,,,,,
514,145146,236.9213176947087,0.0,0.0,320,0.4664059281349182,0.8512141108512878,13.412749162540422,0.09806070476770401,,,,,,,,
515,145466,222.55158576741815,0.0,0.0,320,0.6007612943649292,0.8679856657981873,13.352395142137539,0.09793785214424133,,,,,,,,
516,145786,220.43871740438044,0.0,0.0,320,0.6039702892303467,0.8112552762031555,13.474617754633073,0.0968896821141243,,,,,,,,
517,146106,223.8908086400479,0.0,0.0,320,0.6348978877067566,0.8607988953590393,13.620060718414607,0.09613119065761566,,,,,,,,
518,146426,221.86226405203342,0.0,0.0,320,0.5551913976669312,0.8494439721107483,13.215390644123545,0.09560370445251465,,,,,,,,
519,146746,214.3037922307849,0.0,0.0,320,0.8387614488601685,0.7266573309898376,13.631723217200488,0.09463228285312653,,,,,,,,
520,147066,220.80209123715758,0.0,0.0,320,0.6109477281570435,0.9219352602958679,13.529848990379833,0.09445659816265106,202.63901997017675,0.0,0.0,420.0,0.6971789330244065,0.9610530972480774,13.368553936522948,2534.752338649588
521,147386,222.12777915596962,0.0,0.0,320,0.645067036151886,0.9625900387763977,13.475725929165492,0.09465838968753815,,,,,,,,
522,147706,218.73119912762195,0.0,0.0,320,0.6978546380996704,0.8896773457527161,13.507521553256083,0.0943152979016304,,,,,,,,
523,148026,218.43280889978632,0.0,0.0,320,0.7080996036529541,0.8334440588951111,13.563664299610537,0.09487533569335938,,,,,,,,
524,148346,218.90426686033607,0.0,0.0,320,0.6669166684150696,0.8323654532432556,13.723704228643328,0.09407538175582886,,,,,,,,
525,148666,227.71214626193978,0.0,0.0,320,0.528599202632904,0.9316365122795105,13.58484609797597,0.09389705955982208,,,,,,,,
526,148986,231.91754769161344,0.0,0.0,320,0.5270363092422485,0.8814924359321594,13.282435343193356,0.09585613757371902,,,,,,,,
527,149306,226.6460861992091,0.0,0.0,320,0.6896279454231262,0.9931959509849548,13.607943990675267,0.09689115732908249,,,,,,,,
528,149626,230.73026840295643,0.0,0.0,320,0.43593892455101013,0.8545299172401428,13.2211096849569,0.0971718430519104,,,,,,,,
529,149946,226.125466870144,0.0,0.0,320,0.4849860668182373,0.8351201415061951,13.219731138029601,0.10029657185077667,,,,,,,,
530,150266,227.6219796575606,0.0,0.0,320,0.5861870050430298,0.964252769947052,13.42023809440434,0.09923998266458511,225.44802769936504,0.0,0.0,420.0,0.33238432109355925,0.8132260322570801,13.322803542129623,2534.752338649588
531,150586,231.20495342742652,0.0,0.0,320,0.41874462366104126,0.8051961064338684,13.55228846333921,0.10027653723955154,,,,,,,,
532,150906,237.7323535811156,0.0,0.0,320,0.397161066532135,0.9690988659858704,13.291216292476747,0.10039348900318146,,,,,,,,
533,151226,228.43255557958037,0.0,0.0,320,0.6110678315162659,0.9322231411933899,13.481050169968512,0.10175073891878128,,,,,,,,
534,151546,238.0501864477992,0.0,0.0,320,0.5294837355613708,0.8059884905815125,13.280151581042446,0.10178344696760178,,,,,,,,
535,151866,232.17126708850265,0.0,0.0,320,0.483071893453598,0.8760945200920105,13.492161368834786,0.1008126437664032,,,,,,,,
536,152186,225.6053542777663,0.0,0.0,320,0.570908784866333,0.8626490235328674,13.491164856706746,0.10000450164079666,,,,,,,,
537,152506,236.58504918345716,0.0,0.0,320,0.3807384669780731,0.6530616879463196,13.64782847254537,0.09772910922765732,,,,,,,,
538,152826,223.27789122145623,0.0,0.0,320,0.41168689727783203,1.1488068103790283,15.306681094225496,0.09662052243947983,,,,,,,,
539,153146,241.76885117590427,0.0,0.0,320,0.4799025356769562,0.8643476366996765,13.339697280986002,0.09758491814136505,,,,,,,,
540,153466,237.6402277201414,0.0,0.0,320,0.36353734135627747,1.042306661605835,13.569789558125194,0.09887976944446564,219.21965372063679,0.0,0.0,420.0,0.40990656465291975,0.8602812767028809,13.604225373457302,2534.752338649588
541,153786,247.7055710684508,0.0,0.0,320,0.3550424575805664,0.9246582388877869,13.113432243742864,0.10035950690507889,,,,,,,,
542,154106,237.59056209400296,0.0,0.0,320,0.4009014964103699,0.712963879108429,13.571497313299915,0.09915001690387726,,,,,,,,
543,154426,230.84845891594887,0.0,0.0,320,0.6663294434547424,0.7884244322776794,13.445162819189136,0.09860745072364807,,,,,,,,
544,154746,237.29213650058955,0.0,0.0,320,0.419243186712265,0.7519367337226868,13.558560418925481,0.10029956698417664,,,,,,,,
545,155066,232.25668597966433,0.0,0.0,320,0.38817930221557617,1.194199562072754,15.2243063825008,0.09968430548906326,,,,,,,,
546,155386,223.27084362506866,0.0,0.0,320,0.7149893641471863,0.7719822525978088,13.883834871725412,0.09770164638757706,,,,,,,,
547,155706,241.43022046145052,0.0,0.0,320,0.385503351688385,1.1656417846679688,14.164839487581048,0.0984068363904953,,,,,,,,
548,156026,242.39682922139764,0.0,0.0,320,0.42225632071495056,1.0034282207489014,13.078012007375946,0.09911783039569855,,,,,,,,
549,156346,239.79194239899516,0.0,0.0,320,0.520575761795044,0.8935404419898987,13.548998679383658,0.09968963265419006,,,,,,,,
550,156666,242.4428429309046,0.0,0.0,320,0.40755534172058105,1.162200927734375,15.508286548079923,0.10003542900085449,231.20718922762316,0.0,0.0,420.0,0.37012989819049835,0.8168816864490509,13.223824220839742,2534.752338649588
551,156986,244.125431638211,0.0,0.0,320,0.42826899886131287,0.9116367697715759,13.38917695346754,0.09969359636306763,,,,,,,,
552,157306,236.18839413428213,0.0,0.0,320,0.3292372226715088,1.208047866821289,14.807942324434407,0.1019364446401596,,,,,,,,
553,157626,239.27570426091552,0.0,0.0,320,0.43582314252853394,1.123915195465088,15.48690046928823,0.10206335783004761,,,,,,,,
554,157946,218.06450572423637,0.0,0.0,320,0.9096691012382507,1.6845197677612305,22.195140013005584,0.10040228068828583,,,,,,,,
555,158266,91.31880095414817,0.0,0.0,320,2.142967462539673,1.2285399436950684,23.437727351672947,0.10306849330663681,,,,,,,,
556,158586,221.56393574690446,0.0,0.0,320,0.9327158331871033,1.8599543571472168,21.2366696880199,0.10295986384153366,,,,,,,,
557,158906,201.57994088158011,0.0,0.0,320,1.482452630996704,2.484283447265625,20.370571919484064,0.10320711135864258,,,,,,,,
558,159226,132.99910386744887,0.0,0.0,320,1.6291906833648682,0.9994116425514221,24.09217093605548,0.10326889157295227,,,,,,,,
559,159546,200.87167998217046,0.0,0.0,320,0.603879988193512,1.0098962783813477,24.495183314662427,0.1047975942492485,,,,,,,,
560,159866,184.03464037831873,0.0,0.0,320,0.7852578163146973,0.9449560046195984,24.029685154557228,0.10470324754714966,616.9713742347143,0.95,0.0,329.65,0.25259642452001574,1.1524263709783553,21.562826966330977,2547.654468516143
561,160186,241.54848866537213,0.0,0.0,320,0.3637273907661438,1.3420069217681885,21.81818020332139,0.10260544717311859,,,,,,,,
562,160499,610.3870879933238,1.0,0.0,313,0.2476058304309845,1.249871015548706,21.448154971003532,0.10310430079698563,,,,,,,,
563,160819,225.0375583069399,0.0,0.0,320,0.7414116263389587,1.7370498180389404,22.81676951330155,0.10177113860845566,,,,,,,,
564,161139,231.26005986519158,0.0,0.0,320,0.5989820957183838,1.5993452072143555,21.982247540261596,0.10367106646299362,,,,,,,,
565,161459,208.32999556139112,0.0,0.0,320,1.4361305236816406,2.403179168701172,22.428805627161637,0.10157975554466248,,,,,,,,
566,161779,212.00673258351162,0.0,0.0,320,1.1949191093444824,2.156214475631714,22.00918962317519,0.10154471546411514,,,,,,,,
567,162099,203.079707787605,0.0,0.0,320,1.3749642372131348,2.3519840240478516,23.24007781385444,0.10114581882953644,,,,,,,,
568,162419,179.8922181520611,0.0,0.0,320,2.0814781188964844,2.73805570602417,23.620091166114435,0.1002206802368164,,,,,,,,
569,162739,179.8228670982353,0.0,0.0,320,2.02825927734375,2.794513463973999,23.278076972812414,0.10141834616661072,,,,,,,,
570,163059,167.24263336439617,0.0,0.0,320,2.3822247982025146,2.8514015674591064,21.86981734680012,0.10152753442525864,155.50619388141058,0.0,0.0,420.0,1.542769855260849,0.8522439777851105,26.934081798582337,2547.654468516143
571,163379,198.88185110036284,0.0,0.0,320,1.4186387062072754,2.414367437362671,24.32335330825299,0.10360245406627655,,,,,,,,
572,163699,160.315597448498,0.0,0.0,320,2.6848137378692627,1.753730297088623,27.940489295870066,0.10229384154081345,,,,,,,,
573,164019,173.07604002114385,0.0,0.0,320,2.1421968936920166,1.9134435653686523,27.985355404904112,0.09993850439786911,,,,,,,,
574,164339,170.2634666543454,0.0,0.0,320,2.2611582279205322,1.7043273448944092,28.552564699435607,0.09838290512561798,,,,,,,,
575,164659,187.51086077000946,0.0,0.0,320,1.883139967918396,2.8439784049987793,24.201750619802624,0.10101155936717987,,,,,,,,
576,164979,187.70807577157393,0.0,0.0,320,1.9132353067398071,2.1318140029907227,21.815004150848836,0.1003711149096489,,,,,,,,
577,165299,239.85400628325442,0.0,0.0,320,0.7413627505302429,1.27349853515625,14.835539878346026,0.10010670125484467,,,,,,,,
578,165619,167.54513896559365,0.0,0.0,320,2.412904739379883,3.3193154335021973,23.402934355661273,0.09995823353528976,,,,,,,,
579,165939,241.6566723100841,0.0,0.0,320,0.6134913563728333,1.2476623058319092,14.535486466484144,0.0990673378109932,,,,,,,,
580,166259,183.97562207700685,0.0,0.0,320,1.863922357559204,2.8473222255706787,24.25288231135346,0.09715333580970764,212.06055082470704,0.0,0.0,420.0,0.8468065053224564,1.2852898716926575,17.46006388340684,2547.654468516143
581,166579,161.2844871575944,0.0,0.0,320,2.3923544883728027,3.3934576511383057,27.07634288445115,0.09516482055187225,,,,,,,,
582,166899,162.58469938341295,0.0,0.0,320,2.4364748001098633,3.1363024711608887,24.889671256300062,0.09577805548906326,,,,,,,,
583,167219,219.26891326066107,0.0,0.0,320,0.9332157969474792,0.862537682056427,16.47841347171925,0.09413791447877884,,,,,,,,
584,167539,240.62151614390314,0.0,0.0,320,0.6069865226745605,1.2218563556671143,15.167108580499189,0.09370426088571548,,,,,,,,
585,167859,252.2217664073687,0.0,0.0,320,0.45599448680877686,1.2525031566619873,15.537390722485725,0.09262306243181229,,,,,,,,
586,168179,243.97533902339637,0.0,0.0,320,0.6606497168540955,1.2007226943969727,15.849900946137495,0.09243550151586533,,,,,,,,
587,168499,243.1171243605204,0.0,0.0,320,0.7706800103187561,1.1885101795196533,15.19862300848763,0.09261509031057358,,,,,,,,
588,168819,240.32396463956684,0.0,0.0,320,0.6478263735771179,1.213925838470459,15.323111432837322,0.09146983176469803,,,,,,,,
589,169139,250.48494822275825,0.0,0.0,320,0.579656720161438,1.2535812854766846,15.357516423915513,0.09011755883693695,,,,,,,,
590,169459,241.5032784305513,0.0,0.0,320,0.5518067479133606,1.1992733478546143,15.967924849246629,0.0903838574886322,200.54978833237183,0.0,0.0,420.0,0.8242928087711334,0.6311191380023956,18.41677823914215,2547.654468516143
591,169779,251.0571822859347,0.0,0.0,320,0.5444689393043518,1.2534351348876953,15.145888569386443,0.0910084918141365,,,,,,,,
592,170099,239.2208930514753,0.0,0.0,320,0.5615240335464478,1.062917947769165,15.602062630467117,0.0898553803563118,,,,,,,,
593,170419,244.2866221172735,0.0,0.0,320,0.49574100971221924,1.192018747329712,15.458260283921845,0.09401585161685944,,,,,,,,
594,170739,213.03720583254471,0.0,0.0,320,1.1445480585098267,0.8798403143882751,16.664230718975887,0.09171219915151596,,,,,,,,
595,171059,200.29998405231163,0.0,0.0,320,1.3899558782577515,0.845561683177948,16.525421391008422,0.0927867516875267,,,,,,,,
596,171379,197.0090700276196,0.0,0.0,320,1.601103663444519,0.8687519431114197,17.058644810225815,0.09113536775112152,,,,,,,,
597,171699,218.3092345558107,0.0,0.0,320,0.6684089303016663,1.0894076824188232,14.459654432488605,0.0914272740483284,,,,,,,,
598,172019,217.23205979913473,0.0,0.0,320,1.0478754043579102,0.8606663346290588,16.28423293074593,0.09189051389694214,,,,,,,,
599,172339,193.39418687089346,0.0,0.0,320,1.552117943763733,0.8424023985862732,16.800115910125896,0.09314127266407013,,,,,,,,
600,172659,241.98844692995772,0.0,0.0,320,0.526462733745575,1.0064048767089844,15.350099341070745,0.09143918007612228,219.7959523226309,0.0,0.0,420.0,0.5088376551866531,0.9782900989055634,16.011311236658365,2547.654468516143
601,172979,201.4008050072007,0.0,0.0,320,1.415440559387207,0.8286880850791931,16.83313136547804,0.0919225737452507,,,,,,,,
602,173299,189.59180266037583,0.0,0.0,320,1.5570695400238037,0.7956253886222839,17.385676800040528,0.09276673197746277,,,,,,,,
603,173619,197.02486310107633,0.0,0.0,320,1.527011513710022,0.7604280114173889,16.529366525821388,0.09127294272184372,,,,,,,,
604,173939,241.07251959480345,0.0,0.0,320,0.6734902858734131,0.9261969327926636,14.145881821765215,0.08824840188026428,,,,,,,,
605,174259,235.5401397291571,0.0,0.0,320,0.7249478101730347,0.6682021021842957,14.825025950325653,0.08934927731752396,,,,,,,,
606,174579,234.9935762360692,0.0,0.0,320,0.759609043598175,0.8619329333305359,14.887347069219686,0.08868461102247238,,,,,,,,
607,174899,215.46484854863957,0.0,0.0,320,1.0364614725112915,0.8569028973579407,16.42835628974717,0.08925507962703705,,,,,,,,
608,175219,239.83665809663944,0.0,0.0,320,0.7881074547767639,1.2067770957946777,14.959532613982446,0.09039986878633499,,,,,,,,
609,175539,227.89618356339633,0.0,0.0,320,0.8621352910995483,0.8749813437461853,15.542918486098642,0.08906914293766022,,,,,,,,
610,175859,221.56270841602236,0.0,0.0,320,0.9606177806854248,0.8900269865989685,16.288423040066846,0.08655495941638947,227.83940510535612,0.0,0.0,420.0,0.5523163616657257,0.9450467109680176,13.746867270249641,2547.654468516143
611,176179,246.06488555530086,0.0,0.0,320,0.6261212229728699,0.9552561640739441,13.935896151699126,0.08610057085752487,,,,,,,,
612,176499,247.18218745291233,0.0,0.0,320,0.6313579082489014,1.3800923824310303,14.629003388152341,0.08573722839355469,,,,,,,,
613,176819,210.3923689518124,0.0,0.0,320,1.674322485923767,0.883209764957428,17.495586816919968,0.08566255122423172,,,,,,,,
614,177139,208.58477476797998,0.0,0.0,320,1.3533049821853638,0.7163968682289124,17.34051144728437,0.08684168010950089,,,,,,,,
615,177459,212.90564580168575,0.0,0.0,320,1.2418160438537598,0.9353874325752258,17.50959324510768,0.08647849410772324,,,,,,,,
616,177779,229.82620552368462,0.0,0.0,320,1.2661545276641846,1.3024349212646484,15.387969788513146,0.08607295900583267,,,,,,,,
617,178099,242.52882883511484,0.0,0.0,320,0.6954711675643921,1.3106839656829834,15.389297008194262,0.08610202372074127,,,,,,,,
618,178419,231.39829860208556,0.0,0.0,320,1.121437907218933,1.2920870780944824,15.38360496709356,0.085956871509552,,,,,,,,
619,178739,239.66598449554294,0.0,0.0,320,0.5814782381057739,1.2084736824035645,15.007081142481184,0.08560052514076233,,,,,,,,
620,179059,232.7260081153363,0.0,0.0,320,0.7621012330055237,0.956046998500824,16.86912790662609,0.0854775533080101,213.8331484755501,0.0,0.0,420.0,0.6313341677188873,1.053312361240387,15.840138012793613,2547.654468516143
621,179379,226.27008629404008,0.0,0.0,320,0.8304027318954468,0.8995526432991028,16.636085368983913,0.08507263660430908,,,,,,,,
622,179699,225.45090710790828,0.0,0.0,320,0.9238041639328003,0.8710244297981262,16.43362012167927,0.08487510681152344,,,,,,,,
623,180019,230.12269770354033,0.0,0.0,320,0.841161847114563,0.9473453164100647,16.243433561059646,0.0813898965716362,,,,,,,,
624,180339,228.67773243319243,0.0,0.0,320,0.8717965483665466,0.9103133082389832,16.395973039092496,0.08278714120388031,,,,,,,,
625,180659,215.86551467888057,0.0,0.0,320,0.9103816747665405,0.8036642670631409,16.564733798615634,0.08250987529754639,,,,,,,,
626,180979,226.70703840907663,0.0,0.0,320,0.7695344090461731,0.925136148929596,16.447276902152225,0.08255572617053986,,,,,,,,
627,181299,227.43805228546262,0.0,0.0,320,0.7520484328269958,0.9645673632621765,16.61787183053093,0.0836024209856987,,,,,,,,
628,181619,225.31304932106286,0.0,0.0,320,0.8004211187362671,0.9051423668861389,16.48075220314786,0.08558560907840729,,,,,,,,
629,181939,229.28002400463447,0.0,0.0,320,0.6105238795280457,1.0058894157409668,16.021098836499732,0.08492773771286011,,,,,,,,
630,182259,230.38660979270935,0.0,0.0,320,0.7584096193313599,0.9554416537284851,16.35069193993695,0.08500295132398605,215.6411650885828,0.0,0.0,420.0,0.5616789937019349,1.0486813306808471,16.361289359864895,2547.654468516143
631,182579,238.1864967532456,0.0,0.0,320,0.6422913074493408,1.0833184719085693,14.088239479722688,0.08565240353345871,,,,,,,,
632,182899,228.43004241911694,0.0,0.0,320,0.7480380535125732,0.9672303795814514,16.091365546220914,0.08715195208787918,,,,,,,,
633,183219,227.74780217610532,0.0,0.0,320,0.7353948950767517,0.9920827746391296,15.852250499767251,0.08785288035869598,,,,,,,,
634,183539,228.3502444466576,0.0,0.0,320,0.7674527168273926,0.9912299513816833,16.174674845999107,0.08722138404846191,,,,,,,,
635,183859,227.7464014563011,0.0,0.0,320,0.731231689453125,0.9817727208137512,16.51349856390152,0.08807167410850525,,,,,,,,
636,184179,244.69579090364277,0.0,0.0,320,0.6136155724525452,1.1332793235778809,13.526595446979627,0.08485782891511917,,,,,,,,
637,184499,217.42546445381595,0.0,0.0,320,0.9165776968002319,0.8781324028968811,16.74132350529544,0.08502177894115448,,,,,,,,
638,184819,227.66573949158192,0.0,0.0,320,0.8246695399284363,0.9649459719657898,15.774247350113,0.08384137600660324,,,,,,,,
639,185139,248.12852553650737,0.0,0.0,320,0.5857028365135193,0.8047578930854797,13.028138671506895,0.0830894485116005,,,,,,,,
640,185459,222.3812315107789,0.0,0.0,320,0.8611398339271545,0.8989045023918152,16.513907327665947,0.08251192420721054,225.486855683662,0.0,0.0,420.0,0.5450437992811203,1.1957913637161255,15.13608365721375,2547.654468516143
641,185779,249.3761500417022,0.0,0.0,320,0.5735883116722107,1.2057666778564453,13.267754566448275,0.08164681494235992,,,,,,,,
642,186099,243.47814730834216,0.0,0.0,320,0.6115409135818481,1.2286694049835205,13.543252461822703,0.08175001293420792,,,,,,,,
643,186419,242.09392081946135,0.0,0.0,320,0.5571054220199585,1.1754307746887207,13.987254170584492,0.08169329166412354,,,,,,,,
644,186739,245.53542464677594,0.0,0.0,320,0.6130108833312988,0.8640714287757874,13.847282575909048,0.08039084821939468,,,,,,,,
645,187059,245.8650651173666,0.0,0.0,320,0.6462957262992859,1.0087392330169678,13.505962285911664,0.08262931555509567,,,,,,,,
646,187379,244.5668301815167,0.0,0.0,320,0.5022103786468506,0.9725633263587952,13.45489209506195,0.07953373342752457,,,,,,,,
647,187699,213.41871238057502,0.0,0.0,320,0.966654896736145,0.870810329914093,16.648165089078248,0.0799485296010971,,,,,,,,
648,188019,237.81837745010853,0.0,0.0,320,0.6865311861038208,0.9262049794197083,13.220071697491221,0.08095671236515045,,,,,,,,
649,188339,239.58480407577008,0.0,0.0,320,0.5679512023925781,1.094968557357788,15.176104435871821,0.08126440644264221,,,,,,,,
650,188659,247.76600024849176,0.0,0.0,320,0.6596567034721375,0.9177047610282898,13.37148107973917,0.08220771700143814,210.0651027299813,0.0,0.0,420.0,0.6677458912134171,1.083299469947815,16.61625992981717,2547.654468516143
651,188979,244.29497616621666,0.0,0.0,320,0.7291670441627502,0.8562487959861755,14.741654629353434,0.08086976408958435,,,,,,,,
652,189299,236.82957559172064,0.0,0.0,320,0.6894457340240479,1.0741078853607178,15.191309805319179,0.07983763515949249,,,,,,,,
653,189619,222.33096819315688,0.0,0.0,320,1.0842334032058716,0.9514136910438538,17.018688682001084,0.0786733403801918,,,,,,,,
654,189939,217.6325607728213,0.0,0.0,320,0.8331183195114136,1.0056729316711426,15.910185371525586,0.07731307297945023,,,,,,,,
655,190259,230.4114008899778,0.0,0.0,320,0.6395165920257568,1.102891206741333,15.705423027218785,0.07917934656143188,,,,,,,,
656,190579,225.59305812697858,0.0,0.0,320,1.1573631763458252,0.9685268998146057,17.58965620212257,0.07774336636066437,,,,,,,,
657,190899,218.7043407605961,0.0,0.0,320,0.7709315419197083,1.0084807872772217,16.558386938617332,0.07914049923419952,,,,,,,,
658,191219,220.40344534348696,0.0,0.0,320,0.9497478604316711,1.0677080154418945,17.610151933971792,0.08039838075637817,,,,,,,,
659,191539,246.38323518022662,0.0,0.0,320,0.5861820578575134,0.9782329201698303,13.665547373238951,0.08058126270771027,,,,,,,,
660,191859,209.05412033991888,0.0,0.0,320,0.9413514137268066,0.9664738774299622,17.12083390331827,0.07944989204406738,206.4946714891994,0.0,0.0,420.0,0.43873518854379656,1.0300137758255006,17.70034033958218,2547.654468516143
661,192179,220.8880335628055,0.0,0.0,320,0.8676919341087341,0.8966690897941589,17.17483597144019,0.07741548120975494,,,,,,,,
662,192499,210.13817516970448,0.0,0.0,320,1.0999870300292969,1.054337978363037,18.1925276722759,0.07801099866628647,,,,,,,,
663,192819,232.41397495381534,0.0,0.0,320,0.6950618624687195,1.1223161220550537,16.944952629273757,0.07900401204824448,,,,,,,,
664,193139,216.8777047530748,0.0,0.0,320,0.8439558148384094,0.9593121409416199,17.178280159831047,0.079579658806324,,,,,,,,
665,193459,223.25668040569872,0.0,0.0,320,0.8232507109642029,1.1002798080444336,16.089629143709317,0.07747257500886917,,,,,,,,
666,193779,223.81658290233463,0.0,0.0,320,0.8297706842422485,1.0539634227752686,16.781019041402033,0.0780327245593071,,,,,,,,
667,194099,226.24495297297835,0.0,0.0,320,0.7034476399421692,1.0110161304473877,16.89142351388,0.08062275499105453,,,,,,,,
668,194419,224.76044460199773,0.0,0.0,320,0.8028508424758911,1.0417542457580566,16.962732147076167,0.07991822808980942,,,,,,,,
669,194739,230.22685425449163,0.0,0.0,320,0.7003067135810852,1.2093908786773682,16.52955446136184,0.07877935469150543,,,,,,,,
670,195059,227.20774156134576,0.0,0.0,320,0.6064602732658386,1.1293656826019287,16.340460118022747,0.08098924160003662,211.14663123443626,0.0,0.0,420.0,0.5896859109401703,0.9325891077518463,18.15921551225474,2547.654468516143
671,195379,222.1156699047424,0.0,0.0,320,1.0107362270355225,0.8373424410820007,17.254728453815915,0.0812341645359993,,,,,,,,
672,195699,230.0320183795411,0.0,0.0,320,0.8689759373664856,1.203582763671875,17.73995944322087,0.07975731045007706,,,,,,,,
673,196019,224.57401679002214,0.0,0.0,320,0.7867182493209839,1.1489636898040771,16.991387858521193,0.07972881197929382,,,,,,,,
674,196339,234.38254558853805,0.0,0.0,320,0.5958470702171326,1.3656189441680908,16.344375398242846,0.07884177565574646,,,,,,,,
675,196659,230.91856073401868,0.0,0.0,320,0.9873422384262085,1.1088426113128662,16.42295703990385,0.07916750758886337,,,,,,,,
676,196979,229.95658928784542,0.0,0.0,320,0.680736780166626,1.1477372646331787,16.341296226135455,0.077979177236557,,,,,,,,
677,197299,241.4685831408715,0.0,0.0,320,0.6311449408531189,1.2603578567504883,15.844168842362706,0.07860226929187775,,,,,,,,
678,197619,231.4285397278145,0.0,0.0,320,0.819119393825531,1.113196849822998,16.347429358400404,0.08052875101566315,,,,,,,,
679,197939,236.15097181405872,0.0,0.0,320,1.1945303678512573,0.9204337000846863,17.35678489995189,0.08004368841648102,,,,,,,,
680,198259,235.74472771724686,0.0,0.0,320,0.5369691848754883,1.1989800930023193,15.854595341719687,0.0796835869550705,210.9901617768919,0.0,0.0,420.0,0.5915189415216446,0.8089503288269043,16.822714492323577,2547.654468516143
681,198579,233.92868355382234,0.0,0.0,320,0.6905220150947571,1.1715359687805176,16.17719963786658,0.079154372215271,,,,,,,,
682,198899,220.0386268980801,0.0,0.0,320,0.8952540755271912,1.0051250457763672,16.483567089773715,0.0803685188293457,,,,,,,,
683,199219,252.6330731669441,0.0,0.0,320,0.5612946152687073,1.1912493705749512,15.33201970133814,0.07902098447084427,,,,,,,,
684,199539,235.83042337943334,0.0,0.0,320,0.5996562838554382,1.1846623420715332,16.25117601105012,0.07802952826023102,,,,,,,,
685,199859,232.51045492151752,0.0,0.0,320,0.6157044172286987,1.2007770538330078,16.46183921629563,0.07925219088792801,,,,,,,,
686,200179,238.322515190579,0.0,0.0,320,0.5694366097450256,1.0579109191894531,16.345564474715502,0.07888200879096985,,,,,,,,
687,200499,226.6700694898609,0.0,0.0,320,0.9207121729850769,1.1370482444763184,16.480280321324244,0.07859724014997482,,,,,,,,
688,200819,231.67625772440806,0.0,0.0,320,0.8187186121940613,1.068908929824829,16.64987798081711,0.07636483758687973,,,,,,,,
689,201139,233.6447786851786,0.0,0.0,320,0.6432133913040161,1.2138996124267578,16.42467049579136,0.07767485082149506,,,,,,,,
690,201459,240.78499293792993,0.0,0.0,320,0.8265429139137268,1.2423267364501953,16.08481492602732,0.07704879343509674,225.03328692113865,0.0,0.0,420.0,0.7273659408092499,1.0637654304504394,17.405587679997552,2547.654468516143
691,201779,233.37937100837007,0.0,0.0,320,0.7723365426063538,1.264953374862671,15.609653457766399,0.07838260382413864,,,,,,,,
692,202099,238.8693830203265,0.0,0.0,320,0.741127073764801,1.3040611743927002,15.71703542675823,0.07865741848945618,,,,,,,,
693,202419,234.34650618210435,0.0,0.0,320,0.8734133243560791,1.1977875232696533,15.09671502141282,0.07840192317962646,,,,,,,,
694,202739,235.8964751958847,0.0,0.0,320,0.8799720406532288,1.2877161502838135,15.105496366042644,0.07860267907381058,,,,,,,,
695,203059,234.82557388138957,0.0,0.0,320,0.8604617118835449,1.3086416721343994,15.452548969886266,0.07838620990514755,,,,,,,,
696,203379,232.31793545093387,0.0,0.0,320,0.9691529870033264,1.3640546798706055,15.541965196840465,0.07912961393594742,,,,,,,,
697,203699,237.72165278717875,0.0,0.0,320,0.893284022808075,1.3369498252868652,15.231691052555107,0.07806259393692017,,,,,,,,
698,204019,235.44278016733006,0.0,0.0,320,1.0523076057434082,1.2958669662475586,14.665923302236479,0.07871724665164948,,,,,,,,
699,204339,240.56337365787476,0.0,0.0,320,0.9769369959831238,1.3761756420135498,15.164688637596555,0.07637657970190048,,,,,,,,
700,204659,241.7920808312483,0.0,0.0,320,0.8586591482162476,1.312258005142212,15.18717415689025,0.07611582428216934,228.1909692971589,0.0,0.0,420.0,0.6464708983898163,1.4120064616203307,14.973635685976479,2547.654468516143
701,204979,238.07819569832645,0.0,0.0,320,0.9074419140815735,1.422436237335205,14.8563674823381,0.07473182678222656,,,,,,,,
702,205299,244.83396506874124,0.0,0.0,320,0.9314911961555481,1.3862295150756836,14.905680688621942,0.07618153095245361,,,,,,,,
703,205619,240.46415428444743,0.0,0.0,320,0.8683984279632568,1.3985240459442139,14.654419943108223,0.07591284811496735,,,,,,,,
704,205939,238.97650698386133,0.0,0.0,320,0.8633951544761658,1.2159667015075684,14.914378458750434,0.07506661862134933,,,,,,,,
705,206259,221.8987354049459,0.0,0.0,320,0.9148805141448975,1.0437443256378174,14.137585164513439,0.07500332593917847,,,,,,,,
706,206579,234.9376326657948,0.0,0.0,320,0.938559353351593,1.3700463771820068,14.72071469714865,0.07632624357938766,,,,,,,,
707,206899,232.97874656971544,0.0,0.0,320,0.7633668780326843,1.162682056427002,13.817342064343393,0.07413384318351746,,,,,,,,
708,207219,233.74300390388817,0.0,0.0,320,0.7679038047790527,1.1804533004760742,13.754603789653629,0.0772235244512558,,,,,,,,
709,207539,224.97919412516057,0.0,0.0,320,0.6733163595199585,1.033477783203125,14.20353250176413,0.0775398388504982,,,,,,,,
710,207859,220.70637408737093,0.0,0.0,320,0.6798558831214905,0.917119562625885,13.988102658971911,0.07642178982496262,219.45544424476685,0.0,0.0,420.0,0.775113222002983,1.2462670922279357,14.25167874325416,2547.654468516143
711,208179,247.5581149002537,0.0,0.0,320,0.757053017616272,1.4137728214263916,14.751957434928045,0.07502936571836472,,,,,,,,
712,208499,247.8187475190498,0.0,0.0,320,0.6373135447502136,1.1459035873413086,13.9716524471296,0.07553926110267639,,,,,,,,
713,208819,234.09040408302099,0.0,0.0,320,0.6648283004760742,1.1280851364135742,14.136827704693133,0.07562022656202316,,,,,,,,
714,209139,217.5035315171117,0.0,0.0,320,0.7111130952835083,1.1896848678588867,15.136157780885696,0.07422306388616562,,,,,,,,
715,209459,241.46089604403824,0.0,0.0,320,0.6885975003242493,1.3239879608154297,13.978293344494887,0.0758427307009697,,,,,,,,
716,209779,230.35998852923512,0.0,0.0,320,0.6572946310043335,1.3752965927124023,13.647298649892036,0.07509379088878632,,,,,,,,
717,210099,238.11152282124385,0.0,0.0,320,0.6555191874504089,1.2037038803100586,13.431816684547812,0.07321062684059143,,,,,,,,
718,210419,232.6487822048366,0.0,0.0,320,0.6723828911781311,1.1333308219909668,14.21521023628884,0.07453837245702744,,,,,,,,
719,210739,245.61160606518388,0.0,0.0,320,0.6539116501808167,1.2829291820526123,13.60013264088775,0.07463923841714859,,,,,,,,
720,211059,248.31837291899137,0.0,0.0,320,0.6203084588050842,1.255075216293335,14.039797091158107,0.07334145903587341,222.73147718838882,0.0,0.0,420.0,0.5863710165023803,1.3489351153373719,13.793153055648144,2547.654468516143
721,211379,233.89694755990058,0.0,0.0,320,0.6280269026756287,1.245441198348999,14.077654021908529,0.0726838931441307,,,,,,,,
722,211699,245.33166506746784,0.0,0.0,320,0.7174938917160034,1.2525990009307861,14.544654674944468,0.0731692910194397,,,,,,,,
723,212019,238.24342073872685,0.0,0.0,320,0.7813506126403809,1.2661347389221191,14.221579442266375,0.07371396571397781,,,,,,,,
724,212339,245.65784300398082,0.0,0.0,320,0.6841409802436829,1.3276057243347168,13.425043816212565,0.07390690594911575,,,,,,,,
725,212659,244.63071540696546,0.0,0.0,320,0.7135009765625,1.2525994777679443,14.001154099009,0.07365068793296814,,,,,,,,
726,212979,241.07570562604815,0.0,0.0,320,0.6664315462112427,1.2314989566802979,13.51772255814285,0.07262368500232697,,,,,,,,
727,213299,229.98234993591905,0.0,0.0,320,0.4947320818901062,1.0988655090332031,14.151082330587087,0.07164696604013443,,,,,,,,
728,213619,244.53574742842466,0.0,0.0,320,0.5937097668647766,1.300931692123413,13.523180550866527,0.07264569401741028,,,,,,,,
729,213939,242.83548363111913,0.0,0.0,320,0.5617925524711609,1.2662327289581299,14.327475847763708,0.07188767939805984,,,,,,,,
730,214259,246.89528556540608,0.0,0.0,320,0.6354419589042664,1.2293925285339355,14.121595878124936,0.07183641940355301,251.32524073892273,0.05,0.0,413.2,0.6113541036844253,1.2611076474189757,13.38470426396234,2547.654468516143
731,214579,236.83697971049696,0.0,0.0,320,0.5076086521148682,1.2641105651855469,14.08514024305623,0.0708034411072731,,,,,,,,
732,214899,228.98921920731664,0.0,0.0,320,0.6425692439079285,1.1584744453430176,13.676267169881612,0.07087059319019318,,,,,,,,
733,215219,249.11355348862708,0.0,0.0,320,0.5820202827453613,1.2329280376434326,13.76377036649501,0.07198818773031235,,,,,,,,
734,215539,247.34346259385347,0.0,0.0,320,0.6137980818748474,1.1819021701812744,13.69201231111947,0.0708131492137909,,,,,,,,
735,215859,249.54666361771524,0.0,0.0,320,0.561908483505249,1.18717360496521,13.127182287687901,0.0737808346748352,,,,,,,,
736,216179,246.83402465796098,0.0,0.0,320,0.5741617679595947,1.2728936672210693,13.389096390877967,0.07191204279661179,,,,,,,,
737,216499,240.91199628729373,0.0,0.0,320,0.5715541243553162,1.281233549118042,13.757090414816048,0.07305005937814713,,,,,,,,
738,216819,246.81915808003396,0.0,0.0,320,0.6374134421348572,1.272301197052002,13.653362264391035,0.07194510102272034,,,,,,,,
739,217096,639.5741108953953,1.0,0.0,277,0.24070577323436737,0.9066748023033142,14.594372490886599,0.07002893090248108,,,,,,,,
740,217374,644.6189880520105,1.0,0.0,278,0.24622181057929993,0.886502206325531,14.95566157437861,0.06968521326780319,320.1012788321823,0.2,0.0,389.55,0.4248610481619835,1.142541778087616,13.552287213614182,2547.654468516143
741,217694,247.69498328864574,0.0,0.0,320,0.585753858089447,1.2439000606536865,13.267054045005352,0.06986534595489502,,,,,,,,
742,217957,653.7874660426751,1.0,0.0,263,0.2428295761346817,0.9868119359016418,15.559106389060616,0.0703413113951683,,,,,,,,
743,218217,655.3288279138505,1.0,0.0,260,0.235831618309021,1.044398546218872,15.40703902207315,0.06924384832382202,,,,,,,,
744,218477,652.915573976934,1.0,0.0,260,0.2484244406223297,1.1586565971374512,15.228339321911335,0.06691737473011017,,,,,,,,
745,218797,255.30558971362188,0.0,0.0,320,0.5882924795150757,1.2038161754608154,13.516622961324174,0.06867013871669769,,,,,,,,
746,219053,658.2666762694716,1.0,0.0,256,0.24570533633232117,1.217223882675171,15.292107606306672,0.069366954267025,,,,,,,,
747,219373,247.67670373618603,0.0,0.0,320,0.603449821472168,1.218066930770874,13.245493351198093,0.0692453533411026,,,,,,,,
748,219633,647.3231801316142,1.0,0.0,260,0.23972922563552856,1.079852819442749,14.747990199131891,0.07070182263851166,,,,,,,,
749,219875,662.4681532159448,1.0,0.0,242,0.23291786015033722,1.1411378383636475,14.882713927421719,0.07124374061822891,,,,,,,,
750,220195,247.7336775586009,0.0,0.0,320,0.4997698962688446,1.190026044845581,13.303664055943955,0.0706532746553421,693.1268492488656,1.0,0.0,243.45,0.24607558995485307,1.131995177268982,14.483683944190853,3031.192263968801
751,220515,239.26891916058958,0.0,0.0,320,0.5725690722465515,1.0532739162445068,13.833260153071024,0.06983543932437897,,,,,,,,
752,220769,655.7032191604376,1.0,0.0,254,0.15718939900398254,1.0116522312164307,15.019066957291216,0.06809761375188828,,,,,,,,
753,221023,652.8965222612023,1.0,0.0,254,0.24565137922763824,1.222644567489624,15.312663577962667,0.06754734367132187,,,,,,,,
754,221343,247.33754050079733,0.0,0.0,320,0.706780195236206,1.1965091228485107,13.08609668158715,0.06840690970420837,,,,,,,,
755,221623,637.656471926719,1.0,0.0,280,0.24786154925823212,1.011188268661499,15.503981713205576,0.06877733021974564,,,,,,,,
756,221943,247.20035136304796,0.0,0.0,320,0.5981923937797546,1.2963311672210693,13.652319389162585,0.07025196403265,,,,,,,,
757,222263,235.9226867563557,0.0,0.0,320,0.822094738483429,1.2037506103515625,13.85077876658761,0.06972260773181915,,,,,,,,
758,222583,238.1604011002928,0.0,0.0,320,0.5884202718734741,1.267402172088623,15.819502462283708,0.06781367212533951,,,,,,,,
759,222903,231.30920473323204,0.0,0.0,320,1.1224398612976074,1.2150657176971436,13.576794609572971,0.06642080098390579,,,,,,,,
760,223223,229.68129814066924,0.0,0.0,320,1.1669756174087524,1.2208330631256104,13.0495713717537,0.06593499332666397,209.87808399359346,0.0,0.0,420.0,1.173787373304367,1.2877703070640565,13.212112588585295,3031.192263968801
761,223543,240.8901190503966,0.0,0.0,320,1.0480899810791016,1.211620807647705,13.74812492413912,0.0637216866016388,,,,,,,,
762,223863,229.66271282173693,0.0,0.0,320,1.0571448802947998,1.2785897254943848,13.734972300226218,0.06435849517583847,,,,,,,,
763,224183,235.46655042190105,0.0,0.0,320,0.5042688250541687,1.0818219184875488,15.48597775097005,0.0630725771188736,,,,,,,,
764,224503,230.58770258910954,0.0,0.0,320,1.137296199798584,1.1649115085601807,12.747685085021658,0.06516440957784653,,,,,,,,
765,224823,236.4520601539407,0.0,0.0,320,1.029047966003418,1.1262497901916504,14.186428126122337,0.06458532810211182,,,,,,,,
766,225143,233.84226725436747,0.0,0.0,320,1.0436367988586426,1.1640222072601318,13.088291849882808,0.06425949186086655,,,,,,,,
767,225463,236.77524430677295,0.0,0.0,320,1.0059236288070679,1.1860544681549072,13.326212450949242,0.062365468591451645,,,,,,,,
768,225783,216.33564021391794,0.0,0.0,320,1.4758721590042114,1.0120506286621094,15.277140827151015,0.06271572411060333,,,,,,,,
769,226103,235.327658677008,0.0,0.0,320,1.0060086250305176,1.1994125843048096,14.256134433308034,0.06118743121623993,,,,,,,,
770,226423,230.56500219274312,0.0,0.0,320,0.9598178863525391,0.960361659526825,14.682545410993043,0.06113012880086899,201.83683243404374,0.0,0.0,420.0,1.0459587752819062,0.7595385730266571,14.017537552138673,3031.192263968801
771,226743,223.27286636270583,0.0,0.0,320,1.2620471715927124,1.1801459789276123,14.36210005992325,0.06002940237522125,,,,,,,,
772,227063,237.12369503453374,0.0,0.0,320,1.0231021642684937,0.9697204232215881,14.835744133451954,0.05962377041578293,,,,,,,,
773,227383,229.87425472028553,0.0,0.0,320,1.0861061811447144,0.8844816088676453,16.036088679218665,0.05962243303656578,,,,,,,,
774,227703,186.70995324477553,0.0,0.0,320,1.8443386554718018,0.9338201880455017,14.950703252456151,0.05881398171186447,,,,,,,,
775,228023,231.80668836366385,0.0,0.0,320,1.1281421184539795,1.1627581119537354,14.210565662564477,0.05758233740925789,,,,,,,,
776,228343,201.1011124998331,0.0,0.0,320,1.2174147367477417,0.9360314011573792,14.828678439371288,0.056830033659935,,,,,,,,
777,228663,225.8840270023793,0.0,0.0,320,0.5109864473342896,0.7738612294197083,14.014704496134073,0.0559089370071888,,,,,,,,
778,228983,224.7809988707304,0.0,0.0,320,1.1637002229690552,1.0042083263397217,14.520651674829423,0.056276585906744,,,,,,,,
779,229303,226.73576301988214,0.0,0.0,320,0.9772109389305115,0.9059303402900696,14.57694666495081,0.05681595951318741,,,,,,,,
780,229623,210.35781225189567,0.0,0.0,320,0.9092898368835449,0.9839242100715637,14.994355154922232,0.05645980313420296,197.92303906551098,0.0,0.0,420.0,1.136277621984482,0.9486020982265473,13.667276159064022,3031.192263968801
781,229943,227.13787941727787,0.0,0.0,320,0.9067971706390381,0.9417590498924255,14.480618383851834,0.05579306185245514,,,,,,,,
782,230263,202.82787929661572,0.0,0.0,320,1.6159840822219849,0.8985695242881775,14.633022492809687,0.054566625505685806,,,,,,,,
783,230583,231.87424036022276,0.0,0.0,320,0.935217022895813,1.0781137943267822,14.621970268664882,0.05391599237918854,,,,,,,,
784,230903,228.84855994721875,0.0,0.0,320,1.0357670783996582,1.1453485488891602,14.228341027104761,0.052841342985630035,,,,,,,,
785,231223,220.57399556878954,0.0,0.0,320,1.151052474975586,1.043792486190796,14.406915468513034,0.05238574370741844,,,,,,,,
786,231543,207.2953646099195,0.0,0.0,320,0.8930925130844116,1.054084062576294,15.124603605479933,0.05118308961391449,,,,,,,,
787,231863,230.43087685341015,0.0,0.0,320,0.9172531366348267,1.1159007549285889,14.426714935805649,0.049501970410346985,,,,,,,,
788,232183,197.74848937173374,0.0,0.0,320,1.9963475465774536,0.8710755705833435,15.302398391242605,0.049486275762319565,,,,,,,,
789,232503,224.28795978566632,0.0,0.0,320,1.122017502784729,0.9107992053031921,15.63440400955733,0.0504104420542717,,,,,,,,
790,232823,234.4456176054664,0.0,0.0,320,0.8055591583251953,1.007570505142212,14.200013818626758,0.04993777349591255,204.48448976154904,0.0,0.0,420.0,1.180165833234787,0.8970563530921936,15.886457467953733,3031.192263968801
791,233143,224.46998826041818,0.0,0.0,320,1.091615080833435,0.9212872385978699,14.77283539500786,0.04833689704537392,,,,,,,,
792,233463,233.31053880229592,0.0,0.0,320,0.8550206422805786,1.0573740005493164,13.99032216820342,0.048645708709955215,,,,,,,,
793,233783,230.42952482402325,0.0,0.0,320,0.7429107427597046,0.9816743731498718,15.488155127153732,0.04921598359942436,,,,,,,,
794,234103,231.51817345805466,0.0,0.0,320,0.47919318079948425,0.8313319087028503,15.800871448824182,0.049971871078014374,,,,,,,,
795,234423,228.23335223077447,0.0,0.0,320,0.7724315524101257,0.9447425007820129,14.736059396993369,0.048607323318719864,,,,,,,,
796,234743,236.0169716272503,0.0,0.0,320,0.8725432753562927,0.9378007054328918,14.762226944090798,0.047531384974718094,,,,,,,,
797,235063,233.4283676929772,0.0,0.0,320,0.8136115670204163,0.9575302004814148,14.592516977339983,0.047261256724596024,,,,,,,,
798,235383,243.75113130547106,0.0,0.0,320,0.678175687789917,0.8479960560798645,15.011440017493442,0.04886255040764809,,,,,,,,
799,235703,237.88665882032365,0.0,0.0,320,0.6713525652885437,0.9021456837654114,14.934781797521282,0.04964173957705498,,,,,,,,
800,236023,242.49510444886982,0.0,0.0,320,0.5272507667541504,0.8314923644065857,16.074703438906,0.05040288344025612,-268.6743502016354,0.0,0.0,420.0,12.931302976608276,0.3744158148765564,30.2465903624543,3031.192263968801
801,236343,243.50116404797882,0.0,0.0,320,0.6478667855262756,1.0090513229370117,14.147600067546591,0.05115919187664986,,,,,,,,
802,236663,221.99936128407717,0.0,0.0,320,0.9292474985122681,0.9510961174964905,15.388138531590812,0.05238676816225052,,,,,,,,
803,236983,231.69289985729847,0.0,0.0,320,0.8262816667556763,0.8959872126579285,15.34875460260082,0.051833778619766235,,,,,,,,
804,237303,228.3150783944875,0.0,0.0,320,0.9227957725524902,0.9200504422187805,15.172007357235998,0.05233020707964897,,,,,,,,
805,237623,227.41907912911847,0.0,0.0,320,0.9855759739875793,0.8582528233528137,15.27125650572998,0.052572060376405716,,,,,,,,
806,237943,-6.389888123609126,0.0,0.0,320,7.575326442718506,0.43662893772125244,21.577888914383948,0.052314117550849915,,,,,,,,
807,238263,244.46651430008933,0.0,0.0,320,0.4100381135940552,0.9759741425514221,15.176467742654495,0.05535102263092995,,,,,,,,
808,238583,249.23815253772773,0.0,0.0,320,0.47657716274261475,0.9471942782402039,15.901332284556702,0.05667411908507347,,,,,,,,
809,238903,237.0283449506387,0.0,0.0,320,0.7934463620185852,0.9810013175010681,15.184188316110522,0.05593601614236832,,,,,,,,
810,239223,111.39296238683164,0.0,0.0,320,4.264077663421631,0.4813826084136963,17.92826824937947,0.05497077852487564,201.2145785165165,0.0,0.0,420.0,0.995745775103569,0.9288446843624115,17.06897058384784,3031.192263968801
811,239543,241.26350021967664,0.0,0.0,320,0.7309994697570801,0.9011996388435364,14.751458560116589,0.05492363125085831,,,,,,,,
812,239863,248.37293262034655,0.0,0.0,320,0.5385363698005676,0.9686681628227234,13.73124347468547,0.055026233196258545,,,,,,,,
813,240183,217.39848702400923,0.0,0.0,320,1.352673888206482,0.8257706761360168,18.392489264486358,0.05591372027993202,,,,,,,,
814,240503,235.9432003768161,0.0,0.0,320,0.8048913478851318,0.9813533425331116,15.109126852592453,0.05486247316002846,,,,,,,,
815,240823,244.93525758944452,0.0,0.0,320,0.7660788297653198,0.98716801404953,14.572857589228079,0.05418115109205246,,,,,,,,
816,241143,241.85590036958456,0.0,0.0,320,0.8539644479751587,0.565412163734436,14.307357066543773,0.05480622872710228,,,,,,,,
817,241463,241.84482705406845,0.0,0.0,320,0.731558084487915,1.0073909759521484,14.469548967317678,0.05604906007647514,,,,,,,,
818,241783,244.25568266771734,0.0,0.0,320,0.6528197526931763,0.9674341082572937,14.074373582872795,0.05614529177546501,,,,,,,,
819,242103,241.43847638450097,0.0,0.0,320,0.7355592250823975,0.9573045372962952,14.590564398182323,0.0553319975733757,,,,,,,,
820,242423,241.3344955323264,0.0,0.0,320,0.836736261844635,0.9298452734947205,14.53865421214141,0.056684497743844986,217.69874640083873,0.0,0.0,420.0,0.8329215526580811,0.9611536204814911,14.076441544161753,3031.192263968801
821,242743,246.4229923086241,0.0,0.0,320,0.6959037184715271,0.9507719874382019,14.426550236850744,0.05432072654366493,,,,,,,,
822,243063,244.99119654111564,0.0,0.0,320,0.660914421081543,0.9232951998710632,14.336798651187564,0.05451948568224907,,,,,,,,
823,243383,243.81918771192431,0.0,0.0,320,0.7074957489967346,0.957522451877594,14.054909973448957,0.053416285663843155,,,,,,,,
824,243703,244.76304233074188,0.0,0.0,320,0.6937441825866699,1.020697832107544,13.738962985793478,0.052978601306676865,,,,,,,,
825,244023,246.34169013425708,0.0,0.0,320,0.6513256430625916,1.1286799907684326,13.707929073250853,0.05184539780020714,,,,,,,,
826,244343,241.27068397589028,0.0,0.0,320,0.6289265751838684,1.0580573081970215,14.175869318190962,0.05079894885420799,,,,,,,,
827,244663,251.64767005108297,0.0,0.0,320,0.5528736114501953,0.9656073451042175,14.422431859187782,0.0515202060341835,,,,,,,,
828,244983,249.56121036224067,0.0,0.0,320,0.6091716885566711,1.0477662086486816,13.967650882608723,0.0524914525449276,,,,,,,,
829,245303,239.0910872630775,0.0,0.0,320,0.8490872383117676,1.265758991241455,13.545225604233565,0.051957398653030396,,,,,,,,
830,245623,248.93979540653527,0.0,0.0,320,0.5618782043457031,1.0861897468566895,14.221174574806355,0.051735736429691315,234.06247478234582,0.0,0.0,420.0,0.5298546463251114,1.020305061340332,14.243506300833541,3031.192263968801
831,245943,236.74418040551245,0.0,0.0,320,0.9533763527870178,1.2367541790008545,14.241179642849602,0.05019170790910721,,,,,,,,
832,246263,241.23367703519762,0.0,0.0,320,0.9296026825904846,1.2356727123260498,13.873300450941315,0.05004485324025154,,,,,,,,
833,246583,239.93613170087337,0.0,0.0,320,0.905785083770752,1.3420591354370117,13.451547758391825,0.05010029301047325,,,,,,,,
834,246903,239.46686457074247,0.0,0.0,320,1.0000346899032593,1.317317008972168,14.095591932287789,0.04989941418170929,,,,,,,,
835,247223,229.40354080870748,0.0,0.0,320,1.0521011352539062,1.3238611221313477,13.292431884561665,0.05191006138920784,,,,,,,,
836,247543,214.7270888129715,0.0,0.0,320,1.007100224494934,1.0764925479888916,14.082004924770445,0.05275290086865425,,,,,,,,
837,247863,244.72943989932537,0.0,0.0,320,0.8526445627212524,1.2970755100250244,13.642792156810174,0.05328061059117317,,,,,,,,
838,248183,242.51969677954912,0.0,0.0,320,0.8540955185890198,1.2465147972106934,13.421616744017228,0.054224468767642975,,,,,,,,
839,248503,231.71145086176693,0.0,0.0,320,1.1600899696350098,1.335174322128296,14.34812847264402,0.052120015025138855,,,,,,,,
840,248823,231.2636120468378,0.0,0.0,320,1.0330195426940918,1.2250523567199707,13.800112957804231,0.05294746533036232,656.3030712705543,1.0,0.0,330.5,0.24713992848992347,1.1463815331459046,13.994455730845221,3031.192263968801
841,249143,239.5050354283303,0.0,0.0,320,0.9275568127632141,1.2423386573791504,13.44214720846503,0.051454443484544754,,,,,,,,
842,249463,247.09253965504467,0.0,0.0,320,0.7983289361000061,1.2687938213348389,14.240496480415459,0.051069825887680054,,,,,,,,
843,249783,241.13229235634208,0.0,0.0,320,0.9046093225479126,1.2598114013671875,13.418987749515509,0.05194918438792229,,,,,,,,
844,250103,247.55089524760842,0.0,0.0,320,0.761880099773407,1.2468461990356445,14.041651406339952,0.05078139156103134,,,,,,,,
845,250423,240.52041353657842,0.0,0.0,320,0.884181022644043,1.2758395671844482,13.418951259678579,0.051311396062374115,,,,,,,,
846,250743,237.91366922855377,0.0,0.0,320,0.9890910983085632,1.2914562225341797,13.837787730735727,0.048825692385435104,,,,,,,,
847,251063,245.66054919920862,0.0,0.0,320,0.7420270442962646,1.2110962867736816,14.159529051161371,0.04714180901646614,,,,,,,,
848,251383,231.6771580162458,0.0,0.0,320,0.9493048787117004,1.2230169773101807,14.781717683305033,0.04619993641972542,,,,,,,,
849,251703,257.2707343986258,0.0,0.0,320,0.4215181767940521,1.087512493133545,13.993847415287746,0.04809223487973213,,,,,,,,
850,252023,244.6885862071067,0.0,0.0,320,0.8270033597946167,1.1670472621917725,13.469432673147821,0.048194412142038345,225.38824211782776,0.0,0.0,420.0,0.743943989276886,1.141179347038269,13.406885672622797,3031.192263968801
851,252343,241.00684996228665,0.0,0.0,320,0.760399341583252,1.223616123199463,13.944453590593184,0.04735570773482323,,,,,,,,
852,252663,248.71816101670265,0.0,0.0,320,0.8313884735107422,1.2736926078796387,13.958402957810904,0.04848850890994072,,,,,,,,
853,252983,222.48934838920832,0.0,0.0,320,0.8806233406066895,0.9157139658927917,14.452978994464502,0.04573119804263115,,,,,,,,
854,253303,249.7636560946703,0.0,0.0,320,0.6357923746109009,1.206833839416504,13.81715144077316,0.04699090123176575,,,,,,,,
855,253623,242.14453831632272,0.0,0.0,320,1.0414012670516968,1.298389196395874,14.403833214193583,0.048896532505750656,,,,,,,,
856,253943,240.8661914486438,0.0,0.0,320,0.954872727394104,1.2982430458068848,14.46961441874737,0.04804517701268196,,,,,,,,
857,254263,244.10823942534626,0.0,0.0,320,0.777291476726532,1.2301957607269287,13.811343295878032,0.04839925095438957,,,,,,,,
858,254583,245.84500132407993,0.0,0.0,320,0.7919435501098633,1.2139320373535156,13.991552585648606,0.04842643439769745,,,,,,,,
859,254903,250.33042166382074,0.0,0.0,320,0.750758171081543,1.1270644664764404,13.871237158906297,0.04926411807537079,,,,,,,,
860,255223,239.4496957184747,0.0,0.0,320,0.9539065957069397,1.2871909141540527,14.10915725317318,0.04799693077802658,214.6788945879918,0.0,0.0,420.0,0.9054598927497863,0.9996918976306916,17.52553094023824,3031.192263968801
861,255543,235.70673468708992,0.0,0.0,320,1.029727578163147,1.1652843952178955,14.05924913714989,0.04764207452535629,,,,,,,,
862,255863,244.1052482756786,0.0,0.0,320,0.8497337102890015,1.206716537475586,13.65671259330702,0.04829186946153641,,,,,,,,
863,256183,233.81082559935749,0.0,0.0,320,1.1996605396270752,1.1036598682403564,13.862359874445247,0.04892485961318016,,,,,,,,
864,256503,231.11265069246292,0.0,0.0,320,1.1004819869995117,1.160553216934204,13.901994691244909,0.04874034598469734,,,,,,,,
865,256823,235.6736797010526,0.0,0.0,320,1.082931637763977,1.102107286453247,13.484238466073293,0.047654762864112854,,,,,,,,
866,257143,249.6297743730247,0.0,0.0,320,0.7545763254165649,0.9512627720832825,18.174870525719598,0.048374295234680176,,,,,,,,
867,257463,173.52655297890306,0.0,0.0,320,2.659165382385254,1.0040621757507324,16.044418647652492,0.04732295498251915,,,,,,,,
868,257783,194.74505503382534,0.0,0.0,320,2.2731711864471436,0.9116657376289368,15.529786889179377,0.046833667904138565,,,,,,,,
869,258103,241.97440841048956,0.0,0.0,320,0.8941426277160645,1.2025387287139893,12.851889983612637,0.04695957899093628,,,,,,,,
870,258423,237.65094259008765,0.0,0.0,320,1.0969698429107666,1.2104599475860596,14.033243502984988,0.04779491201043129,213.2199543002469,0.0,0.0,420.0,1.086421900987625,0.8993028819561004,18.380695525207557,3031.192263968801
871,258743,246.23743864754215,0.0,0.0,320,0.6426199078559875,0.6144412755966187,19.291450104676187,0.0484420582652092,,,,,,,,
872,259063,233.87151628080755,0.0,0.0,320,1.1777148246765137,1.3207054138183594,13.589451421037666,0.049073632806539536,,,,,,,,
873,259383,240.64101220713928,0.0,0.0,320,0.7922599911689758,0.879371166229248,18.59565634431783,0.04842231050133705,,,,,,,,
874,259703,236.75401542708278,0.0,0.0,320,1.0938680171966553,1.3759653568267822,13.223840508886497,0.048920996487140656,,,,,,,,
875,260023,233.54936843272299,0.0,0.0,320,1.1864744424819946,1.2429897785186768,13.420432697690558,0.04909568279981613,,,,,,,,
876,260343,243.6385314213112,0.0,0.0,320,0.5707671642303467,0.6596652269363403,18.968038588762283,0.048439688980579376,,,,,,,,
877,260663,234.62723196391016,0.0,0.0,320,1.1625733375549316,1.266892671585083,13.671899929351639,0.049369387328624725,,,,,,,,
878,260983,229.8158243088983,0.0,0.0,320,1.1400448083877563,1.346008062362671,13.137737412151182,0.049135684967041016,,,,,,,,
879,261303,251.16822684928775,0.0,0.0,320,0.3927466869354248,0.7086617350578308,14.925681291264482,0.04863841459155083,,,,,,,,
880,261592,634.320681232959,1.0,0.0,289,0.24787171185016632,0.9000369906425476,17.062688113190234,0.04899416118860245,210.97677513026284,0.0,0.0,420.0,1.2156861245632171,1.3234684705734252,12.969289593748709,3031.192263968801
881,261912,228.80960429739207,0.0,0.0,320,1.2312591075897217,1.3700580596923828,13.444907242039335,0.048848316073417664,,,,,,,,
882,262232,177.93782444298267,0.0,0.0,320,2.6576972007751465,0.873252809047699,15.877696249750443,0.049327075481414795,,,,,,,,
883,262552,228.06677353940904,0.0,0.0,320,1.3149327039718628,1.06998872756958,13.994861387705896,0.04926968365907669,,,,,,,,
884,262773,688.5116515308619,1.0,0.0,221,0.24483342468738556,0.8775452971458435,14.038972608977929,0.05006150156259537,,,,,,,,
885,262992,692.9685741141438,1.0,0.0,219,0.24297796189785004,0.8861662745475769,14.044484360143542,0.05110316351056099,,,,,,,,
886,263312,234.21982713788748,0.0,0.0,320,0.3968501687049866,1.2549703121185303,16.46130266354885,0.051673103123903275,,,,,,,,
887,263572,665.9111399631947,1.0,0.0,260,0.24520856142044067,0.7850685715675354,14.330882860347629,0.05091347172856331,,,,,,,,
888,263843,656.2404156923294,1.0,0.0,271,0.24763606488704681,0.6841725707054138,14.661670472938567,0.051043737679719925,,,,,,,,
889,264060,691.7358670011163,1.0,0.0,217,0.2386937439441681,1.0205986499786377,14.356061026919633,0.051099520176649094,,,,,,,,
890,264266,698.7342222072184,1.0,0.0,206,0.24841812252998352,1.124410629272461,13.94008777057752,0.05088185891509056,726.2611206904054,1.0,0.0,204.9,0.24535037875175475,1.093443214893341,13.929838569532148,3148.0763059622604
891,264476,697.452376589179,1.0,0.0,210,0.2385377436876297,1.0149743556976318,13.965701739303768,0.05136255547404289,,,,,,,,
892,264688,691.3898133523762,1.0,0.0,212,0.24211405217647552,1.018766164779663,14.12935021519661,0.05238891765475273,,,,,,,,
893,264890,707.4560279659927,1.0,0.0,202,0.24287715554237366,1.1674673557281494,14.058437765575945,0.053418196737766266,,,,,,,,
894,265102,696.7335472628474,1.0,0.0,212,0.24002541601657867,1.0943257808685303,14.038097481243312,0.051842331886291504,,,,,,,,
895,265422,221.689900258556,0.0,0.0,320,0.7157158255577087,1.2026183605194092,15.198145330883563,0.052813444286584854,,,,,,,,
896,265742,233.57694377750158,0.0,0.0,320,0.6443939208984375,1.205164909362793,15.315447366214357,0.05163668468594551,,,,,,,,
897,266062,226.57113808393478,0.0,0.0,320,0.8397409915924072,1.2870397567749023,14.946856225447846,0.05280114337801933,,,,,,,,
898,266382,237.01504944590852,0.0,0.0,320,0.6863629817962646,1.2464194297790527,15.234306882426608,0.0543590746819973,,,,,,,,
899,266702,231.79376752767712,0.0,0.0,320,0.6517235636711121,1.3259882926940918,15.110542429611087,0.054490234702825546,,,,,,,,
900,267022,222.89920600224286,0.0,0.0,320,0.7039700150489807,1.1826744079589844,15.342379489884479,0.05612685903906822,224.2986564005958,0.0,0.0,420.0,0.654833409190178,1.303200364112854,14.392968725521495,3148.0763059622604
901,267342,246.62206941843033,0.0,0.0,320,0.641366183757782,1.317662000656128,15.062854823190719,0.056422799825668335,,,,,,,,
902,267662,224.9246534826234,0.0,0.0,320,0.7578766345977783,1.301814317703247,15.311049137846567,0.05728117749094963,,,,,,,,
903,267982,230.02378350263461,0.0,0.0,320,0.5932673215866089,1.262843132019043,15.463977375184186,0.05831443518400192,,,,,,,,
904,268302,247.05015437677503,0.0,0.0,320,0.5205760598182678,1.2639944553375244,15.288798727211542,0.058841247111558914,,,,,,,,
905,268622,240.49625819455832,0.0,0.0,320,0.5862488150596619,1.1802294254302979,15.171646102622617,0.05961831286549568,,,,,,,,
906,268942,248.06079617980868,0.0,0.0,320,0.5607737898826599,1.2598412036895752,15.185009665670805,0.059069376438856125,,,,,,,,
907,269262,244.08573655597866,0.0,0.0,320,0.5228100419044495,1.256591796875,15.286620383296395,0.060461919754743576,,,,,,,,
908,269582,230.0785896666348,0.0,0.0,320,0.7948284149169922,1.325974464416504,15.641784187144367,0.06103827431797981,,,,,,,,
909,269902,248.4021680969745,0.0,0.0,320,0.4371262490749359,1.3305342197418213,15.453445989405736,0.060584284365177155,,,,,,,,
910,270222,239.52925173658878,0.0,0.0,320,0.461963415145874,1.3072476387023926,15.593016183935106,0.060664765536785126,231.2057449948974,0.0,0.0,420.0,0.4079772263765335,1.3282633900642395,15.905258907828829,3148.0763059622604
911,270542,224.45822244510055,0.0,0.0,320,0.8162786960601807,1.3590450286865234,16.4702939435374,0.06281905621290207,,,,,,,,
912,270862,249.6288761785254,0.0,0.0,320,0.5037381052970886,1.2375085353851318,14.957237373921089,0.06236579641699791,,,,,,,,
913,271182,228.44175667501986,0.0,0.0,320,0.5164433121681213,1.2627897262573242,16.096321574412286,0.06387434154748917,,,,,,,,
914,271502,241.2633389113471,0.0,0.0,320,0.7076795697212219,1.3404569625854492,15.397826865781099,0.06391748040914536,,,,,,,,
915,271822,244.1404617652297,0.0,0.0,320,0.537416398525238,1.2566826343536377,15.599548991769552,0.06353648751974106,,,,,,,,
916,272142,249.22514570038766,0.0,0.0,320,0.4749453365802765,1.278008222579956,15.024980457325,0.06234162300825119,,,,,,,,
917,272462,239.99279825109988,0.0,0.0,320,0.6293497681617737,1.300004005432129,15.778097194619477,0.06460553407669067,,,,,,,,
918,272782,244.8038164403988,0.0,0.0,320,0.5609102845191956,1.2497193813323975,15.40362656628713,0.06328929215669632,,,,,,,,
919,273102,245.3574107347522,0.0,0.0,320,0.5989661812782288,1.2103517055511475,15.841433035966475,0.06237919256091118,,,,,,,,
920,273422,241.25936000142246,0.0,0.0,320,0.4807068705558777,1.2050070762634277,15.089946662439615,0.06112399324774742,232.81955307046883,0.0,0.0,420.0,0.5259403139352798,1.1706133604049682,14.240787156935955,3148.0763059622604
921,273742,252.1027513500303,0.0,0.0,320,0.42039385437965393,1.1636366844177246,14.935735686158296,0.062472082674503326,,,,,,,,
922,274062,245.45785785093904,0.0,0.0,320,0.4637179672718048,1.109849214553833,14.737637493763032,0.061241988092660904,,,,,,,,
923,274382,255.67107520159334,0.0,0.0,320,0.4086490571498871,1.0568864345550537,14.32710615718679,0.062425822019577026,,,,,,,,
924,274702,255.03080757521093,0.0,0.0,320,0.41824543476104736,1.1044819355010986,14.44002610212192,0.06345514953136444,,,,,,,,
925,275019,624.0499392198399,1.0,0.0,317,0.24974486231803894,1.1407206058502197,14.482703360146843,0.06196672469377518,,,,,,,,
926,275339,249.20874411147088,0.0,0.0,320,0.43147629499435425,1.048666000366211,14.910951785102952,0.06230800971388817,,,,,,,,
927,275659,249.01445539295673,0.0,0.0,320,0.38794147968292236,1.1771574020385742,15.475114916451275,0.061323780566453934,,,,,,,,
928,275979,248.7628690386191,0.0,0.0,320,0.33733779191970825,1.0330257415771484,15.014936032152036,0.06001689285039902,,,,,,,,
929,276299,254.41106993705034,0.0,0.0,320,0.34007585048675537,1.0510587692260742,14.363864013226703,0.06001865491271019,,,,,,,,
930,276619,251.6428644573316,0.0,0.0,320,0.36846351623535156,1.1582229137420654,13.625128606159706,0.06079535186290741,236.82256764648483,0.0,0.0,420.0,0.39579435884952546,1.0712128162384034,13.921144312025536,3148.0763059622604
931,276939,258.8256830694154,0.0,0.0,320,0.2741343080997467,1.058941125869751,13.933415184670594,0.06044885888695717,,,,,,,,
932,277259,253.8539950856939,0.0,0.0,320,0.37482646107673645,1.1175799369812012,14.002728215651587,0.059120602905750275,,,,,,,,
933,277579,256.95260357437655,0.0,0.0,320,0.28651317954063416,1.1043117046356201,14.277928702140343,0.05931428074836731,,,,,,,,
934,277899,243.5809908444062,0.0,0.0,320,0.2752121388912201,1.1048130989074707,15.17939555097837,0.061126161366701126,,,,,,,,
935,278219,236.37738419510424,0.0,0.0,320,0.7463619112968445,1.0643045902252197,14.756418379605748,0.061408329755067825,,,,,,,,
936,278539,226.4202281446196,0.0,0.0,320,0.6852759718894958,1.2054095268249512,15.39246178441681,0.059516213834285736,,,,,,,,
937,278823,640.5071791689843,1.0,0.0,284,0.24951086938381195,1.13767671585083,14.3851398100378,0.05737577751278877,,,,,,,,
938,279019,710.0996797140688,1.0,0.0,196,0.24510450661182404,1.116957426071167,13.497300934046507,0.05631034076213837,,,,,,,,
939,279339,248.3360499870032,0.0,0.0,320,0.4022065997123718,1.1848134994506836,13.95483839994995,0.055330611765384674,,,,,,,,
940,279659,254.29953679989558,0.0,0.0,320,0.3118502199649811,1.2163183689117432,14.644814389175735,0.05581429600715637,236.54215346872223,0.0,0.0,420.0,0.3441729798913002,1.1940156936645507,14.106312971961916,3148.0763059622604
941,279933,649.9029714120552,1.0,0.0,274,0.24704545736312866,1.1512367725372314,13.633340824453626,0.05402708053588867,,,,,,,,
942,280253,260.31658149138093,0.0,0.0,320,0.34541571140289307,1.2241759300231934,13.86225060815923,0.054690174758434296,,,,,,,,
943,280573,237.9504972063005,0.0,0.0,320,0.3805902302265167,1.174008846282959,14.81684637273429,0.05401472747325897,,,,,,,,
944,280893,250.332591438666,0.0,0.0,320,0.45380303263664246,1.1188647747039795,14.599366400390863,0.05330227315425873,,,,,,,,
945,281213,245.87888876907527,0.0,0.0,320,0.5748926997184753,1.1253862380981445,14.735964610474184,0.05412319302558899,,,,,,,,
946,281533,237.26505119074136,0.0,0.0,320,0.4963420331478119,1.2042262554168701,15.246540875639766,0.05418919771909714,,,,,,,,
947,281853,252.42093004880007,0.0,0.0,320,0.3664986193180084,1.1933152675628662,14.929894341621548,0.05326780676841736,,,,,,,,
948,282173,239.43000464327633,0.0,0.0,320,0.6218828558921814,1.1514003276824951,14.504364846739918,0.05353696271777153,,,,,,,,
949,282493,233.91330433404073,0.0,0.0,320,0.6901525855064392,1.1228172779083252,14.48687408468686,0.053787074983119965,,,,,,,,
950,282813,249.91875772736967,0.0,0.0,320,0.43560704588890076,1.098947286605835,14.468841634923592,0.053415585309267044,233.54899467283394,0.0,0.0,420.0,0.4404555559158325,1.1307509541511536,14.090853588167738,3148.0763059622604
951,283133,251.57861225213856,0.0,0.0,320,0.34648051857948303,1.1612224578857422,14.790492417407222,0.053847432136535645,,,,,,,,
952,283405,653.0340289119631,1.0,0.0,272,0.2441204935312271,1.1586315631866455,14.225361906574108,0.054002612829208374,,,,,,,,
953,283622,693.9605802462902,1.0,0.0,217,0.2491985410451889,1.1611177921295166,13.918672921601683,0.05305076390504837,,,,,,,,
954,283942,249.77047621365637,0.0,0.0,320,0.3376522958278656,1.1608397960662842,14.008514940389432,0.052499476820230484,,,,,,,,
955,284262,243.8657821509987,0.0,0.0,320,0.5747759938240051,1.1624093055725098,14.662354211322963,0.053051773458719254,,,,,,,,
956,284582,252.6214440446347,0.0,0.0,320,0.4085198640823364,1.1624531745910645,14.430364053696394,0.05370236188173294,,,,,,,,
957,284902,247.1608476494439,0.0,0.0,320,0.5976815819740295,1.1290371417999268,14.851468864508206,0.055158212780952454,,,,,,,,
958,285222,242.53540304582566,0.0,0.0,320,0.6060447692871094,1.0930242538452148,14.906621977337636,0.05373959615826607,,,,,,,,
959,285499,640.9604442149866,1.0,0.0,277,0.24215130507946014,1.1605963706970215,14.533920530811884,0.053193386644124985,,,,,,,,
960,285819,234.78769548796117,0.0,0.0,320,0.6206167340278625,1.1545014381408691,15.172857519006357,0.05312185734510422,218.83958094312112,0.0,0.0,420.0,0.7321036905050278,1.1871633887290955,14.824648903124398,3148.0763059622604
961,286139,237.7182928090915,0.0,0.0,320,0.7117894887924194,1.1353929042816162,14.478525897720829,0.05323559790849686,,,,,,,,
962,286425,640.0421520676464,1.0,0.0,286,0.24527163803577423,1.1149444580078125,14.66330869263038,0.05252490192651749,,,,,,,,
963,286745,238.95940454257652,0.0,0.0,320,0.7893626689910889,1.1749978065490723,15.226560129784048,0.0539262518286705,,,,,,,,
964,286963,691.7682970277965,1.0,0.0,218,0.2473629117012024,1.1115307807922363,14.119181599467993,0.05252017080783844,,,,,,,,
965,287283,258.84160734247416,0.0,0.0,320,0.2705135643482208,1.1141278743743896,14.59363698476227,0.0536939762532711,,,,,,,,
966,287551,659.5412675831467,1.0,0.0,268,0.244002103805542,1.138080358505249,14.493103095330298,0.05423957109451294,,,,,,,,
967,287762,700.5787108447403,1.0,0.0,211,0.24802574515342712,1.1151623725891113,14.409608081448823,0.05395156145095825,,,,,,,,
968,287970,694.5912905521691,1.0,0.0,208,0.24869215488433838,1.0835819244384766,14.188246906269342,0.05504755675792694,,,,,,,,
969,288183,695.2338324226439,1.0,0.0,213,0.24628062546253204,1.120368242263794,14.237753476481885,0.05420057103037834,,,,,,,,
970,288434,666.308849860914,1.0,0.0,251,0.24458226561546326,1.1015162467956543,14.728222271660343,0.054023563861846924,723.6004875776823,1.0,0.0,208.05,0.24781128838658334,1.1794011473655701,14.159785652917344,3148.0763059622604
971,288633,705.6811831453815,1.0,0.0,199,0.24965828657150269,1.1868455410003662,13.950483995024115,0.05448751896619797,,,,,,,,
972,288953,235.90569985518232,0.0,0.0,320,0.7867594957351685,1.1051089763641357,15.148843072413001,0.05650448426604271,,,,,,,,
973,289154,700.4748486280441,1.0,0.0,201,0.246597558259964,1.0766916275024414,14.078395940829068,0.057522743940353394,,,,,,,,
974,289474,244.85697678569704,0.0,0.0,320,0.5766850113868713,1.1891520023345947,14.857956532563549,0.05678834393620491,,,,,,,,
975,289794,55.908533909358084,0.0,0.0,320,0.27886155247688293,0.1923242211341858,16.436108800320653,0.05680185928940773,,,,,,,,
976,290114,16.84602110274136,0.0,0.0,320,0.4993044137954712,0.1778397560119629,15.253678718348965,0.0595652312040329,,,,,,,,
977,290306,-281.76127376779914,0.0,1.0,192,2.0226800441741943,-0.020056962966918945,12.67093365965411,0.05927030369639397,,,,,,,,
978,290463,-364.52251490205526,0.0,1.0,157,4.038963317871094,-0.00990515947341919,12.13779207598418,0.05979849025607109,,,,,,,,
979,290702,-271.79561383184046,0.0,1.0,239,2.2400565147399902,-0.031752943992614746,13.798826033715159,0.05720379576086998,,,,,,,,
980,290938,654.8873941283673,1.0,0.0,236,0.24489614367485046,0.44768697023391724,14.59501708066091,0.05554984509944916,77.68240907790315,0.0,0.0,420.0,0.29947022944688795,0.17817417085170745,14.421284372617446,3148.0763059622604
981,291258,239.44334698398598,0.0,0.0,320,0.4518655836582184,0.9264129996299744,14.969497124839108,0.056656744331121445,,,,,,,,
982,291578,237.6604427830316,0.0,0.0,320,0.4019711911678314,0.6902603507041931,14.683797961333767,0.05599386990070343,,,,,,,,
983,291898,232.87262328516226,0.0,0.0,320,0.4657439887523651,0.8910943865776062,15.056947517208755,0.057858891785144806,,,,,,,,
984,292094,709.2288799509406,1.0,0.0,196,0.23753032088279724,1.034421682357788,14.514856756664813,0.056874264031648636,,,,,,,,
985,292290,701.9212830633624,1.0,0.0,196,0.24667783081531525,1.1070172786712646,14.487687589135021,0.05741797760128975,,,,,,,,
986,292495,700.0278215417638,1.0,0.0,205,0.24354536831378937,1.0738658905029297,14.453615194186568,0.05790077522397041,,,,,,,,
987,292688,711.5392088424414,1.0,0.0,193,0.24636590480804443,1.0770723819732666,14.024600409902632,0.05787264555692673,,,,,,,,
988,292895,703.4353267010301,1.0,0.0,207,0.08956264704465866,1.0736467838287354,15.023062662454322,0.0573805496096611,,,,,,,,
989,293088,703.7732733231969,1.0,0.0,193,0.24930210411548615,1.0519986152648926,14.28042982565239,0.05837319418787956,,,,,,,,
990,293295,697.2532065734267,1.0,0.0,207,0.22591273486614227,1.1124553680419922,14.753139871172607,0.05928484722971916,231.2035036325571,0.0,0.0,420.0,0.4245926752686501,1.052952766418457,14.013961483946446,3148.0763059622604
991,293615,254.2519308393821,0.0,0.0,320,0.45816707611083984,1.107926845550537,14.850389973144047,0.06159433349967003,,,,,,,,
992,293935,234.18963425885886,0.0,0.0,320,0.5745435953140259,1.1411621570587158,15.37866158032557,0.06492303311824799,,,,,,,,
993,294255,244.93382154777646,0.0,0.0,320,0.5307362079620361,1.0478055477142334,15.1436918474501,0.06509223580360413,,,,,,,,
994,294445,708.0753993429244,1.0,0.0,190,0.23292185366153717,1.0898284912109375,14.356681952951476,0.0662161335349083,,,,,,,,
995,294765,247.80661821109243,0.0,0.0,320,0.35607266426086426,1.098789930343628,15.4053667767148,0.06606386601924896,,,,,,,,
996,295085,250.23011582437903,0.0,0.0,320,0.4168197810649872,1.0824649333953857,15.155987983511295,0.06644804030656815,,,,,,,,
997,295275,700.0788631862961,1.0,0.0,190,0.23695802688598633,1.1024765968322754,14.543268387205899,0.06507270038127899,,,,,,,,
998,295460,708.1502027688548,1.0,0.0,185,0.24684469401836395,1.0548429489135742,14.094882197445258,0.06321033835411072,,,,,,,,
999,295663,691.2211876260117,1.0,0.0,203,0.24774421751499176,1.0238842964172363,14.552038959227502,0.063218854367733,,,,,,,,
1000,295850,709.7845317581668,1.0,0.0,187,0.242526113986969,1.082056999206543,14.3593762696255,0.06217295676469803,737.9515868541785,1.0,0.0,179.4,0.24130209386348725,1.0470064878463745,13.844853726041038,3211.8068316723684
1001,296129,640.0103349514538,1.0,0.0,279,0.24717926979064941,1.0787608623504639,15.019194738939404,0.06385812163352966,,,,,,,,
1002,296318,713.1760526112048,1.0,0.0,189,0.23074042797088623,1.1633543968200684,14.086139011196792,0.0637613981962204,,,,,,,,
1003,296512,708.8992655838374,1.0,0.0,194,0.23858657479286194,1.108752727508545,14.506142692640424,0.06381334364414215,,,,,,,,
1004,296697,712.9535430185497,1.0,0.0,185,0.1349235326051712,1.1002731323242188,13.872011776547879,0.06507828086614609,,,,,,,,
1005,296888,713.2261303532869,1.0,0.0,191,0.24618370831012726,1.1096553802490234,14.23142734868452,0.06342237442731857,,,,,,,,
1006,297075,711.3776618069969,1.0,0.0,187,0.22819575667381287,1.098222017288208,14.121114087291062,0.06271986663341522,,,,,,,,
1007,297274,706.8256458221003,1.0,0.0,199,0.24841007590293884,1.1826412677764893,14.850612910231575,0.06300202757120132,,,,,,,,
1008,297461,712.1262879548594,1.0,0.0,187,0.23847289383411407,1.1252667903900146,14.030685827601701,0.06381526589393616,,,,,,,,
1009,297648,709.7171669472009,1.0,0.0,187,0.21948426961898804,1.088012933731079,14.274736014660448,0.06357982754707336,,,,,,,,
1010,297835,708.0948235467076,1.0,0.0,187,0.243734210729599,1.140401840209961,13.858570910990238,0.06262928247451782,728.1414553200942,1.0,0.0,199.6,0.2431816577911377,1.0650163292884827,14.040340435877443,3211.8068316723684
1011,298027,704.0607889220119,1.0,0.0,192,0.248451828956604,1.1233406066894531,13.951927158981562,0.061820488423109055,,,,,,,,
1012,298224,707.6421897746623,1.0,0.0,197,0.19948554039001465,1.117415428161621,14.187980972230434,0.062266238033771515,,,,,,,,
1013,298418,707.1319249160588,1.0,0.0,194,0.2456134557723999,1.12746262550354,13.834899509092793,0.06241282820701599,,,,,,,,
1014,298607,707.4999364539981,1.0,0.0,189,0.2421354353427887,1.1006050109863281,14.060381891205907,0.061459872871637344,,,,,,,,
1015,298802,704.966509245336,1.0,0.0,195,0.23596732318401337,1.0117456912994385,14.186078062048182,0.06200851872563362,,,,,,,,
1016,298998,703.7770421844907,1.0,0.0,196,0.24297687411308289,1.1371822357177734,14.379751012427732,0.06232117488980293,,,,,,,,
1017,299195,704.4838347509503,1.0,0.0,197,0.24007107317447662,1.0087368488311768,13.851607366930693,0.06188062205910683,,,,,,,,
1018,299398,702.2459501056001,1.0,0.0,203,0.24563664197921753,0.990988552570343,14.427720808889717,0.06268808245658875,,,,,,,,
1019,299595,702.7517046183348,1.0,0.0,197,0.24823424220085144,1.0031616687774658,13.815059148706496,0.06341967731714249,,,,,,,,
1020,299783,708.7188800530275,1.0,0.0,188,0.24858249723911285,0.9951221346855164,13.689213196281344,0.06416751444339752,731.3771110446542,1.0,0.0,191.75,0.2439019910991192,1.0138615608215331,13.889023989159615,3211.8068316723684
1021,299989,701.7083806660958,1.0,0.0,206,0.24351389706134796,1.0744671821594238,14.60544136329554,0.06508944183588028,,,,,,,,
1022,300176,716.2007011063397,1.0,0.0,187,0.24649886786937714,1.12758207321167,13.86993038863875,0.0662384182214737,,,,,,,,
1023,300377,702.859646306606,1.0,0.0,201,0.24367235600948334,0.9933735728263855,14.208410628838465,0.06616859883069992,,,,,,,,
1024,300595,694.3397022802383,1.0,0.0,218,0.24731755256652832,1.1561522483825684,14.475881619146094,0.06457588821649551,,,,,,,,
1025,300786,705.7033776035532,1.0,0.0,191,0.2436421662569046,1.1220676898956299,13.894280800130218,0.06486290693283081,,,,,,,,
1026,300975,709.0688112974167,1.0,0.0,189,0.2402401864528656,1.1234605312347412,13.689830406568944,0.0654997006058693,,,,,,,,
1027,301176,702.4182821363211,1.0,0.0,201,0.24236361682415009,1.0693480968475342,14.184471709420905,0.06605498492717743,,,,,,,,
1028,301380,695.5397426337004,1.0,0.0,204,0.24974267184734344,1.1036090850830078,14.197772218380123,0.06584960967302322,,,,,,,,
1029,301575,710.2354765087366,1.0,0.0,195,0.24579796195030212,1.1349022388458252,13.890333350747824,0.0661536455154419,,,,,,,,
1030,301770,707.2212505973876,1.0,0.0,195,0.24090123176574707,1.14215087890625,14.070802987087518,0.06702233105897903,725.6469830032438,1.0,0.0,201.3,0.24428109154105188,1.072030735015869,14.227161584654823,3211.8068316723684
1031,301969,702.9361993088387,1.0,0.0,199,0.24990248680114746,1.0763542652130127,14.16736655170098,0.06650763750076294,,,,,,,,
1032,302163,703.7286745049059,1.0,0.0,194,0.24281050264835358,1.0843446254730225,13.66229653917253,0.0669470727443695,,,,,,,,
1033,302354,706.1417965758592,1.0,0.0,191,0.24348072707653046,1.1004579067230225,13.352990598184988,0.06788498163223267,,,,,,,,
1034,302540,712.549233879894,1.0,0.0,186,0.24443319439888,1.1203334331512451,13.332685760222375,0.06779757142066956,,,,,,,,
1035,302735,705.4089238084853,1.0,0.0,195,0.2443983256816864,0.9367704391479492,13.69635348720476,0.06507561355829239,,,,,,,,
1036,302923,712.4645438827574,1.0,0.0,188,0.24678616225719452,1.1475310325622559,13.727958049392328,0.06489608436822891,,,,,,,,
1037,303120,701.9460567124188,1.0,0.0,197,0.2480999380350113,1.1109039783477783,13.807060990016907,0.0639696940779686,,,,,,,,
1038,303312,704.7626255378127,1.0,0.0,192,0.2421543449163437,1.0500357151031494,13.708417334128171,0.06451395153999329,,,,,,,,
1039,303520,697.6647558067925,1.0,0.0,208,0.24122725427150726,1.057990312576294,14.326609579147771,0.0653436928987503,,,,,,,,
1040,303702,715.7141906432807,1.0,0.0,182,0.24427469074726105,1.136875867843628,13.490431839600205,0.06645306199789047,726.8270679205307,1.0,0.0,202.95,0.24680679962038993,1.0580890417098998,14.400839007645846,3211.8068316723684
1041,303893,706.448674201034,1.0,0.0,191,0.2421228140592575,1.1126742362976074,13.814489372307435,0.06407956033945084,,,,,,,,
1042,304095,702.6741454284638,1.0,0.0,202,0.17959313094615936,1.0187697410583496,14.026973309461027,0.06407191604375839,,,,,,,,
1043,304292,704.5246489057317,1.0,0.0,197,0.247196763753891,1.086258888244629,13.976331871468574,0.06516004353761673,,,,,,,,
1044,304489,704.1240401472896,1.0,0.0,197,0.24152031540870667,1.1070637702941895,13.809539762791246,0.06724043190479279,,,,,,,,
1045,304676,714.0404566312209,1.0,0.0,187,0.2372167706489563,1.1517252922058105,13.677281931508332,0.0684727132320404,,,,,,,,
1046,304867,706.2036250224337,1.0,0.0,191,0.23059648275375366,1.0904841423034668,13.684120749356225,0.07025289535522461,,,,,,,,
1047,305066,704.3147646412253,1.0,0.0,199,0.19712814688682556,1.077277660369873,14.449837894178927,0.06919727474451065,,,,,,,,
1048,305258,701.1023745741695,1.0,0.0,192,0.24801138043403625,1.046623945236206,13.615370397921652,0.0704207643866539,,,,,,,,
1049,305445,707.6192230135202,1.0,0.0,187,0.19483767449855804,1.1001198291778564,14.023534587584436,0.07206792384386063,,,,,,,,
1050,305765,250.95254849269986,0.0,0.0,320,0.33299779891967773,0.7545275092124939,14.584418782236753,0.07446099817752838,232.05136909428984,0.0,0.0,420.0,0.3019805535674095,0.7794954478740692,14.858890684338803,3211.8068316723684
1051,305980,694.2796069215983,1.0,0.0,215,0.24844242632389069,1.1381525993347168,14.712249730946496,0.07396510988473892,,,,,,,,
1052,306243,654.5064061377198,1.0,0.0,263,0.2475123256444931,0.8365855813026428,15.013146865181625,0.07609038800001144,,,,,,,,
1053,306452,681.172887692228,1.0,0.0,209,0.2442874163389206,1.0391466617584229,14.004827192984521,0.07718963921070099,,,,,,,,
1054,306657,701.664218802005,1.0,0.0,205,0.24727532267570496,1.122687578201294,14.670371130108833,0.0775994285941124,,,,,,,,
1055,306898,668.0556483790278,1.0,0.0,241,0.24633873999118805,0.9402992129325867,15.032072215806693,0.0815635398030281,,,,,,,,
1056,307136,652.3042739804368,1.0,0.0,238,0.24725353717803955,0.9284924864768982,15.492127648554742,0.08536435663700104,,,,,,,,
1057,307345,691.1162655074149,1.0,0.0,209,0.24700063467025757,0.967238187789917,14.787103459704667,0.08548124134540558,,,,,,,,
1058,307574,657.0710427835584,1.0,0.0,229,0.16054026782512665,0.8473648428916931,15.765009300783277,0.0855053961277008,,,,,,,,
1059,307803,657.605671517551,1.0,0.0,229,0.14950935542583466,0.8623164296150208,15.054524272214621,0.08561046421527863,,,,,,,,
1060,308034,642.7975404858589,1.0,0.0,231,0.17746427655220032,0.8753281235694885,15.526825648499653,0.08864940702915192,691.9589097520802,1.0,0.0,225.9,0.18278176560997964,0.9325124382972717,15.756947504531126,3211.8068316723684
1061,308276,649.8148266077042,1.0,0.0,242,0.24958840012550354,0.9061481356620789,14.998224329203367,0.09304378926753998,,,,,,,,
1062,308494,664.2139362674206,1.0,0.0,218,0.16733354330062866,0.941961944103241,14.958488809876144,0.09246677905321121,,,,,,,,
1063,308717,636.4043639739975,1.0,0.0,223,0.24043191969394684,0.9721828103065491,15.116085151210427,0.09617366641759872,,,,,,,,
1064,308935,655.9036650322378,1.0,0.0,218,0.09027088433504105,0.9508920311927795,15.057074141455814,0.09608481079339981,,,,,,,,
1065,309143,656.0069065913558,1.0,0.0,208,0.1480902135372162,0.9552768468856812,14.181969377212226,0.09535914659500122,,,,,,,,
1066,309332,695.7693177685142,1.0,0.0,189,0.24345536530017853,1.0440964698791504,13.75996647682041,0.09672599285840988,,,,,,,,
1067,309516,705.7529531978071,1.0,0.0,184,0.24786119163036346,1.11441969871521,13.647080892929807,0.09602189809083939,,,,,,,,
1068,309695,703.4080117102712,1.0,0.0,179,0.2076665312051773,1.0842783451080322,13.536733964458108,0.09426139295101166,,,,,,,,
1069,309856,720.3923726379871,1.0,0.0,161,0.2347087264060974,1.076373815536499,13.090365940937772,0.09389051795005798,,,,,,,,
1070,310012,727.5806611580774,1.0,0.0,156,0.14448586106300354,1.033829689025879,12.640851451084018,0.0931515321135521,749.5600306732115,1.0,0.0,154.45,0.16153572350740433,0.925923490524292,12.715438393026124,3287.267091339361
1071,310178,716.8798949047923,1.0,0.0,166,0.23807664215564728,1.019648790359497,12.991548194549978,0.09618036448955536,,,,,,,,
1072,310343,721.7949367985129,1.0,0.0,165,0.24255646765232086,0.9786558151245117,13.029211058281362,0.09804651141166687,,,,,,,,
1073,310536,682.0713634807616,1.0,0.0,193,0.24420815706253052,1.0290489196777344,13.729672592831776,0.09884389489889145,,,,,,,,
1074,310692,723.1717976517975,1.0,0.0,156,0.12058194726705551,1.0070502758026123,12.728405049070716,0.10269846767187119,,,,,,,,
1075,310853,730.4491759603843,1.0,0.0,161,0.014623256400227547,0.9413215517997742,12.628993129357696,0.103343665599823,,,,,,,,
1076,311017,715.2509978972375,1.0,0.0,164,0.24198567867279053,1.0246951580047607,13.169786430196837,0.10185957700014114,,,,,,,,
1077,311177,720.5077977618203,1.0,0.0,160,0.23363500833511353,1.0030348300933838,13.004434577189386,0.10307242721319199,,,,,,,,
1078,311362,711.0471499748528,1.0,0.0,185,0.2425752729177475,1.0021162033081055,13.621185732074082,0.10298581421375275,,,,,,,,
1079,311528,707.9973671473563,1.0,0.0,166,0.24784976243972778,0.9396297931671143,13.045346564846113,0.10256149619817734,,,,,,,,
1080,311692,721.8117334619164,1.0,0.0,164,0.13897351920604706,1.026240348815918,12.818159247748554,0.10441295057535172,216.48619121444645,0.0,0.0,420.0,0.2996556952595711,0.8876729965209961,13.573139051270852,3287.267091339361
1081,311882,690.1882350982632,1.0,0.0,190,0.24667096138000488,0.9699108600616455,13.603259848663583,0.10745900124311447,,,,,,,,
1082,312042,727.9287860505283,1.0,0.0,160,0.12248266488313675,0.9111169576644897,12.687894945498556,0.10920988023281097,,,,,,,,
1083,312196,731.0298003973439,1.0,0.0,154,0.14769649505615234,0.9769414663314819,12.830937082879245,0.11390399932861328,,,,,,,,
1084,312352,722.7466799961403,1.0,0.0,156,0.24807752668857574,0.956436038017273,12.937892985995859,0.11421529203653336,,,,,,,,
1085,312512,730.5500366440974,1.0,0.0,160,0.24520452320575714,0.8488749265670776,12.455422054510564,0.11792389303445816,,,,,,,,
1086,312671,730.3763264068402,1.0,0.0,159,0.22053411602973938,0.9325168132781982,12.35952771268785,0.11632462590932846,,,,,,,,
1087,312830,734.4654476605356,1.0,0.0,159,0.07893699407577515,0.8461161851882935,12.489330263575539,0.11588738858699799,,,,,,,,
1088,312979,736.8522029239684,1.0,0.0,149,0.19456247985363007,0.9610277414321899,12.482829994056374,0.1170835867524147,,,,,,,,
1089,313135,728.9479391314089,1.0,0.0,156,0.2469106763601303,0.9355150461196899,12.699214189779013,0.11562269181013107,,,,,,,,
1090,313298,725.1750616726931,1.0,0.0,163,0.24814791977405548,0.8781582117080688,13.071040764916688,0.1150432676076889,750.3751917039975,1.0,0.0,158.8,0.20330460295081138,0.8639275282621384,12.362380995473359,3287.267091339361
1091,313453,735.9554403573275,1.0,0.0,155,0.015698110684752464,0.8606619238853455,12.555133178830147,0.11900237947702408,,,,,,,,
1092,313606,731.694921849994,1.0,0.0,153,0.21324625611305237,0.9263030290603638,12.642104861559346,0.12034817039966583,,,,,,,,
1093,313763,729.3211709759198,1.0,0.0,157,0.08194750547409058,0.9290415048599243,12.541444579139352,0.12268318235874176,,,,,,,,
1094,313910,731.243873514235,1.0,0.0,147,0.2455633133649826,0.8416688442230225,12.273564326111227,0.1222902238368988,,,,,,,,
1095,314066,727.8125676698983,1.0,0.0,156,0.2409306913614273,0.8886443376541138,12.38177555357106,0.1237255185842514,,,,,,,,
1096,314221,728.1872514225543,1.0,0.0,155,0.24809560179710388,1.0396947860717773,12.621596210636199,0.12264297157526016,,,,,,,,
1097,314380,729.008858917281,1.0,0.0,159,0.2490745484828949,0.8770201206207275,13.0282285772264,0.12250535190105438,,,,,,,,
1098,314533,733.0489460960962,1.0,0.0,153,0.06927626579999924,0.9381375908851624,12.53923396882601,0.12459287792444229,,,,,,,,
1099,314686,730.7259829416871,1.0,0.0,153,0.07991959154605865,0.8899412751197815,12.365362764103338,0.12129303067922592,,,,,,,,
1100,314842,725.1703617060557,1.0,0.0,156,0.23809024691581726,0.857406735420227,12.5492344412487,0.12206575274467468,752.5862670982024,1.0,0.0,151.25,0.18214367628097533,0.8987143456935882,12.424934785929509,3300.0763312856434
1101,315001,725.8621112257242,1.0,0.0,159,0.23967522382736206,0.8559529781341553,12.822335223667324,0.12212114781141281,,,,,,,,
1102,315162,727.354567784816,1.0,0.0,161,0.2398918718099594,0.9224491119384766,12.586127605522051,0.11855363845825195,,,,,,,,
1103,315323,729.0047503896058,1.0,0.0,161,0.24311073124408722,0.948215126991272,12.445914883166552,0.1199207454919815,,,,,,,,
1104,315476,731.344520362094,1.0,0.0,153,0.19788742065429688,0.7619180083274841,12.19113329355605,0.12167622148990631,,,,,,,,
1105,315633,738.6261542718858,1.0,0.0,157,0.24092283844947815,0.9175602197647095,12.445591137278825,0.12256944924592972,,,,,,,,
1106,315783,736.8483871594071,1.0,0.0,150,0.16568279266357422,0.8468151092529297,12.494346459861845,0.12366385012865067,,,,,,,,
1107,315946,720.3365329913795,1.0,0.0,163,0.2489183247089386,0.8908079862594604,12.886212971061468,0.12479640543460846,,,,,,,,
1108,316093,733.0290094055235,1.0,0.0,147,0.23958450555801392,0.89809250831604,12.380517337471247,0.12371911853551865,,,,,,,,
1109,316247,732.5537238717079,1.0,0.0,154,0.24982285499572754,0.8459641933441162,12.226576737361029,0.12257026880979538,,,,,,,,
1110,316397,737.6861038969364,1.0,0.0,150,0.21782605350017548,0.9390552639961243,12.470435880124569,0.1222134530544281,752.0937328669592,1.0,0.0,151.35,0.24432264119386674,0.9166738450527191,12.314639111340512,3300.396450324904
1111,316545,735.3791695805266,1.0,0.0,148,0.20887601375579834,0.8971666097640991,12.374296928057447,0.11953706294298172,,,,,,,,
1112,316694,735.897173654288,1.0,0.0,149,0.12569977343082428,0.8119149804115295,12.257566044805571,0.11916142702102661,,,,,,,,
1113,316845,730.4107406586409,1.0,0.0,151,0.23443174362182617,0.8617871999740601,12.601766972569749,0.11942844092845917,,,,,,,,
1114,316994,729.0800788681954,1.0,0.0,149,0.24598975479602814,0.8338464498519897,12.56670855707489,0.12044711410999298,,,,,,,,
1115,317147,734.0374800348654,1.0,0.0,153,0.16762910783290863,0.8475852012634277,12.427163972519338,0.12378771603107452,,,,,,,,
1116,317300,733.1953594330698,1.0,0.0,153,0.23327608406543732,0.7889472246170044,12.385956878075376,0.12608793377876282,,,,,,,,
1117,317450,732.9190086275339,1.0,0.0,150,0.24466414749622345,0.9234306812286377,12.42692351154983,0.12850244343280792,,,,,,,,
1118,317604,732.0498044132255,1.0,0.0,154,0.24051940441131592,0.8454132080078125,12.213034125743434,0.12998051941394806,,,,,,,,
1119,317748,729.7255241982639,1.0,0.0,144,0.24738653004169464,0.8764793872833252,12.40377512271516,0.1290200799703598,,,,,,,,
1120,317900,733.698646325618,1.0,0.0,152,0.15221862494945526,0.8319114446640015,12.350186136784032,0.1303405910730362,751.3761776861036,1.0,0.0,154.05,0.24332633540034293,0.6945320427417755,12.275693032401614,3300.396450324904
1121,318049,733.6355094704777,1.0,0.0,149,0.20789799094200134,0.8058722019195557,12.16611627698876,0.12818777561187744,,,,,,,,
1122,318194,738.970179816708,1.0,0.0,145,0.2405065894126892,0.8539592623710632,12.312730805017054,0.13000859320163727,,,,,,,,
1123,318345,732.4066877700388,1.0,0.0,151,0.24172170460224152,0.8343079090118408,12.441099919844419,0.12889538705348969,,,,,,,,
1124,318503,734.3782060611993,1.0,0.0,158,0.2472451627254486,0.7099848985671997,12.163270718883723,0.1268848180770874,,,,,,,,
1125,318652,734.6313272938132,1.0,0.0,149,0.158107727766037,0.8364450931549072,12.31814404623583,0.1297921985387802,,,,,,,,
1126,318808,736.3062376715243,1.0,0.0,156,0.24763494729995728,0.793684720993042,12.256100454134867,0.1320280134677887,,,,,,,,
1127,318960,732.2630310803652,1.0,0.0,152,0.24697618186473846,0.7432759404182434,12.01144065684639,0.13241566717624664,,,,,,,,
1128,319110,735.0489349327981,1.0,0.0,150,0.2394026666879654,0.726980447769165,12.223861446138471,0.13232634961605072,,,,,,,,
1129,319256,731.4275519612711,1.0,0.0,146,0.23627391457557678,0.7842456102371216,12.325938357971609,0.13507823646068573,,,,,,,,
1130,319403,734.3570154127665,1.0,0.0,147,0.24118255078792572,0.7239415645599365,12.44403813034296,0.13742944598197937,752.6833544892667,1.0,0.0,149.75,0.24327817559242249,0.7797888875007629,12.148673721554223,3306.182878952654
1131,319550,733.3877272019163,1.0,0.0,147,0.2271890491247177,0.731271505355835,12.37718090415001,0.13855847716331482,,,,,,,,
1132,319697,740.4686717651784,1.0,0.0,147,0.22095365822315216,0.7629019618034363,12.366049270145595,0.14264996349811554,,,,,,,,
1133,319857,728.6416761083528,1.0,0.0,160,0.2453799843788147,0.7061667442321777,12.043454148806632,0.14185665547847748,,,,,,,,
1134,320008,736.3075552657247,1.0,0.0,151,0.23701512813568115,0.7097113728523254,12.126137053593993,0.1420154571533203,,,,,,,,
1135,320163,733.1234640087932,1.0,0.0,155,0.24693095684051514,0.7667917013168335,12.153604669496417,0.14279209077358246,,,,,,,,
1136,320315,736.4665805269033,1.0,0.0,152,0.24021540582180023,0.7401020526885986,12.227886645356193,0.14271847903728485,,,,,,,,
1137,320462,735.6545812748373,1.0,0.0,147,0.24363546073436737,0.6687167286872864,12.056829634588212,0.1446032077074051,,,,,,,,
1138,320608,737.8217855244875,1.0,0.0,146,0.23359687626361847,0.763150691986084,12.203284728573635,0.13991215825080872,,,,,,,,
1139,320761,731.5810580998659,1.0,0.0,153,0.24923379719257355,0.6388166546821594,12.012579870410264,0.14062923192977905,,,,,,,,
1140,320917,737.8184125162661,1.0,0.0,156,0.2466515749692917,0.5909939408302307,12.16785998432897,0.142517551779747,759.2608970148489,1.0,0.0,138.2,0.2423512026667595,0.5078913927078247,11.964881756936666,3338.070559918275
1141,321071,732.4794473387301,1.0,0.0,154,0.23789212107658386,0.5002550482749939,12.249226484214887,0.14063015580177307,,,,,,,,
1142,321214,741.355300270021,1.0,0.0,143,0.24857255816459656,0.6421366930007935,12.210584511980414,0.13970011472702026,,,,,,,,
1143,321363,731.5958391986787,1.0,0.0,149,0.24430020153522491,0.8039969801902771,12.11283668037504,0.14108949899673462,,,,,,,,
1144,321511,739.9704064205289,1.0,0.0,148,0.21752259135246277,0.579899251461029,12.23751333868131,0.14271296560764313,,,,,,,,
1145,321668,732.7603684971109,1.0,0.0,157,0.24102942645549774,0.5592595934867859,12.226889581885189,0.1473187804222107,,,,,,,,
1146,321823,732.7280616015196,1.0,0.0,155,0.24018600583076477,0.5390617251396179,12.04240266000852,0.14549455046653748,,,,,,,,
1147,321984,728.5211866013706,1.0,0.0,161,0.24921280145645142,0.5675716996192932,12.053492664825171,0.14457595348358154,,,,,,,,
1148,322140,729.2641855347902,1.0,0.0,156,0.24500098824501038,0.5559442639350891,12.032401838572696,0.1468314230442047,,,,,,,,
1149,322296,732.0183784216642,1.0,0.0,156,0.24585597217082977,0.5519827008247375,12.089263763045892,0.14777687191963196,,,,,,,,
1150,322454,725.5169673487544,1.0,0.0,158,0.2428813874721527,0.5082506537437439,12.071707881288603,0.14745526015758514,754.8315935060382,1.0,0.0,148.05,0.24234263226389885,0.590293961763382,12.011200901388657,3338.070559918275
1151,322618,714.7660162653774,1.0,0.0,164,0.23902295529842377,0.4403206706047058,12.013580770930275,0.14780083298683167,,,,,,,,
1152,322780,725.5115458406508,1.0,0.0,162,0.2460067719221115,0.49496108293533325,12.007910419255495,0.15103887021541595,,,,,,,,
1153,322938,716.9404829107225,1.0,0.0,158,0.2445981800556183,0.4398943781852722,12.062822217354551,0.15295588970184326,,,,,,,,
1154,323099,708.7887137234211,1.0,0.0,161,0.24354396760463715,0.4109969735145569,12.13140700221993,0.15630799531936646,,,,,,,,
1155,323249,732.6307268189266,1.0,0.0,150,0.2452085316181183,0.6134373545646667,11.913121505640447,0.15428274869918823,,,,,,,,
1156,323405,732.2513170689344,1.0,0.0,156,0.2488233596086502,0.7018068432807922,12.046651924261823,0.15185530483722687,,,,,,,,
1157,323556,732.5509332418442,1.0,0.0,151,0.24636508524417877,0.7277767658233643,11.972371274372563,0.15185235440731049,,,,,,,,
1158,323705,736.0303226187825,1.0,0.0,149,0.20697657763957977,0.5790712237358093,12.086178840370849,0.15638817846775055,,,,,,,,
1159,323855,725.372987523675,1.0,0.0,150,0.24398154020309448,0.45428651571273804,12.039227672386914,0.1574254333972931,,,,,,,,
1160,324013,726.6131383050233,1.0,0.0,158,0.24982307851314545,0.5482600331306458,11.949961244361475,0.1581459939479828,742.2646603652101,1.0,0.0,150.7,0.24728064090013505,0.4527590811252594,11.915490929130465,3338.070559918275
1161,324163,735.6718233395368,1.0,0.0,150,0.24138575792312622,0.593229353427887,12.17010154016316,0.16061191260814667,,,,,,,,
1162,324313,734.2600002493709,1.0,0.0,150,0.24322743713855743,0.7146232724189758,12.08166727796197,0.16331176459789276,,,,,,,,
1163,324465,733.6884048422799,1.0,0.0,152,0.2416621595621109,0.64156574010849,12.03158173058182,0.15951746702194214,,,,,,,,
1164,324617,737.8428955227137,1.0,0.0,152,0.2478485107421875,0.6170734763145447,12.21314960764721,0.16326135396957397,,,,,,,,
1165,324765,724.3090489059687,1.0,0.0,148,0.24566388130187988,0.4414293169975281,12.030521454755217,0.16551555693149567,,,,,,,,
1166,324916,732.2843017047271,1.0,0.0,151,0.2431599199771881,0.5328894257545471,11.852234855527058,0.16828913986682892,,,,,,,,
1167,325066,732.1501839086413,1.0,0.0,150,0.23874865472316742,0.49283236265182495,11.958841546671465,0.16968965530395508,,,,,,,,
1168,325221,730.1905274316669,1.0,0.0,155,0.24651941657066345,0.5060177445411682,12.049578261794522,0.16840463876724243,,,,,,,,
1169,325375,735.2918451540172,1.0,0.0,154,0.24252615869045258,0.5186890959739685,12.153391387080774,0.16871894896030426,,,,,,,,
1170,325530,733.0465942360461,1.0,0.0,155,0.2408841997385025,0.605625569820404,12.199233829975128,0.16940432786941528,723.2309078091639,1.0,0.0,163.9,0.2464911751449108,0.41577847599983214,12.173193709703629,3338.070559918275
1171,325685,708.5339126437902,1.0,0.0,155,0.24694401025772095,0.40748149156570435,12.103481793776155,0.16835634410381317,,,,,,,,
1172,325846,727.8977226130664,1.0,0.0,161,0.24712897837162018,0.6659435629844666,12.239054905250669,0.170588880777359,,,,,,,,
1173,326007,612.522612478584,1.0,0.0,161,0.24715879559516907,0.27174001932144165,12.476030108286068,0.17108726501464844,,,,,,,,
1174,326160,707.4615235999227,1.0,0.0,153,0.2458244413137436,0.4082058072090149,11.987961960490793,0.17023496329784393,,,,,,,,
1175,326307,736.3050250038505,1.0,0.0,147,0.21355341374874115,0.5452049374580383,12.0717704819981,0.16637860238552094,,,,,,,,
1176,326469,716.121968831867,1.0,0.0,162,0.24938341975212097,0.46634775400161743,12.114646459231153,0.16134411096572876,,,,,,,,
1177,326622,710.826168123167,1.0,0.0,153,0.24748387932777405,0.42271047830581665,12.042865783907473,0.1604156643152237,,,,,,,,
1178,326773,731.6511587481946,1.0,0.0,151,0.11966588348150253,0.554777204990387,12.047789366682991,0.16126522421836853,,,,,,,,
1179,327093,236.4606285598129,0.0,0.0,320,0.33760011196136475,0.42997461557388306,12.635312671365682,0.16570650041103363,,,,,,,,
1180,327244,734.4408630663529,1.0,0.0,151,0.24707302451133728,0.5807124972343445,11.904293971834704,0.16611003875732422,734.9878977604734,1.0,0.0,158.8,0.24816785007715225,0.4452678382396698,11.931152698816732,3338.070559918275
1181,327393,716.2310692761093,1.0,0.0,149,0.2467140555381775,0.4265673756599426,11.871781582944095,0.16390594840049744,,,,,,,,
1182,327540,730.133301731199,1.0,0.0,147,0.23588988184928894,0.477527916431427,11.990058368071914,0.16715623438358307,,,,,,,,
1183,327704,721.6914232224226,1.0,0.0,164,0.24681051075458527,0.4690501093864441,12.026067377068102,0.16681130230426788,,,,,,,,
1184,327882,667.163179163821,1.0,0.0,178,0.2497073858976364,0.38818877935409546,12.28225657204166,0.16434736549854279,,,,,,,,
1185,328045,726.8649053219706,1.0,0.0,163,0.2466079145669937,0.5812327861785889,12.069125835318118,0.16207917034626007,,,,,,,,
1186,328193,720.5319851972163,1.0,0.0,148,0.24505513906478882,0.4309479594230652,11.960930242668837,0.1629498451948166,,,,,,,,
1187,328346,729.8348678811453,1.0,0.0,153,0.24251358211040497,0.5074312686920166,11.800920250825584,0.16893404722213745,,,,,,,,
1188,328510,708.7114731036127,1.0,0.0,164,0.24805952608585358,0.4341042637825012,12.029168452136219,0.1689758151769638,,,,,,,,
1189,328657,733.2012923955917,1.0,0.0,147,0.2145039141178131,0.5087407231330872,11.970746549312025,0.16699494421482086,,,,,,,,
1190,328977,244.92819692194462,0.0,0.0,320,0.4137808680534363,0.5051339268684387,12.697127955543692,0.16356125473976135,753.0950426133641,1.0,0.0,153.0,0.24411288946866988,0.5693241000175476,11.919912954897153,3338.070559918275
1191,329297,205.18827103450894,0.0,0.0,320,0.2593481242656708,0.3817291855812073,12.643312878601137,0.15990367531776428,,,,,,,,
1192,329444,689.0517759481445,1.0,0.0,147,0.24609197676181793,0.3704560399055481,11.728068077471107,0.1569095402956009,,,,,,,,
1193,329596,668.1247606333345,1.0,0.0,152,0.2428593635559082,0.3644145131111145,11.883491737768054,0.1566530168056488,,,,,,,,
1194,329770,577.0992186293006,1.0,0.0,174,0.24850359559059143,0.3045758605003357,11.831023100065067,0.15601381659507751,,,,,,,,
1195,329935,699.804297629511,1.0,0.0,165,0.24691198766231537,0.4401558041572571,11.833888062275946,0.156807079911232,,,,,,,,
1196,330081,732.8512344136834,1.0,0.0,146,0.17624463140964508,0.46616053581237793,11.833966995123774,0.1578606516122818,,,,,,,,
1197,330235,729.2066003866494,1.0,0.0,154,0.24631917476654053,0.50718092918396,11.799830443458632,0.15825891494750977,,,,,,,,
1198,330384,742.2730017234571,1.0,0.0,149,0.24352262914180756,0.5631178617477417,12.233175922883675,0.15891842544078827,,,,,,,,
1199,330533,706.8476519808173,1.0,0.0,149,0.12961414456367493,0.42042285203933716,12.052092318423092,0.15596672892570496,,,,,,,,
1200,330673,718.110858220607,1.0,0.0,140,0.2175775021314621,0.4028775691986084,11.674382199998945,0.15455131232738495,174.34285811713198,0.0,0.0,420.0,0.30481642484664917,0.3571198105812073,12.233249527460192,3338.070559918275
1201,330817,735.9191487692297,1.0,0.0,144,0.16806989908218384,0.47256505489349365,11.956594116054475,0.15536054968833923,,,,,,,,
1202,330961,733.8165940716863,1.0,0.0,144,0.24119582772254944,0.4826560616493225,11.89052443858236,0.15649878978729248,,,,,,,,
1203,331105,732.9363383539021,1.0,0.0,144,0.2144092619419098,0.46554720401763916,11.87418951955624,0.15333950519561768,,,,,,,,
1204,331252,733.5928770191967,1.0,0.0,147,0.1854434609413147,0.4544717073440552,11.874184204498306,0.15434464812278748,,,,,,,,
1205,331395,734.4026107266545,1.0,0.0,143,0.17421120405197144,0.48217225074768066,11.8448466071859,0.1555594503879547,,,,,,,,
1206,331539,728.1565975788981,1.0,0.0,144,0.23574548959732056,0.4607079029083252,11.764677210943773,0.15687325596809387,,,,,,,,
1207,331689,730.46449662745,1.0,0.0,150,0.2411852926015854,0.4369891881942749,11.864292121492326,0.1538269966840744,,,,,,,,
1208,331837,728.9062457978725,1.0,0.0,148,0.24801400303840637,0.44444191455841064,11.863164827460423,0.15173903107643127,,,,,,,,
1209,331988,709.6961773391813,1.0,0.0,151,0.14781849086284637,0.38974058628082275,11.910743940621614,0.15235267579555511,,,,,,,,
1210,332140,734.3132765889168,1.0,0.0,152,0.23939643800258636,0.5022481679916382,11.88445634348318,0.15427368879318237,754.1095857356443,1.0,0.0,148.55,0.24198229238390923,0.5340881049633026,11.885878423892427,3338.070559918275
1211,332303,732.8800300322473,1.0,0.0,163,0.24608507752418518,0.553929328918457,12.047357006464154,0.15735915303230286,,,,,,,,
1212,332458,739.4132915234659,1.0,0.0,155,0.24020329117774963,0.49912917613983154,12.02668879693374,0.15766729414463043,,,,,,,,
1213,332625,725.221270410344,1.0,0.0,167,0.24636885523796082,0.4859795570373535,11.924652399960905,0.16027182340621948,,,,,,,,
1214,332787,727.5341085698456,1.0,0.0,162,0.24952726066112518,0.6870891451835632,12.059147147461772,0.16481678187847137,,,,,,,,
1215,332952,726.4648092649877,1.0,0.0,165,0.24096012115478516,0.4825479984283447,11.949655142147094,0.1644960343837738,,,,,,,,
1216,333128,719.6886770259589,1.0,0.0,176,0.24764959514141083,0.6244125962257385,12.002236867323518,0.16391199827194214,,,,,,,,
1217,333298,725.3267314529512,1.0,0.0,170,0.239981010556221,0.5727808475494385,12.04220564616844,0.16338638961315155,,,,,,,,
1218,333462,735.566435392946,1.0,0.0,164,0.24130728840827942,0.6443461179733276,12.203997449018061,0.16262000799179077,,,,,,,,
1219,333641,710.9626096589491,1.0,0.0,179,0.2479904443025589,0.6812334060668945,11.963555355090648,0.16433995962142944,,,,,,,,
1220,333790,739.3892963901162,1.0,0.0,149,0.24942980706691742,0.5347248911857605,12.069788728374988,0.16571225225925446,751.5098948576488,1.0,0.0,157.55,0.24555371850728988,0.6766188174486161,12.09179077979643,3338.070559918275
1221,333942,729.0745047237724,1.0,0.0,152,0.1988457441329956,0.47037142515182495,11.971826079301536,0.17006132006645203,,,,,,,,
1222,334103,731.8375791031867,1.0,0.0,161,0.24494004249572754,0.6225652694702148,12.067612196551636,0.17048075795173645,,,,,,,,
1223,334268,727.9739457867108,1.0,0.0,165,0.2435561716556549,0.6422213315963745,12.135791851673275,0.16944001615047455,,,,,,,,
1224,334451,715.3975834157318,1.0,0.0,183,0.24783925712108612,0.6039818525314331,12.1467232813593,0.16928528249263763,,,,,,,,
1225,334617,727.1528699370101,1.0,0.0,166,0.24405761063098907,0.662142276763916,12.033315841574222,0.16294850409030914,,,,,,,,
1226,334766,734.2462981976569,1.0,0.0,149,0.2472168505191803,0.5151556134223938,11.9258294547908,0.16262055933475494,,,,,,,,
1227,334933,727.2211282476783,1.0,0.0,167,0.2473515123128891,0.6830174326896667,12.229081220226362,0.16999094188213348,,,,,,,,
1228,335087,731.8525319807231,1.0,0.0,154,0.24765202403068542,0.6419751048088074,12.019958992023021,0.16827790439128876,,,,,,,,
1229,335245,719.4711534809321,1.0,0.0,158,0.24459512531757355,0.4189661741256714,12.025888293748721,0.16339392960071564,,,,,,,,
1230,335408,729.7176173478365,1.0,0.0,163,0.24548186361789703,0.6771515011787415,12.259534286800772,0.16622282564640045,746.507003352046,1.0,0.0,167.05,0.2465988464653492,0.6180583596229553,12.206271170428954,3338.070559918275
1231,335567,726.4449981078506,1.0,0.0,159,0.24991878867149353,0.5328883528709412,11.961089642252773,0.16712521016597748,,,,,,,,
1232,335751,722.2876946730539,1.0,0.0,184,0.24779193103313446,0.6908360719680786,12.318439751630649,0.16764594614505768,,,,,,,,
1233,335924,721.6602897793055,1.0,0.0,173,0.24921004474163055,0.7124506831169128,12.213412790792063,0.16776606440544128,,,,,,,,
1234,336077,728.5152449477464,1.0,0.0,153,0.1809101551771164,0.6283358931541443,12.197523292619735,0.16705188155174255,,,,,,,,
1235,336233,736.9801932126284,1.0,0.0,156,0.2435995191335678,0.6829416155815125,12.258036345709115,0.16091854870319366,,,,,,,,
1236,336393,731.5249614603817,1.0,0.0,160,0.24478664994239807,0.653400719165802,12.161194062558934,0.16015249490737915,,,,,,,,
1237,336544,733.1071003656834,1.0,0.0,151,0.2479645013809204,0.503879725933075,12.287714801263064,0.16376987099647522,,,,,,,,
1238,336690,736.353204075247,1.0,0.0,146,0.18168672919273376,0.681962251663208,12.164594206260517,0.16359341144561768,,,,,,,,
1239,336843,726.0638458828907,1.0,0.0,153,0.23723961412906647,0.6513842940330505,11.888232448138297,0.1629914939403534,,,,,,,,
1240,337002,730.66710922122,1.0,0.0,159,0.248135507106781,0.7218974232673645,12.251467883354053,0.16370196640491486,748.548224359937,1.0,0.0,162.2,0.24628688916563987,0.6391542613506317,12.046856782247778,3338.070559918275
1241,337164,723.8869435135275,1.0,0.0,162,0.248432919383049,0.6722697615623474,12.045657719718292,0.16438953578472137,,,,,,,,
1242,337312,735.480462635518,1.0,0.0,148,0.23788543045520782,0.6447173953056335,12.152749999891967,0.16959939897060394,,,,,,,,
1243,337473,731.6292966213077,1.0,0.0,161,0.2207794338464737,0.6468222737312317,12.216181617230177,0.17163604497909546,,,,,,,,
1244,337641,731.6133631886914,1.0,0.0,168,0.24039669334888458,0.676828920841217,12.317749290261418,0.17176084220409393,,,,,,,,
1245,337794,731.1190269067883,1.0,0.0,153,0.24076049029827118,0.7658024430274963,12.161948994034901,0.16912654042243958,,,,,,,,
1246,337968,719.0333438422531,1.0,0.0,174,0.2490117847919464,0.6871678829193115,12.183965498348698,0.16547361016273499,,,,,,,,
1247,338126,736.4989470727742,1.0,0.0,158,0.24969616532325745,0.5867156386375427,12.232597918249667,0.1654830127954483,,,,,,,,
1248,338284,728.9098818134516,1.0,0.0,158,0.1191091388463974,0.6107484698295593,12.052036929875612,0.16312004625797272,,,,,,,,
1249,338438,736.4443195518106,1.0,0.0,154,0.24482722580432892,0.6029767394065857,12.089401959441602,0.16022492945194244,,,,,,,,
1250,338598,732.6126135736704,1.0,0.0,160,0.24098244309425354,0.6819186210632324,12.103732515126467,0.16007700562477112,754.3954216884216,1.0,0.0,151.65,0.24375144243240357,0.6360433638095856,12.046662868768909,3338.070559918275
1251,338762,729.2893925718963,1.0,0.0,164,0.24153372645378113,0.7212809920310974,12.238193901721388,0.15805065631866455,,,,,,,,
1252,338921,731.4492715131491,1.0,0.0,159,0.2411145269870758,0.7067130208015442,12.228145107859746,0.16047292947769165,,,,,,,,
1253,339068,738.4022396951914,1.0,0.0,147,0.21059465408325195,0.6251360774040222,12.312811372801661,0.1581532061100006,,,,,,,,
1254,339218,737.1231123562902,1.0,0.0,150,0.24019594490528107,0.6641244292259216,12.143827715655789,0.1573612093925476,,,,,,,,
1255,339368,733.042079333216,1.0,0.0,150,0.24789728224277496,0.6637799739837646,11.938051201868802,0.15774089097976685,,,,,,,,
1256,339527,727.4296779148281,1.0,0.0,159,0.24653573334217072,0.6887797713279724,11.976644896902144,0.15760570764541626,,,,,,,,
1257,339675,736.3072565533221,1.0,0.0,148,0.24174785614013672,0.6276353001594543,12.114605132723227,0.1564328670501709,,,,,,,,
1258,339827,731.9174132179469,1.0,0.0,152,0.2421363741159439,0.5756381750106812,11.965458498802036,0.15327002108097076,,,,,,,,
1259,339982,731.0757551081479,1.0,0.0,155,0.10137897729873657,0.7493414878845215,12.168911450309679,0.15301984548568726,,,,,,,,
1260,340147,728.4730613008142,1.0,0.0,165,0.24707573652267456,0.687350332736969,12.10821006493643,0.15357789397239685,748.8962007636903,1.0,0.0,160.5,0.2470659241080284,0.6171695679426193,12.041593218385241,3338.070559918275
1261,340300,734.0302128270268,1.0,0.0,153,0.24764090776443481,0.7445080280303955,12.100794416619465,0.15475322306156158,,,,,,,,
1262,340454,732.9569302648306,1.0,0.0,154,0.2441624104976654,0.7147069573402405,12.132186017930508,0.1524086892604828,,,,,,,,
1263,340619,731.573884293437,1.0,0.0,165,0.2468276470899582,0.7409306764602661,12.325990219600499,0.1535978764295578,,,,,,,,
1264,340767,732.7378932982683,1.0,0.0,148,0.2476375699043274,0.6822274923324585,12.068683729507029,0.15158243477344513,,,,,,,,
1265,340919,734.4007128449157,1.0,0.0,152,0.2494783103466034,0.7234246730804443,12.08416339266114,0.15173178911209106,,,,,,,,
1266,341065,737.5144238788635,1.0,0.0,146,0.24553282558918,0.6747788190841675,12.071024109143764,0.1501539945602417,,,,,,,,
1267,341217,732.1802021740004,1.0,0.0,152,0.2472829967737198,0.8015356063842773,12.13595619914122,0.15073435008525848,,,,,,,,
1268,341378,718.7410729457624,1.0,0.0,161,0.1855781078338623,0.7284355759620667,12.558044786099344,0.14805445075035095,,,,,,,,
1269,341542,729.9844607263803,1.0,0.0,164,0.24187761545181274,0.678430438041687,12.219520420301706,0.14078351855278015,,,,,,,,
1270,341705,728.8221106287092,1.0,0.0,163,0.2452230304479599,0.7620329856872559,12.176360864192247,0.14309632778167725,753.6317479017191,1.0,0.0,148.55,0.2436874382197857,0.6817985415458679,12.061206980259158,3338.070559918275
1271,341852,733.6347603239119,1.0,0.0,147,0.2483154982328415,0.71776282787323,11.957922899862751,0.14310161769390106,,,,,,,,
1272,341998,735.115387879312,1.0,0.0,146,0.23859906196594238,0.7095894813537598,12.045582520309836,0.14476273953914642,,,,,,,,
1273,342147,734.4776315190829,1.0,0.0,149,0.23943710327148438,0.6929278373718262,12.061003643088043,0.14914871752262115,,,,,,,,
1274,342295,734.9219529628754,1.0,0.0,148,0.2490512579679489,0.7590341567993164,12.100877994205803,0.14930230379104614,,,,,,,,
1275,342442,735.7420351244509,1.0,0.0,147,0.24855449795722961,0.7248901128768921,12.094741131644696,0.14672397077083588,,,,,,,,
1276,342591,737.9012085422873,1.0,0.0,149,0.23630943894386292,0.748711109161377,12.202455772086978,0.14904798567295074,,,,,,,,
1277,342745,732.40212023817,1.0,0.0,154,0.23991098999977112,0.7258453369140625,12.088800999801606,0.15206362307071686,,,,,,,,
1278,342895,733.6834109914489,1.0,0.0,150,0.23963408172130585,0.7204422950744629,11.997740489430726,0.15111544728279114,,,,,,,,
1279,343043,730.3330776039511,1.0,0.0,148,0.22520999610424042,0.7507673501968384,12.013782877475023,0.14913593232631683,,,,,,,,
1280,343193,737.9214639402926,1.0,0.0,150,0.17027020454406738,0.7008277773857117,12.268558616749942,0.14791209995746613,755.2699747699313,1.0,0.0,145.1,0.2421593926846981,0.744124561548233,12.153860442899168,3338.070559918275
1281,343339,737.5325267873704,1.0,0.0,146,0.24559974670410156,0.7340651750564575,12.169177247676998,0.14932291209697723,,,,,,,,
1282,343485,731.2507525794208,1.0,0.0,146,0.24168969690799713,0.5701308250427246,11.887867908691987,0.1485147923231125,,,,,,,,
1283,343638,733.6107542146929,1.0,0.0,153,0.24216201901435852,0.6807776689529419,12.193473748629913,0.14852379262447357,,,,,,,,
1284,343798,728.7412960752845,1.0,0.0,160,0.24057480692863464,0.760616660118103,12.124008785234764,0.14851343631744385,,,,,,,,
1285,343948,732.6511606629938,1.0,0.0,150,0.24793556332588196,0.7029416561126709,11.99298786232248,0.14693427085876465,,,,,,,,
1286,344109,730.3318555355072,1.0,0.0,161,0.24942085146903992,0.7642685174942017,12.268480045720935,0.14855995774269104,,,,,,,,
1287,344260,735.3256893819198,1.0,0.0,151,0.2404206395149231,0.7108317017555237,12.179666999960318,0.14755798876285553,,,,,,,,
1288,344411,733.0324900746346,1.0,0.0,151,0.24228991568088531,0.776587963104248,12.155145520344377,0.1457442343235016,,,,,,,,
1289,344565,731.4253494516015,1.0,0.0,154,0.2475918084383011,0.7098560333251953,12.086753497598693,0.14741522073745728,,,,,,,,
1290,344719,730.684777379036,1.0,0.0,154,0.24181872606277466,0.7160264253616333,12.11725456872955,0.14523251354694366,751.9196627422236,1.0,0.0,152.9,0.24500335678458213,0.6707503199577332,12.030570313916542,3338.070559918275
1291,344872,735.7622245140374,1.0,0.0,153,0.24660953879356384,0.7110400795936584,12.118684748420492,0.14693696796894073,,,,,,,,
1292,345019,735.5270086778328,1.0,0.0,147,0.24177686870098114,0.6538568735122681,12.026464501162991,0.14654815196990967,,,,,,,,
1293,345171,733.7472189394757,1.0,0.0,152,0.20587024092674255,0.7356584668159485,12.07674017176032,0.1487479954957962,,,,,,,,
1294,345323,730.5913964300416,1.0,0.0,152,0.24579066038131714,0.6987618207931519,11.95622958499007,0.14634838700294495,,,,,,,,
1295,345478,735.3792054504156,1.0,0.0,155,0.17792022228240967,0.7496341466903687,12.342918160371482,0.14674299955368042,,,,,,,,
1296,345624,735.7186966128647,1.0,0.0,146,0.24977602064609528,0.7788188457489014,12.1485145597253,0.14711548388004303,,,,,,,,
1297,345771,735.6794784739614,1.0,0.0,147,0.22209075093269348,0.6744028925895691,12.14953416842036,0.14958761632442474,,,,,,,,
1298,345920,737.7754907235503,1.0,0.0,149,0.23426379263401031,0.6548336744308472,12.085382520454004,0.15131711959838867,,,,,,,,
1299,346072,730.5581650640815,1.0,0.0,152,0.24479319155216217,0.631119966506958,11.902316170744598,0.14957895874977112,,,,,,,,
1300,346228,732.0278233829886,1.0,0.0,156,0.23097355663776398,0.6929029822349548,12.104629273992032,0.1507270634174347,753.7295240554959,1.0,0.0,147.35,0.24212613925337792,0.6332265079021454,11.983076429623178,3338.070559918275
1301,346373,733.439932551235,1.0,0.0,145,0.24343633651733398,0.6175066232681274,11.967993307858706,0.15248516201972961,,,,,,,,
1302,346521,735.004846341908,1.0,0.0,148,0.24671249091625214,0.6277784705162048,12.031192347407341,0.15287284553050995,,,,,,,,
1303,346671,732.436729632318,1.0,0.0,150,0.2464674860239029,0.6058577299118042,11.88651633169502,0.153342604637146,,,,,,,,
1304,346821,732.5992427393794,1.0,0.0,150,0.24705472588539124,0.7033249139785767,11.956952039385214,0.15583831071853638,,,,,,,,
1305,346971,734.9942253129557,1.0,0.0,150,0.23571504652500153,0.7067692279815674,12.034950186032802,0.15428802371025085,,,,,,,,
1306,347124,732.4493900537491,1.0,0.0,153,0.24721746146678925,0.7151849269866943,12.081225012429059,0.14849302172660828,,,,,,,,
1307,347276,733.630603371188,1.0,0.0,152,0.2469564527273178,0.6349057555198669,11.917335200123489,0.14611829817295074,,,,,,,,
1308,347427,735.2730344440788,1.0,0.0,151,0.24226318299770355,0.6331466436386108,12.052892128471285,0.14841048419475555,,,,,,,,
1309,347583,735.8208979349583,1.0,0.0,156,0.2449464499950409,0.6435261964797974,12.13319156691432,0.15048876404762268,,,,,,,,
1310,347733,729.2631107158959,1.0,0.0,150,0.24894960224628448,0.6423773169517517,11.896287316922098,0.15548168122768402,754.6584444682696,1.0,0.0,148.1,0.24522516801953315,0.543016916513443,11.924912894610316,3338.070559918275
1311,347882,736.3003645632416,1.0,0.0,149,0.24883735179901123,0.7183948159217834,12.107914219144732,0.1597253978252411,,,,,,,,
1312,348032,732.9873799458146,1.0,0.0,150,0.24859073758125305,0.6443057656288147,11.910425336332992,0.1617361605167389,,,,,,,,
1313,348185,727.8091976903379,1.0,0.0,153,0.2426815629005432,0.6472887992858887,11.897387562785298,0.161809042096138,,,,,,,,
1314,348334,737.5024445429444,1.0,0.0,149,0.24627429246902466,0.5694824457168579,12.016555180307478,0.16572831571102142,,,,,,,,
1315,348491,734.5666084103286,1.0,0.0,157,0.24244409799575806,0.7402126789093018,12.254873158875853,0.16522476077079773,,,,,,,,
1316,348647,731.5875144004822,1.0,0.0,156,0.23956835269927979,0.6756396293640137,12.066526175709441,0.16619670391082764,,,,,,,,
1317,348802,734.3190316110849,1.0,0.0,155,0.24303165078163147,0.58961421251297,11.990312919951975,0.16483747959136963,,,,,,,,
1318,348954,739.366399037186,1.0,0.0,152,0.24904267489910126,0.6613462567329407,12.151715827640146,0.16284781694412231,,,,,,,,
1319,349109,735.7236216366291,1.0,0.0,155,0.24658457934856415,0.6214569807052612,12.073103129863739,0.16141393780708313,,,,,,,,
1320,349256,731.053802728653,1.0,0.0,147,0.24148055911064148,0.5550240874290466,12.013715110253543,0.16280925273895264,753.2667379659717,1.0,0.0,146.95,0.2433079771697521,0.6135145008563996,12.046502688503825,3338.070559918275
1321,349408,732.6736265737563,1.0,0.0,152,0.24933898448944092,0.6474406123161316,12.054418307729065,0.16222797334194183,,,,,,,,
1322,349560,738.812126621604,1.0,0.0,152,0.24032968282699585,0.6225206255912781,12.101645912276581,0.1627994030714035,,,,,,,,
1323,349719,732.8239465244114,1.0,0.0,159,0.24397015571594238,0.6129385828971863,12.072401914512739,0.1622656136751175,,,,,,,,
1324,349866,739.6130496785045,1.0,0.0,147,0.14989495277404785,0.6427391767501831,12.12884936016053,0.16396838426589966,,,,,,,,
1325,350011,731.1057832324877,1.0,0.0,145,0.20372197031974792,0.5123730301856995,11.99223964381963,0.16796629130840302,,,,,,,,
1326,350163,729.6316521987319,1.0,0.0,152,0.2427053600549698,0.6939296722412109,11.89700024202466,0.16912731528282166,,,,,,,,
1327,350316,735.5154168047011,1.0,0.0,153,0.24154804646968842,0.5658142566680908,12.077099570538849,0.16551002860069275,,,,,,,,
1328,350463,721.494098010473,1.0,0.0,147,0.24747642874717712,0.4453061819076538,11.866130449809134,0.1637619137763977,,,,,,,,
1329,350614,736.1880267895758,1.0,0.0,151,0.24032248556613922,0.524142324924469,11.947628028457984,0.15928910672664642,,,,,,,,
1330,350771,725.3356843665242,1.0,0.0,157,0.243178591132164,0.5325977802276611,11.91156063042581,0.15915273129940033,752.2860503502422,1.0,0.0,151.15,0.24520589113235475,0.5352695405483245,11.982418041455094,3338.070559918275
1331,350926,733.8852382153273,1.0,0.0,155,0.23929950594902039,0.5971872806549072,12.034286881797016,0.16276849806308746,,,,,,,,
1332,351082,731.6826667422429,1.0,0.0,156,0.2474549561738968,0.6098832488059998,11.987056968035176,0.1636139303445816,,,,,,,,
1333,351234,737.4533469164744,1.0,0.0,152,0.2479834258556366,0.509053111076355,12.034247054485604,0.1611921340227127,,,,,,,,
1334,351388,733.1161395292729,1.0,0.0,154,0.24689838290214539,0.5746244192123413,11.85146670602262,0.15990708768367767,,,,,,,,
1335,351542,732.9668675949797,1.0,0.0,154,0.23808643221855164,0.5038552284240723,11.969489687355235,0.1631481647491455,,,,,,,,
1336,351696,735.9790868535638,1.0,0.0,154,0.2471523880958557,0.5906069278717041,12.053525350056589,0.1653052568435669,,,,,,,,
1337,351846,737.6020012518857,1.0,0.0,150,0.24769346415996552,0.6327153444290161,12.028423797804862,0.16465608775615692,,,,,,,,
1338,351999,732.845812972635,1.0,0.0,153,0.19758115708827972,0.6000579595565796,11.941422293195501,0.1640152931213379,,,,,,,,
1339,352163,729.7372555877082,1.0,0.0,164,0.24805837869644165,0.5494078397750854,12.034095735289156,0.16423164308071136,,,,,,,,
1340,352319,731.0875352341682,1.0,0.0,156,0.24670499563217163,0.5549666881561279,11.854187397751957,0.16945064067840576,755.5668239537044,1.0,0.0,147.05,0.24218984246253966,0.5336192667484283,11.917675317358226,3338.070559918275
1341,352476,722.3742609471083,1.0,0.0,157,0.2477639764547348,0.42547404766082764,11.917276612715796,0.16958118975162506,,,,,,,,
1342,352627,734.3128065131605,1.0,0.0,151,0.2460763156414032,0.5637825727462769,11.92378881573677,0.16556242108345032,,,,,,,,
1343,352782,737.0088067613542,1.0,0.0,155,0.24494315683841705,0.5743563175201416,12.104522427776828,0.16381670534610748,,,,,,,,
1344,352946,729.2986403759569,1.0,0.0,164,0.2440362274646759,0.6499618291854858,12.11612535850145,0.1632470339536667,,,,,,,,
1345,353105,736.1375344786793,1.0,0.0,159,0.23994071781635284,0.5425233840942383,12.137309688841924,0.16235984861850739,,,,,,,,
1346,353264,730.9696254581213,1.0,0.0,159,0.24957026541233063,0.4947899580001831,12.056004277896136,0.16305050253868103,,,,,,,,
1347,353427,731.1106719719246,1.0,0.0,163,0.24748015403747559,0.525351881980896,12.127154330722988,0.16302438080310822,,,,,,,,
1348,353579,737.4209949299693,1.0,0.0,152,0.23909829556941986,0.5965532064437866,12.087008777773008,0.16387969255447388,,,,,,,,
1349,353733,731.0697715394199,1.0,0.0,154,0.24867898225784302,0.6316946744918823,11.989463230129331,0.16583789885044098,,,,,,,,
1350,353891,732.5977105535567,1.0,0.0,158,0.2460004836320877,0.5493766069412231,11.993580634472892,0.16861507296562195,752.4749466952286,1.0,0.0,154.55,0.24404975771903992,0.526458203792572,11.945939934789203,3338.070559918275
1351,354044,732.7069262117147,1.0,0.0,153,0.24908624589443207,0.626379132270813,11.958825652021915,0.16844946146011353,,,,,,,,
1352,354197,736.2020902968943,1.0,0.0,153,0.24682830274105072,0.6557303667068481,12.047990839928389,0.16594423353672028,,,,,,,,
1353,354354,729.3994848690927,1.0,0.0,157,0.24427849054336548,0.6136093139648438,11.906399137573317,0.16885903477668762,,,,,,,,
1354,354510,731.3540045544505,1.0,0.0,156,0.24921764433383942,0.4749802350997925,11.99280564696528,0.16624371707439423,,,,,,,,
1355,354672,726.8596497923136,1.0,0.0,162,0.24891802668571472,0.59977126121521,11.978460858110338,0.16711968183517456,,,,,,,,
1356,354822,736.9044913612306,1.0,0.0,150,0.23963704705238342,0.6795241832733154,12.105462055420503,0.16625192761421204,,,,,,,,
1357,354975,732.800408905372,1.0,0.0,153,0.2481677085161209,0.4869258403778076,11.931062976596877,0.1645202487707138,,,,,,,,
1358,355129,731.205476757139,1.0,0.0,154,0.247502401471138,0.5484564304351807,12.03984522051178,0.16232123970985413,,,,,,,,
1359,355287,730.2548646852374,1.0,0.0,158,0.2476329505443573,0.5371147394180298,11.974499956471846,0.1617591381072998,,,,,,,,
1360,355444,735.4671652689576,1.0,0.0,157,0.24797265231609344,0.6321970224380493,12.13995622470975,0.16099585592746735,738.4476297436282,1.0,0.0,167.45,0.24765115082263947,0.43903462290763856,11.927180758281612,3338.070559918275
1361,355601,727.9743205201812,1.0,0.0,157,0.24940836429595947,0.5200085639953613,11.836523251142353,0.16539575159549713,,,,,,,,
1362,355758,732.8633176237345,1.0,0.0,157,0.24005135893821716,0.598895788192749,11.940371264936402,0.16665923595428467,,,,,,,,
1363,355916,728.5092916339636,1.0,0.0,158,0.2417205423116684,0.5131707191467285,11.912767901550978,0.16423165798187256,,,,,,,,
1364,356079,731.0764146414585,1.0,0.0,163,0.24482843279838562,0.6871820688247681,12.104500866029412,0.166112020611763,,,,,,,,
1365,356241,731.278349224478,1.0,0.0,162,0.24653694033622742,0.6320586204528809,12.179889516439289,0.16367316246032715,,,,,,,,
1366,356397,734.0311886109412,1.0,0.0,156,0.249827578663826,0.5906896591186523,12.060246437089518,0.1614428460597992,,,,,,,,
1367,356551,733.4367516152561,1.0,0.0,154,0.24975204467773438,0.6556450128555298,12.005818800069392,0.16109074652194977,,,,,,,,
1368,356709,731.2178337648511,1.0,0.0,158,0.2447083294391632,0.572274923324585,11.978685790905729,0.15757130086421967,,,,,,,,
1369,356870,728.8580941410037,1.0,0.0,161,0.24814002215862274,0.598595380783081,12.05789592768997,0.1596750020980835,,,,,,,,
1370,357023,732.2244257219136,1.0,0.0,153,0.24823004007339478,0.6222742795944214,11.989269039593637,0.16048328578472137,754.0446736162412,1.0,0.0,151.3,0.2426393821835518,0.5647247612476349,11.959830162976868,3338.070559918275
1371,357182,734.6271937091369,1.0,0.0,159,0.2397974282503128,0.6601433753967285,12.096185770118609,0.15818524360656738,,,,,,,,
1372,357335,735.0847791358829,1.0,0.0,153,0.240207239985466,0.6149778366088867,12.048646181821823,0.1582726538181305,,,,,,,,
1373,357484,737.0835922481492,1.0,0.0,149,0.24528174102306366,0.5829393863677979,12.030266953865066,0.161065012216568,,,,,,,,
1374,357637,733.9251568319742,1.0,0.0,153,0.23046211898326874,0.6690223217010498,12.033876455621794,0.16004678606987,,,,,,,,
1375,357789,738.3139547314495,1.0,0.0,152,0.23942604660987854,0.6585123538970947,12.102026151726022,0.15756671130657196,,,,,,,,
1376,357940,735.7211256437004,1.0,0.0,151,0.2214403748512268,0.6241625547409058,12.075957529945299,0.15654900670051575,,,,,,,,
1377,358098,733.6403145822696,1.0,0.0,158,0.24397331476211548,0.5832175016403198,12.053060704143718,0.15613685548305511,,,,,,,,
1378,358258,733.2789984494448,1.0,0.0,160,0.24121931195259094,0.603837251663208,12.159424593439326,0.15667296946048737,,,,,,,,
1379,358411,733.11792064365,1.0,0.0,153,0.24725256860256195,0.6909390091896057,12.021598357707262,0.15394261479377747,,,,,,,,
1380,358565,732.5471654664725,1.0,0.0,154,0.19511131942272186,0.6947592496871948,12.091913634445518,0.15436017513275146,747.0307160786003,1.0,0.0,161.8,0.2468473233282566,0.6533863306045532,12.137049384834246,3338.070559918275
1381,358722,728.6968308240175,1.0,0.0,157,0.24035321176052094,0.616873025894165,11.977144289994612,0.1522790938615799,,,,,,,,
1382,358884,726.8315239958465,1.0,0.0,162,0.24680879712104797,0.7031237483024597,12.104241394205019,0.15393677353858948,,,,,,,,
1383,359048,728.8032412114553,1.0,0.0,164,0.24851123988628387,0.6028314828872681,12.044327661627904,0.15606561303138733,,,,,,,,
1384,359202,734.3590594232082,1.0,0.0,154,0.24340251088142395,0.5831156969070435,12.041932430816814,0.1539698988199234,,,,,,,,
1385,359360,733.172817511484,1.0,0.0,158,0.2465766966342926,0.598037600517273,12.06819995585829,0.1494736224412918,,,,,,,,
1386,359521,727.816279053688,1.0,0.0,161,0.23993182182312012,0.6437364816665649,12.005689518526196,0.15174606442451477,,,,,,,,
1387,359672,738.9210552037694,1.0,0.0,151,0.2179015874862671,0.5923694968223572,12.09275932633318,0.15371954441070557,,,,,,,,
1388,359829,733.3250325210392,1.0,0.0,157,0.24761104583740234,0.7082582712173462,12.137264023767784,0.15077364444732666,,,,,,,,
1389,359983,737.2871551141143,1.0,0.0,154,0.21038350462913513,0.6814320087432861,12.17860178812407,0.14956824481487274,,,,,,,,
1390,360141,732.1621716022491,1.0,0.0,158,0.23728224635124207,0.5775339603424072,12.040607215370983,0.14923273026943207,749.7666483238339,1.0,0.0,158.0,0.24216510578989983,0.6442168891429901,12.009333529614377,3338.070559918275
1391,360298,730.3617488108575,1.0,0.0,157,0.2446526139974594,0.6087578535079956,11.998636618256569,0.14823971688747406,,,,,,,,
1392,360452,735.4295530319214,1.0,0.0,154,0.23666931688785553,0.6696329116821289,12.0556113794446,0.14819784462451935,,,,,,,,
1393,360608,734.2388383597136,1.0,0.0,156,0.24574875831604004,0.6769553422927856,12.099230115301907,0.14845341444015503,,,,,,,,
1394,360761,730.5008564777672,1.0,0.0,153,0.24452778697013855,0.725391149520874,12.05329045187682,0.15207748115062714,,,,,,,,
1395,360927,723.7040911354125,1.0,0.0,166,0.2126544713973999,0.5460748672485352,11.989841307746246,0.1495378464460373,,,,,,,,
1396,361086,736.2598693696782,1.0,0.0,159,0.24246372282505035,0.6169731616973877,12.209922236856073,0.150203675031662,,,,,,,,
1397,361244,728.7628564471379,1.0,0.0,158,0.23923426866531372,0.6413657665252686,11.950145395472646,0.14502295851707458,,,,,,,,
1398,361400,730.3562106816098,1.0,0.0,156,0.24011056125164032,0.5742434859275818,11.927837318275124,0.14283643662929535,,,,,,,,
1399,361556,731.0272176936269,1.0,0.0,156,0.2443491518497467,0.6224133968353271,12.041604890720919,0.14176702499389648,,,,,,,,
1400,361712,729.2522285245359,1.0,0.0,156,0.24360500276088715,0.617350697517395,11.859570231288671,0.14139850437641144,747.0127443811391,1.0,0.0,164.6,0.2445300556719303,0.6722463071346283,12.08889067855198,3338.070559918275
